mode,src_idx,rn,rs,r_theta,Qs_MJ,sg_km,q_stag_kW,q_shldr_kW,n_max_g,t_final_s,captured,feasible
det,124,0.6487569870319158,0.0002022982549684,0.5826049192419682,128.75236853171145,7465.197898589053,231.8904784386877,370.097027376621,2.1919956353616747,1175.6503933652516,1.0,1.0
robust,51,0.4595438517718475,0.0053611405575982,0.3020703482844469,183.86652398517344,11320.794097029093,310.1352835463289,491.6614822835612,2.2700497198421217,1697.0069546377356,1.0,1.0
det,124,0.6487569870319158,0.0002022982549684,0.5826049192419682,128.75236853171145,7465.197898589053,231.8904784386877,370.097027376621,2.1919956353616747,1175.6503933652516,1.0,1.0
robust,51,0.4595438517718475,0.0053611405575982,0.3020703482844469,183.86652398517344,11320.794097029093,310.1352835463289,491.6614822835612,2.2700497198421217,1697.0069546377356,1.0,1.0
det,124,0.6487569870319158,0.0002022982549684,0.5826049192419682,128.75236853171145,7465.197898589053,231.8904784386877,370.097027376621,2.1919956353616747,1175.6503933652516,1.0,1.0
robust,51,0.4595438517718475,0.0053611405575982,0.3020703482844469,183.86652398517344,11320.794097029093,310.1352835463289,491.6614822835612,2.2700497198421217,1697.0069546377356,1.0,1.0
robust_m,143,0.5488146140618242,0.0014874561353536,0.6520569804853744,119.82721990646924,6513.571024200276,222.9546945701308,348.5760645851581,2.301657936396291,1038.5800596924864,1.0,1.0
det,124,0.6487569870319158,0.0002022982549684,0.5826049192419682,128.75236853171145,7465.197898589053,231.8904784386877,370.097027376621,2.1919956353616747,1175.6503933652516,1.0,1.0
robust,51,0.4595438517718475,0.0053611405575982,0.3020703482844469,183.86652398517344,11320.794097029093,310.1352835463289,491.6614822835612,2.2700497198421217,1697.0069546377356,1.0,1.0
robust_m,143,0.5488146140618242,0.0014874561353536,0.6520569804853744,119.82721990646924,6513.571024200276,222.95469457013078,348.5760645851581,2.301657936396291,1038.5800596924864,1.0,1.0
