src_idx,rn,rs,r_theta,neg_eta_V,E_Qs_s,neg_E_sg_s,sd_Qs_s,g_q_stag,g_q_shldr,g_n_max,g_pitch,g_nose,eta_V,g_pitch_stable,g_trim_on_nose,E_sg,sd_sg_plain,P_slow,P_cap,E_Qs,sd_Qs_plain,sd_Qs_infl,E_q_stag_max,sd_q_stag_max_plain,sd_q_stag_max_infl,Pexc_q_stag_max,E_q_shldr_max,sd_q_shldr_max_plain,sd_q_shldr_max_infl,Pexc_q_shldr_max,E_n_max,sd_n_max_plain,sd_n_max_infl,Pexc_n_max
0,0.4693588736726308,0.0002665683858207,0.1600052364827399,-0.892248740288453,21.83719034217023,-6.49768537646822,4.618130155923748,-0.2996470998531295,-0.1806143117329335,-0.5025000992156677,-0.4873208080550618,-0.0192515145107046,0.892248740288453,-0.4873208080550618,-0.0192515145107046,6392835.301752844,2875729.205751159,0.5019328700768002,0.9962145643788584,218181152.229772,45862632.451408885,46761296.58234763,364027.99226527824,61594.75464516827,64229.4907394435,0.002409254534001,606126.6282603134,101927.76909614872,107661.81299143472,0.0106650624886285,2.0989696304642207,0.2123899251375043,0.2258105454503669,0.0010213372265206
1,0.0665583734476787,0.9575275394613952,0.1854737706650809,-0.9335771632579464,26.969096342887426,-5.835945338784697,6.248847110994892,-0.063955659963506,-9.7249565635575e-06,-0.3934032590676281,-0.1970097864868935,-6.464485214864921,0.9335771632579464,-0.1970097864868935,-6.464485214864921,5720593.604960054,2356120.6205895403,0.4951453409753494,0.99491031349636,268954168.20535034,61520570.69935872,62766182.79311269,493865.1946370552,77657.30511604907,81734.15982851108,0.040506735864852,745677.7243315832,120363.81144389109,128284.11829745614,0.0631958398277192,2.615702886280685,0.2143973159481269,0.2375141975338624,0.0009178748216686
2,0.0005702329358176,0.9867811114355026,0.2309624458130429,-0.9342300572952204,26.67368166988472,-5.765069222363527,6.23083142235117,-0.0457966981105489,-8.379447595938108e-05,-0.3861955159007187,-0.4683075192868013,-11.164305271973811,0.9342300572952204,-0.4683075192868013,-11.164305271973811,5625043.61673224,2280657.018789601,0.4849871649600668,0.9953812066364284,266103830.30958897,61236753.46664879,62614889.67766068,504380.8324041385,78215.9922135225,82871.86876383203,0.0477371190118412,744580.8166530292,119993.10395112916,128633.53017686016,0.0635552475596346,2.647552644858844,0.2107715770897321,0.2393720643125496,0.0008024110528839
3,0.7178617488214267,8.335406012291435e-08,0.9999976680547336,-0.5386532992350287,8.251106041158623,-5.205766179225616,1.624391714029438,-0.5680146345321159,-0.5120611127029788,-0.4175063174172649,-0.4996554442916762,-0.0783138683229915,0.5386532992350287,-0.4996554442916762,-0.0783138683229915,5099019.601681572,3905005.2579020257,0.390513250331308,0.9998834342398828,82313843.07398081,15779886.264995707,16360116.60860352,220994.8448006749,39144.68461161928,41690.86734458866,7.504321135347193e-07,356953.8181584813,61642.81611811001,66807.31943565389,2.0043056536146e-06,2.2795859072424247,0.3081720929566428,0.3298096756848266,0.000352646898074
4,0.055836710119639,0.6354716861378867,0.1702047481749914,-0.93132511831981,26.665116585568818,-5.987261519524895,6.344133705226532,-0.0691556053616492,-0.0003140220815129,-0.4108436950034017,-0.4697844947540743,-6.8903416528023405,0.93132511831981,-0.4697844947540743,-6.8903416528023405,5862725.313943939,2456780.252606253,0.4895354790051435,0.9945952872490448,265976452.47154653,62839484.14583159,63879119.31015527,486208.2919674303,80187.2225481006,83596.02253463413,0.0379728165651744,741408.845186988,123556.69277834584,130433.42373372684,0.0655486353348482,2.545167225999816,0.2160381667142993,0.2337118521876575,0.001171475378065
5,0.0016658736691591,0.986027743442686,0.8884389759414847,-0.847245422067717,14.843997884210316,-4.206727004996502,3.3970982834767125,-0.2204354180104867,-0.2686698817263788,-0.2096105636103734,-0.4995949397307353,-21.65625462266304,0.847245422067717,-0.4995949397307353,-21.65625462266304,4116545.231341271,2310358.360433902,0.3856915134070981,0.9996061099415934,148217808.13014728,33320397.180041756,34195109.73999671,396871.8420964762,70699.29464590113,74371.8350293057,0.0003834921504735,530428.4827179204,94278.08464083856,100510.16450099832,0.0001326993002668,3.392136548971381,0.2400376286674354,0.2837055676682414,0.0021973264857739
6,0.0021416007075212,0.9919128682332938,0.8699671211221885,-0.850924409487497,14.96622470937643,-4.249610164932427,3.432388481310068,-0.2159541434433881,-0.2642527263236107,-0.2094736150101493,-0.4989718580473944,-21.666384320152066,0.850924409487497,-0.4989718580473944,-21.666384320152066,4152490.808329694,2353758.267135572,0.3887758776808139,0.9995765425410192,149442366.14570925,33657502.43065466,34541695.35058884,398675.5612609472,71434.05716947847,75071.60199637366,0.0004589717794733,532949.4777619684,95297.23228728597,101504.92024112634,0.0001554087053855,3.393927169410156,0.2402567601076701,0.2843831247277754,0.002306051645936
7,0.3464643434952941,0.8470696140231154,0.8704605475485556,-0.793577574497704,12.759827052873527,-4.732689088999614,2.859174127924957,-0.3902623168398642,-0.3718713867105648,-0.351479258560427,-0.4996735465559766,-6.15173191544935,0.793577574497704,-0.4996735465559766,-6.15173191544935,4582686.062290259,3059455.093886902,0.4070802645198867,0.9997064768378364,127267920.75564316,28224159.82488686,28719386.469207123,310677.0368558291,56847.986546289154,58748.59188079487,9.328537669146076e-06,455658.8171528389,83271.17140262706,87068.0613072572,1.4366157107220695e-05,2.6883257126006863,0.2737082250139984,0.2874985586796263,0.0010194197458612
8,0.4374444141343683,0.002250189618802,0.1887731406572242,-0.8872953440294243,20.70773529035179,-6.384127181178276,4.478449828375807,-0.306621750952767,-0.1932022867637073,-0.5078424990940237,-0.4964299691335033,-2.547057930900419,0.8872953440294243,-0.4964299691335033,-2.547057930900419,6256323.0181507785,2824939.267774356,0.495686636728263,0.9964773163857742,206885756.0891847,44437646.483100496,45281000.207656406,359876.7355573663,61300.65727188038,63875.06818270418,0.0021774886446904,595453.367633144,101085.77336909864,106690.72587782145,0.0090324741979704,2.0863658519947457,0.2084615740777065,0.2218582909376712,0.0008861274185011
9,0.4849167233739588,0.0557009634195082,0.8601244677038404,-0.6494436453912533,9.48547949323616,-5.289188786644294,2.024924759541048,-0.5049538303210811,-0.4653180831345591,-0.3682581921753721,-0.4997128917175969,-6.110412801499499,0.6494436453912533,-0.4997128917175969,-6.110412801499499,5124653.789419329,4394833.304279647,0.3989561150414596,0.9997380281700337,94564182.97007032,19945055.232093982,20366746.506959166,254052.1469396271,45416.386378220166,47171.70361862406,9.833765725275704e-07,391279.3163158173,69322.83698625721,72939.96542131017,2.7513958931251977e-06,2.500796974077445,0.3270317211595017,0.3396572404234711,0.0010325446784315
10,0.0046241755892916,0.9899216253376936,0.8361467230485959,-0.8561195591758438,15.1475178345711,-4.337467386068919,3.5036263703690187,-0.2102364695413434,-0.2580796108692153,-0.2093681404204077,-0.4995949397307353,-21.666384320152066,0.8561195591758438,-0.4995949397307353,-21.666384320152066,4226518.462555076,2451170.829873484,0.3942031540072347,0.999517594677367,151260244.37801212,34352903.6113357,35242338.39930916,401100.4040836223,72362.35936333239,75923.54173626527,0.0006056940020856,536772.8680418615,96616.09072144543,102767.98445885522,0.0002051836710419,3.3935075449243888,0.2426218906382371,0.2867007638016585,0.0026258463004605
11,0.0946942778681381,0.0848884505451856,0.1881607928874622,-0.915874638744601,23.02862916433101,-6.047810306318368,5.5856132804286975,-0.1429428896223208,-0.068621233224406,-0.4264464734510818,-0.4970923131948856,-16.692511299545643,0.915874638744601,-0.4970923131948856,-16.692511299545643,5885586.571362057,2550125.34900388,0.4768938354271578,0.9951257604903114,229863521.68655688,55380659.74303884,56296226.92654222,438264.9906070962,78420.03215798309,81607.81312928429,0.0150222085296979,677109.1624869106,121504.04606195942,128000.5396163573,0.0364278640483614,2.467378347047516,0.2179265235533722,0.2361948723561457,0.0012553252273186
12,0.0312862434317663,0.925212065652492,0.2227012574210517,-0.931522019844944,26.36030328444073,-5.799727496966251,6.173424754574187,-0.0657554932863641,-0.0120973207012007,-0.3997745808508779,-0.4664546281994504,-10.540398398818368,0.931522019844944,-0.4664546281994504,-10.540398398818368,5664433.644487747,2305806.687596147,0.4866986599424929,0.9953825377767525,262965384.32367197,60825257.70346335,62047733.09244336,492403.7598010777,77817.74059918946,81905.05822807743,0.0397793651602393,735178.4516489543,119582.76407771812,127436.44439724718,0.0584355020830198,2.592108866258818,0.2114612038407993,0.2351322290365238,0.0008500819359917
13,0.0536240222092862,0.9945371682962644,0.6708298232533882,-0.8745737610822459,16.078479426484204,-5.001018113977592,3.827420775137772,-0.2037394713460261,-0.2374173268495555,-0.2382363430318348,-0.4989721967494388,-19.02049498948492,0.8745737610822459,-0.4989721967494388,-19.02049498948492,4805143.927737297,3237088.048997141,0.4228734558295389,0.9991285632943164,160475343.51830202,37530197.43799267,38394031.35069681,403272.2060524448,74188.34416291687,77334.71661153212,0.0014175027064579,549800.8355558002,101058.71207614122,106764.4893614801,0.0007597621860476,3.2427002575808803,0.2626997051109738,0.2952824033897112,0.0031819750733129
14,0.4374444141343683,0.0024433237503961,0.2312361590142832,-0.8768432824183728,18.717368426967425,-6.11979974148913,4.150131682286399,-0.3283517475258971,-0.2242988659324363,-0.5015803986679962,-0.4993697361071639,-3.324576509891918,0.8768432824183728,-0.4993697361071639,-3.324576509891918,5972994.660239897,2804365.51117786,0.4893191172637791,0.9969735109795548,186999065.0763138,41128711.18588663,41887940.86471523,348184.09416947706,59628.778218556734,62103.77007592769,0.0016038475216758,569768.4141786942,98609.05542928255,103945.80788277084,0.0061246631664448,2.131136952511186,0.2025114170838058,0.2164794644818963,0.0007266005394196
15,0.4904918594016235,0.0394979614928078,0.2671275148003201,-0.8653317052592243,17.52031254926669,-5.973575328094211,3.8773637745227583,-0.3567285357228895,-0.2579027906476955,-0.5017196518831125,-0.4997128917175969,-2.1360324774836004,0.8653317052592243,-0.4997128917175969,-2.1360324774836004,5822130.398368029,2905945.874938008,0.4879956335503028,0.9974728630260228,175051526.4567041,38418790.84677459,39112769.29279359,334184.180277279,56828.6281220754,59135.110592335484,0.0010875457716493,544692.3184731653,94664.47738101686,99637.1018536834,0.0039956601631025,2.137704614547022,0.197920979372795,0.2114060737563797,0.0005710008821197
16,0.323564583258404,0.0775056954857902,0.1584197971369753,-0.9036233723721618,22.8485401027384,-6.406633291653103,5.166356364375256,-0.2429178591283871,-0.1343548644259179,-0.4855048819078657,-0.4891669161687618,-6.373899475336248,0.9036233723721618,-0.4891669161687618,-6.373899475336248,6285830.615874087,2762564.354929035,0.4950128604227791,0.9956310739376828,228154668.50898317,51328416.9668234,52182225.43487223,390294.2101272764,68284.34728056377,70896.79139732353,0.0047643260248422,637218.8819171267,109599.73734898772,115295.6424365016,0.0186536590925346,2.1719665093057583,0.2229807901059051,0.2357389190738342,0.0012735263185895
17,0.2372102644241115,0.0196246335514725,0.1359480557966987,-0.9120501551285426,24.03950651529757,-6.439861184742822,5.473654548321062,-0.1949306819716004,-0.090829948199355,-0.4627335273990676,-0.4863128920465461,-4.882468735989507,0.9120501551285426,-0.4863128920465461,-4.882468735989507,6312880.503806451,2754206.2862465554,0.4918312664234529,0.9948811107285626,240027945.1243564,54313271.65098951,55257196.01159286,412948.6094420909,73206.61068097886,76170.50930366889,0.0088740977895433,666044.3432061945,116214.22005934172,122499.32268447036,0.0298045963415734,2.25455273679426,0.2336537108599989,0.2480852969612839,0.0015484989897149
18,0.4947647415985131,0.0428150961818424,0.2053685557319966,-0.8816787037821804,20.036217001582084,-6.353237203183492,4.281368894600874,-0.3287038730865786,-0.2147352401242698,-0.5171738605862448,-0.4966277797507075,-1.1696758064952388,0.8816787037821804,-0.4966277797507075,-1.1696758064952388,6228104.480638298,2855866.320474213,0.4976000310558333,0.9968551298603848,200223280.24834168,42515593.79559766,43314981.86900267,350162.0098055364,58582.55024531347,61024.73014230205,0.0016020718258929,581761.8951178103,97384.8296168584,102752.429604618,0.0066777112245707,2.0533640507477253,0.201702377991467,0.2142406179301748,0.000707167012688
19,0.421948878156012,0.1696639046844869,0.2156044295326646,-0.8882639936586135,20.255813936010576,-6.214434082888477,4.564676799932496,-0.302717890829043,-0.1973166263103241,-0.5051547972933623,-0.4985806361030001,-2.344881531199827,0.8882639936586135,-0.4985806361030001,-2.344881531199827,6084595.172512624,2751492.069716722,0.4944849535567475,0.9967464009654982,202350938.29322767,45369210.69285907,46096768.2937379,362090.4852142234,61938.949487974256,64207.5211097973,0.0020233417648475,593339.9233416788,100712.6173591324,105763.34523713896,0.0082432250185114,2.111380028730075,0.2078319028473693,0.2190750002433902,0.0008248922762035
20,0.4604045879615782,0.9996985771415502,0.8916658468584775,-0.8011555014205524,12.942169617592858,-4.8258922672415085,2.892264396934608,-0.4089081613757397,-0.3809041245575167,-0.3776672298604172,-0.4982136538435472,-1.7518894568361494,0.8011555014205524,-0.4982136538435472,-1.7518894568361494,4663399.425498127,3037901.654606209,0.4144422983338663,0.9997605864290536,129095133.36636136,28482138.789352864,29039232.96267117,299924.7588520405,55534.41101486944,57608.47368557982,9.233455825746736e-06,447534.853368245,82497.11769504794,86607.8341056864,1.581064590505343e-05,2.5744795079661147,0.2621826438612354,0.2783981336953239,0.0007309933937529
21,0.4947647415985131,0.0002769892550509,0.2088213641930352,-0.8790488926213614,19.680278572484387,-6.335575991970306,4.183448872817806,-0.333951304602569,-0.2202184966461613,-0.517413139574996,-0.4966277797507075,-1.3781193598411026,0.8790488926213614,-0.4966277797507075,-1.3781193598411026,6205079.234319691,2862588.191473198,0.4961187436157238,0.9968950293274178,196667672.2856973,41498755.58939423,42315551.08270711,347255.6635634114,58111.05971548941,60625.67093839264,0.0015418782252363,576770.1603406953,97009.71416644855,102488.274574789,0.0063249189094481,2.0530653535823404,0.2002016023779349,0.2135450197168112,0.0006819823184763
22,0.6829599181462106,0.0800678587883736,0.9285086747282408,-0.6011947557374001,8.934325700950177,-5.413754100855343,1.827339538199761,-0.5533950691656988,-0.5009912402556628,-0.4160405002762603,-0.4996337709586586,-0.8279490853467284,0.6011947557374001,-0.4996337709586586,-0.8279490853467284,5256354.854704252,4336287.626169691,0.4013681619156946,0.9998385759396384,89070267.04749754,17988556.57223649,18385910.50880188,230451.98352450345,40217.72554599728,42085.06889077752,5.719710686610332e-07,367040.84628491546,63486.420077719966,67309.79954200797,1.8815489043806245e-06,2.2960590462143418,0.3129249662098549,0.3247933423243578,0.0004996393661064
23,0.510892563447653,0.0008350688268325,0.9999989207864436,-0.5632774325744797,8.423509845532982,-4.806993074937568,1.733085281332622,-0.5303772488546024,-0.4882018257828941,-0.3691068431454347,-0.4997128917175969,-5.619695161014423,0.5632774325744797,-0.4997128917175969,-5.619695161014423,4736489.90788019,3459534.0074476395,0.3772734281165228,0.9998544811246232,84035285.59498271,16879704.704661407,17438709.430932358,239785.79494443384,42739.33904589957,45305.15328035626,1.381381568135605e-06,373998.87675300025,64882.86577352593,69994.72202811134,2.7255591995639127e-06,2.4675777595366584,0.3316728715093965,0.3533791744568926,0.0006459604185406
24,0.2954322340306645,0.9586340730505368,0.8275726716293048,-0.8202947958825764,13.545585009253651,-4.753429432296684,3.096733580165475,-0.3526882023439642,-0.3422306069479777,-0.3372174753030451,-0.4996107551230084,-7.315721142377123,0.8202947958825764,-0.4996107551230084,-7.315721142377123,4591819.765321812,2991944.0842981865,0.4130801260789373,0.9996324062869124,135150085.41252026,30497359.29887,31079463.733515546,327802.7302556204,61226.7412471397,63328.58643015918,2.4892971252633863e-05,474630.4466937358,88264.2940542328,92419.57774992072,3.241788920917504e-05,2.776909031825944,0.2631582980767274,0.2810848629408612,0.0012854967755435
25,0.0237547167583931,0.013712683737199,0.2310429393132677,-0.914058090524102,21.451221936856925,-5.572935812115438,5.310574391855937,-0.1209336596393834,-0.0766546826809274,-0.3504136263049517,-0.4995889868262873,-20.73010142879722,0.914058090524102,-0.4995889868262873,-20.73010142879722,5399984.694862215,2451441.536594161,0.4647024995932654,0.9955206328913304,214115789.13111845,52486412.930253625,53494600.762657925,447086.6670390972,81101.0380072429,84770.78414363197,0.0177134790206806,664180.7411158835,123257.31997701284,130302.13893277138,0.0326853325088517,2.8032777937615867,0.2253958386564529,0.2526876283197549,0.0011692067344091
26,0.2420429324282438,0.0848884505451856,0.1765693928876542,-0.9046753530095224,22.468656510066456,-6.268736531108864,5.252310420360121,-0.2176792247454313,-0.1197382850858213,-0.4738995758431717,-0.4932002617840459,-6.96216399351068,0.9046753530095224,-0.4932002617840459,-6.96216399351068,6126911.957471147,2671831.341484064,0.487508659345783,0.995575584870864,224317435.7744347,52142825.36458416,52978438.20275145,401706.3822336278,71280.28980541773,73972.31325125524,0.0062885078697956,644680.2784285912,113050.54943477162,118836.87484043631,0.0217177221301454,2.2397156611536198,0.2195521578856518,0.2333652851089112,0.0012176384724815
27,0.0046637497874018,0.0028816887374529,0.1542658302848726,-0.9300442138979536,25.28749564615427,-6.228724547837692,6.047860515128652,-0.0678702407015036,-0.0022469095238093,-0.3977591614875044,-0.4902237046836974,-17.68398886775035,0.9300442138979536,-0.4902237046836974,-17.68398886775035,6060592.674868374,2618340.487704979,0.4746867758689468,0.9940475123604784,252450538.1178798,59776088.30118405,60995811.04730637,476440.3949679785,84153.58417257355,88377.89496432006,0.0352738030487687,724503.7296265464,129014.0126115456,137112.93681638304,0.0634352721842414,2.564289965580585,0.2275228408335429,0.2523263092833905,0.0015461597158152
28,0.6050741840137254,0.1920814203558585,0.7781726595621525,-0.6992551046275046,10.4891238371756,-5.7223156176493895,2.2108819856673807,-0.5073445309195191,-0.4589314518072668,-0.4140418151288864,-0.499640944384727,-1.88542489548684,0.6992551046275046,-0.499640944384727,-1.88542489548684,5465756.1207729485,4979156.504108949,0.4222078086092234,0.9996800828761624,104598984.237556,21800342.83988664,22225353.982122146,255031.645769576,44556.03923603628,46113.3570356754,7.994511864430822e-07,398885.2004407656,69368.71848911341,72721.23716572236,3.780523161220141e-06,2.3424209558215705,0.2987216219971016,0.3083586601920262,0.0009161600912877
29,0.0190353298399014,0.0006873702220052,0.1923249569507288,-0.9223045207571412,23.198051367347635,-5.927160710455705,5.671661328618146,-0.0998443124279449,-0.0422517575392273,-0.3872630112114194,-0.4970923131948856,-20.746631954461183,0.9223045207571412,-0.4970923131948856,-20.746631954461183,5753485.1343995705,2516667.647035504,0.4698603810205939,0.9948504313286376,231572002.63928372,56074662.53860802,57168301.049837925,458935.4613827004,82221.25993893508,86115.91082645289,0.0242690389287781,692413.6523406911,125777.95828305576,133293.33966705127,0.04593410069542,2.6355989556316017,0.2199262425497628,0.2455463617939347,0.0012959092605434
30,0.6949193969384673,2.132491978799889e-07,0.9903573854796156,-0.546200527877817,8.288856570573607,-5.200316613981394,1.646233733998317,-0.5643094850941689,-0.5098875842005585,-0.4125514109322926,-0.4996679820182366,-0.6872292337945786,0.546200527877817,-0.4996679820182366,-0.6872292337945786,5091853.595097782,3936759.7414313215,0.3905680516000361,0.9998758027254224,82681007.68074426,16054355.6373064,16577533.288141096,222930.0777213373,39595.54137471716,42009.44969003931,7.352408789814819e-07,358485.87986385066,62231.64581450478,67115.80530345147,1.9757447957504805e-06,2.2997946077975286,0.3129009567056071,0.3321234421708345,0.0003871063399925
31,0.5607426500135096,0.0552797064336264,0.8640181318292461,-0.6386569330053031,9.349709720148986,-5.429407585452213,1.9630888635931107,-0.5234797233822595,-0.4780822074242044,-0.3894819631280938,-0.4996696868437071,-3.9677160973439816,0.6386569330053031,-0.4996696868437071,-3.9677160973439816,5249672.79174029,4553244.945640247,0.4031202269917022,0.9997620245612968,93202457.55117927,19316662.211998623,19737353.12050836,245081.36050494728,43517.96075047781,45244.945272425255,7.009038622069908e-07,382636.45593545865,67398.69655512116,70985.67606770247,2.3279126337665497e-06,2.412500571139644,0.3196570960330718,0.3317537986646481,0.0008098747130472
32,0.0718816130146945,0.043308382602363,0.7216056180957571,-0.7782267644175697,12.395658403756984,-4.9357428296528,2.8174894800563464,-0.3099900218751553,-0.3263761293628007,-0.2132581310243053,-0.4997870565920409,-23.91153099749649,0.7782267644175697,-0.4997870565920409,-23.91153099749649,4775703.831377867,4153778.793868648,0.3941662665797785,0.999303454819646,123693950.9154069,27815985.2652737,28398862.66441944,354677.7434397856,61932.37250337417,64538.3078838204,8.47643933767275e-05,492898.5682194363,85998.51597826763,90891.93261781274,6.227357747064084e-05,3.3041724245563997,0.2979543794632835,0.323833020081555,0.0059309204912859
33,0.0267488280556685,0.040125096028972,0.1639443033733314,-0.9262762293183486,24.758967311019628,-6.175057921906618,5.951302032410637,-0.0868423398384403,-0.0188109524720821,-0.4071217320682092,-0.4940808817528501,-17.66343702486323,0.9262762293183486,-0.4940808817528501,-17.66343702486323,6009168.155972901,2591056.4485571,0.4754068589123245,0.9943566856639052,247154337.6741705,58905931.81528652,60014136.74143147,467015.41468717565,82719.61256481505,86579.6341277013,0.0289472666169062,713101.2976905297,127119.88225207852,134667.1062572785,0.0561292885288631,2.5343996876570154,0.2239972514870124,0.2462461684750359,0.0014476304287099
34,0.5605194629436165,0.0010149231603569,0.677196071917519,-0.7131010927517817,10.812810730789415,-6.034646145094091,2.3120133850208444,-0.494777505079109,-0.4442716923586178,-0.4122705706860059,-0.4996696868437071,-4.0294435922563725,0.7131010927517817,-0.4996696868437071,-4.0294435922563725,5745521.105100659,5690113.609679619,0.4304076249409401,0.9995016911625736,107849235.04498915,22784293.538988616,23256378.2924571,260467.2959358321,46163.11698278972,47899.98917109072,7.351752854882433e-06,408194.0968005908,71782.729310475,75497.50903333664,2.25398642987616e-05,2.368077506242001,0.2910731136616644,0.30334144865114,0.0010660087397413
35,0.044632625397213,0.0903067216899041,0.1927706571297192,-0.9195977779145432,23.355453553202807,-5.958097172740886,5.714338624743104,-0.1120297982457122,-0.0485901355337982,-0.4035546561068686,-0.4970923131948856,-18.84867582248008,0.9195977779145432,-0.4970923131948856,-18.84867582248008,5791114.029048992,2510418.1207100805,0.4733223865536635,0.9949749519443474,233121583.12174365,56617349.77645175,57594099.95470814,454021.9947803673,80962.12836193548,84439.82532359476,0.0214791084822177,690526.191113808,124328.57484506111,131225.6596973076,0.0438686897567885,2.5714002371451588,0.2184206259540811,0.2394059741133473,0.0012603257796464
36,0.0003675500147224,0.9285997293764096,0.7877710023534432,-0.8602204704709338,15.319201488590284,-4.467484791478661,3.5839930425515525,-0.2025363371538567,-0.2509768334222084,-0.2020112416864305,-0.4996107551230084,-22.46972849442447,0.8602204704709338,-0.4996107551230084,-22.46972849442447,4336705.309974964,2653660.3731587785,0.4000570895266082,0.9994148686240526,152972024.22061932,35171783.062870435,36035962.43242231,405458.5131003031,73105.95516008142,76496.72225078984,0.0008133842955221,542472.9029132631,97602.10926938376,103551.45781369564,0.0002806272618213,3.4208850375313933,0.2515868549034097,0.2929633028976209,0.0035407710585561
37,0.4578837221931711,0.1176576369832757,0.7426675978988809,-0.7152373903753869,10.728479443821032,-5.615379241899476,2.3358277040486386,-0.4721076077297442,-0.4335404025435085,-0.3748615894312245,-0.4997128917175969,-6.561583052758243,0.7152373903753869,-0.4997128917175969,-6.561583052758243,5374332.422240219,5008031.473355314,0.4168362434898222,0.9995704896170334,106993869.29531184,23060542.69459507,23497367.915988293,271354.79327344324,48570.855437330414,50213.20839161434,2.1339916128906283e-06,414959.284786253,73774.8656183555,77248.71473075524,7.00898128312575e-06,2.509104142522338,0.3121411397188475,0.3232501437659962,0.0014070275057788
38,0.4263470894985525,0.9805296587405394,0.4479806267115057,-0.8808903222002322,17.590116420599315,-5.843001372018103,4.164843433060067,-0.3169255486719096,-0.2670095576766559,-0.4241819146268118,-0.4994167543956647,-0.2914319170273958,0.8808903222002322,-0.4994167543956647,-0.2914319170273958,5618422.049625386,3331267.575589538,0.4782118774454988,0.998607220916584,175649310.6962375,41284544.43058136,41975140.47160711,350568.10846186697,62706.71253412056,64918.295034298375,0.0006800368127747,534451.9041566143,95776.98607904468,100465.35436241412,0.0016877383799004,2.4175327373902573,0.231452293901744,0.2463464799440923,0.0005546369249848
39,0.2398037137956361,0.0739732565334144,0.3346603747253585,-0.8696966871836675,16.997784128599488,-5.378880675795056,4.018783259671583,-0.2840627731698174,-0.2345001979140525,-0.3792498425907508,-0.4997870565920409,-12.062707308706877,0.8696966871836675,-0.4997870565920409,-12.062707308706877,5202009.997862097,3053374.3952168315,0.4636561404827071,0.9974786842015144,169632523.82682428,39802320.9014102,40435770.79102104,362864.2425230573,67822.42120310226,70146.48279275921,0.0016977041712521,547523.3882462211,105254.59778910554,110001.9995859846,0.004508101379013,2.655518730361432,0.239308313621834,0.2561968374782331,0.0009738495014921
40,0.0904338978942638,0.0009613360155124,0.1698595344635139,-0.9169863349951616,23.599493547141524,-6.189518354745525,5.634306938368703,-0.1357724855268068,-0.0572476105235244,-0.42934499494177,-0.4965933313282432,-15.586016584388576,0.9169863349951616,-0.4965933313282432,-15.586016584388576,6025856.61999489,2610405.5742804767,0.4774855466018721,0.9947885595108076,235588443.46768856,55793072.79266319,56807489.0196834,441244.9155222182,79044.04537844798,82511.63793368454,0.0165355844925055,684742.6273155727,122747.33648044428,129734.25574529744,0.0402548496842511,2.4375384741383863,0.2218917979885128,0.2417237352767114,0.0013753385819191
41,0.2400676170037856,0.867529924591721,0.3095337888636199,-0.9061459905090448,21.061979889623533,-5.727152047257966,4.954666592196969,-0.2219983631786218,-0.1613733449465818,-0.4399453002058083,-0.4995991334402901,-5.668266290283681,0.9061459905090448,-0.4995991334402901,-5.668266290283681,5575717.453800366,2506126.920810247,0.4850674033576165,0.9972188906086196,210241724.66090068,49111447.491418935,49881136.272141576,404250.8748418587,69123.15701927163,71618.39912370006,0.0036761185554583,618620.3891136555,106014.0951479448,111314.24550068835,0.0119562606227735,2.402495373952589,0.2150962962101763,0.2288930461024562,0.0007356570823736
42,0.0014970230598068,0.0738601926958245,0.3515018956490692,-0.8974964386024049,18.997462905763104,-5.043424458569275,4.6532324683390645,-0.1429556651210795,-0.1474238892741706,-0.2671910333579781,-0.4997870565920409,-25.211313144983567,0.8974964386024049,-0.4997870565920409,-25.211313144983567,4869260.0786149865,2884935.4386306773,0.4468683622219116,0.9970156400633762,189515231.7456095,45997523.29531504,46836958.94737734,433903.7640419249,80263.58316649465,83627.20366181972,0.0088924957803898,609470.6708460173,116045.2166824586,122290.38065837415,0.0109713936641046,3.175864992634564,0.237122798685161,0.270129441597252,0.0018276679799694
43,0.435823794555704,0.0003260963280414,0.1760181409950121,-0.8903370269050305,21.29947685953204,-6.438361020403677,4.582322459676739,-0.2990822495450688,-0.1837579051236908,-0.5054793701168693,-0.4887893131631748,-2.060654407758871,0.8903370269050305,-0.4887893131631748,-2.060654407758871,6317559.967452051,2836952.3195059947,0.4974649972268226,0.996308360799203,212791534.71927416,45480483.52650851,46349357.90717846,363671.639711934,61999.1726186574,64608.63065481817,0.0024129676643563,602699.687091119,102117.15344779588,107798.36700954288,0.0102200973889952,2.091066304943689,0.211234669709005,0.2246384332239567,0.0009651812499815
44,0.2339296571078112,0.0305437462322344,0.7132698879561002,-0.7453295742968409,11.424057958988705,-5.308603958039753,2.5679204879671103,-0.3933529541147358,-0.3790928775401155,-0.2956468047202691,-0.4997870565920409,-15.736301791001768,0.7453295742968409,-0.4997870565920409,-15.736301791001768,5107141.811831527,4714776.186578151,0.4053957209202378,0.9993917207013778,113947749.49611393,25364296.727693763,25854265.06638056,310739.0210093741,55719.72730001122,57752.99570752724,1.957282028982051e-05,453172.0745837337,80819.41586770875,84892.44928910119,2.7496823518280572e-05,2.8893741014319603,0.3125828893963717,0.3291553497290631,0.0028134756044641
45,0.5415286548511068,0.0017612781723889,0.976408127177579,-0.5718208365385192,8.46121574238404,-4.955110517569868,1.7443601990969435,-0.5355083111041263,-0.4913658708102996,-0.3748606409886215,-0.4997199203318132,-4.295844581048296,0.5718208365385192,-0.4997199203318132,-4.295844581048296,4866490.734197749,3710252.0060210936,0.3830056575542975,0.9998451798292616,84390895.87056461,17089206.173139695,17553743.574343983,237294.88626991445,42512.76600606502,44790.01307152916,1.0619915659566968e-06,371486.4716930648,65169.92870345134,69717.49991509743,2.364293792354329e-06,2.4458043912613467,0.3340438834960357,0.3509747663855515,0.0006424090821553
46,0.2377004820290938,0.0310574417376734,0.1433978641871542,-0.9108441749701736,23.80657614877721,-6.4206768244867085,5.441085489769368,-0.1991820608656524,-0.0959028282480574,-0.4665055699412905,-0.494911135698646,-7.961093850978257,0.9108441749701736,-0.494911135698646,-7.961093850978257,6290591.417773705,2741346.5038304105,0.4910013085401143,0.9950138541518052,237693848.0748464,53997698.92141586,54922806.472465694,410872.5885486885,72839.8854937632,75748.71817129423,0.0083612487761816,662408.8660778231,115615.62195529472,121804.968030033,0.02827902936693,2.244610034905316,0.2306232984124202,0.2449013349681064,0.0014816364514045
47,0.0308569143542536,0.8641340231913403,0.7883213136512914,-0.8496128785556186,14.87580864699729,-4.503184764956579,3.468377527140207,-0.2278176128898406,-0.2669292200145037,-0.2187912512292556,-0.4995991334402901,-21.380008673476244,0.8496128785556186,-0.4995991334402901,-21.380008673476244,4368754.219525362,2762387.5620428887,0.4003884195067259,0.9994347071784948,148522260.24114457,34126653.769836485,34875225.58294886,393241.2570630985,70861.56462629983,73847.75800550541,0.0003873075678762,531667.7545441774,95684.67181169562,101067.53896931684,0.0001758429173427,3.34401125055478,0.2571102811640522,0.2904537755310518,0.0033489056070585
48,0.4643420728933793,0.9678077477051626,0.8628830931151232,-0.8027085493184598,13.019574908258225,-4.901894413535108,2.924101295532689,-0.4086008642068447,-0.3795859789544863,-0.3807147675433351,-0.4994752194210976,-1.9044790481120453,0.8027085493184598,-0.4994752194210976,-1.9044790481120453,4726818.637238892,3159069.661304801,0.4183540959978636,0.9997326973444268,129866304.15903082,28811018.229034167,29354652.6841669,299972.3889850956,55815.83843250124,57762.934097140256,7.803781589125861e-06,448269.3212189274,83093.39145788173,87011.56472493573,1.5281442706761066e-05,2.5664084775389084,0.2610000927743146,0.2761201914133681,0.0008093490393644
49,0.0277979334703092,0.9859030234899748,0.2873488024988105,-0.9263948595700778,24.13798407740793,-5.63404153496611,5.774808835820687,-0.0901696120354273,-0.0558809482159226,-0.3808216894662218,-0.4995949397307353,-14.0514223413629,0.9263948595700778,-0.4995949397307353,-14.0514223413629,5478878.868854801,2313705.993485934,0.4782148153616558,0.9963092402319482,240876371.75666663,56958940.76738879,58083070.67021504,477477.9694453051,76892.84832836191,80935.47739983267,0.0298265311913373,698906.0086918953,115978.50812745508,123613.21581511197,0.0406728748296458,2.678884570795606,0.2097087849485056,0.2357021703680397,0.0007727548354597
50,0.5859860079100015,0.2073592487104775,0.7781726595621525,-0.7036334729470618,10.563349616956026,-5.679176248596272,2.23759031195647,-0.5020163967742601,-0.4550716210813741,-0.4091736883936427,-0.499640944384727,-2.3724599730552614,0.7036334729470618,-0.499640944384727,-2.3724599730552614,5427116.586728968,4915972.947251732,0.4213817934964479,0.9996735137708948,105336755.68490615,22069580.102881923,22492648.595891293,257566.7881345961,45146.29818054661,46695.04462942384,8.182084046459274e-07,401399.5350893524,70037.81734884926,73368.81846924573,3.8241859000564935e-06,2.363472234822898,0.3003333802696858,0.309910835880398,0.0009671979709763
51,0.4595438517718475,0.0053611405575982,0.3020703482844469,-0.8565586681927131,16.43322816322661,-5.751253179783108,3.698612295330279,-0.3637060245715956,-0.2774389585637091,-0.4710882418368388,-0.4997128917175969,-2.889522734235648,0.8565586681927131,-0.4997128917175969,-2.889522734235648,5585622.920743613,3054697.930324605,0.4801525911629801,0.9977076500042352,164145955.57486317,36594687.403051175,37257888.830190144,328097.54891791235,57396.241952084565,59676.827220649735,0.0009545733597265,525012.5113407932,94884.7420883594,99696.82817072108,0.0031793454055272,2.263406761950652,0.2086887065553675,0.2235989692403321,0.000616412698062
52,0.3207215131965943,0.0431376640028476,0.9531845451049656,-0.6275043482649075,9.193570931802668,-4.603635626420858,1.989555777684812,-0.4718406917223894,-0.4487326347420116,-0.3095713845879972,-0.4997870565920409,-11.712259275014423,0.6275043482649075,-0.4997870565920409,-11.712259275014423,4536667.897418723,3328463.5256661377,0.3734779859256926,0.9997848300173704,91720956.00353864,19587169.01643933,20033016.58950584,271257.6601471559,47512.03768043353,49835.67218412523,3.3051063737268284e-06,404432.4950230797,69705.51082699886,74201.96455456346,4.553640249614816e-06,2.7219358798783686,0.3530703759013037,0.3697716190873585,0.0020309234018274
53,0.0095975443550303,0.975334511823577,0.8899910521132546,-0.8445369168951176,14.740857171870818,-4.211965939125415,3.3711029596959627,-0.2266685188660089,-0.2725462020385816,-0.214480830232647,-0.4996107551230084,-21.75490910727432,0.8445369168951176,-0.4996107551230084,-21.75490910727432,4121536.0304383,2324362.555040947,0.3857003770154299,0.9996118099548914,147182348.73173913,33088631.704042677,33933285.92847624,393860.1379802967,70144.54122632237,73713.62160285554,0.0003227923221313,527792.051967194,93811.43555291426,99904.43401441148,0.0001197383865981,3.3704311073801536,0.2410600880460996,0.2825327324339262,0.0021489949285151
54,0.3360676312491433,0.2084274927088168,0.8376706308246504,-0.7080745872857638,10.60048498442421,-5.008808980212906,2.35319651413691,-0.4445939451373972,-0.4206593339507128,-0.3301870009861042,-0.4997870565920409,-10.270166343643536,0.7080745872857638,-0.4997870565920409,-10.270166343643536,4855646.898942753,3969853.4999691807,0.3966257301362061,0.999664185040418,105707817.05351517,23272271.201047976,23689467.54760181,285308.20006824064,50773.11523892712,52514.0689783862,2.537856016335026e-06,424109.96460285,75072.17164112406,78621.26109608685,4.995563846930681e-06,2.698577484267683,0.3225023999686535,0.334844158534832,0.0016572845393573
55,0.3823725824156432,0.0312224101980655,0.2207791470275276,-0.8841467626862182,19.407376471836464,-6.123343876121322,4.398444727894037,-0.3029940435005665,-0.2012935229410919,-0.4929210127637518,-0.4990258246448182,-4.483860179238794,0.8841467626862182,-0.4990258246448182,-4.483860179238794,5976430.212333684,2743365.693328328,0.4881925550878933,0.9966875176605248,193855197.01224837,43616457.96926528,44374920.86680697,360047.4439353892,62578.7705509421,65057.05803510868,0.0021347757871339,585702.8468895145,102163.57449393372,107519.57302563835,0.0081422774208659,2.1683507110473768,0.2073393425773089,0.2210722685571888,0.0008522010190712
56,0.3654116002320959,0.1139583177232944,0.869441298670257,-0.6733582454840236,9.917465290672132,-4.989201693995345,2.1729978618499346,-0.4678200373226187,-0.4400048347715971,-0.3325330918604473,-0.4997870565920409,-9.673063753366415,0.6733582454840236,-0.4997870565920409,-9.673063753366415,4856044.740722966,3957099.059422487,0.3912848084874757,0.999713287332176,98891810.37993333,21463415.469516,21877085.69313461,273108.9073107336,48646.77078504652,50468.97418439399,2.034546091343333e-06,409779.6402897908,72412.16391180769,76094.42098653779,3.9453696766436325e-06,2.658471898430886,0.3347669000344894,0.3478981314104693,0.0015639697583787
57,0.442439953406796,0.1162882082445954,0.2620325906133076,-0.8739082870001329,18.09077606864232,-5.948314658557987,4.0876698083163285,-0.3347603730108918,-0.2391717983157658,-0.4927392044316441,-0.4994686714748705,-2.91233943278653,0.8739082870001329,-0.4994686714748705,-2.91233943278653,5799087.112157423,2818044.2580717835,0.4875701332922667,0.9973015919472372,180727169.53615263,40548784.05459412,41221099.74774853,344666.14551166224,59420.53851354781,61641.39865212234,0.0013320548368272,558065.0211992163,97554.07115169466,102387.35261431684,0.0049482517525302,2.176202652384844,0.2039755035195266,0.2164080578012331,0.0006827147992491
58,0.0718816130146945,0.0138249298722784,0.7216056180957571,-0.7748678764155715,12.30675554654631,-4.939878622342987,2.796050285843171,-0.3124324596991573,-0.3283699483560241,-0.2124543676428661,-0.4997870565920409,-24.24395840523693,0.7748678764155715,-0.4997870565920409,-24.24395840523693,4781090.498002631,4179260.024275151,0.3934725188413167,0.9993036584770764,122810010.90084976,27592041.663604293,28186442.95395852,353389.1023254453,61666.28858919079,64326.240458814194,8.41064571367821e-05,491436.36190526665,85641.48035308557,90623.99861505492,6.1713752900065e-05,3.3056370607505587,0.2979242291945066,0.3248874714386126,0.0059807133059921
59,0.6748817068151415,0.0196246335514725,0.8678399342885565,-0.616800850339307,9.090606761896948,-5.660124322446495,1.8553117080660697,-0.5488823071363613,-0.4957981866126791,-0.4177574467357693,-0.4996337709586586,-1.0907743294205976,0.616800850339307,-0.4996337709586586,-1.0907743294205976,5457402.4735090295,4831077.207363604,0.4088553163669153,0.9997925166350052,90619814.9830076,18219158.40166157,18651868.152422886,232829.83566135252,40818.37694757799,42586.69814206288,5.230224507116305e-07,370819.6090265781,64503.50109688776,68193.20411772812,2.0428128794097814e-06,2.2955581852183484,0.3087236668957508,0.3209077250436881,0.0005885279854217
60,0.5086637892962516,0.9292822333425786,0.911627167686585,-0.7844898410461191,12.537267529630528,-4.86602294472796,2.772633032733436,-0.4325159168736986,-0.3996940411976714,-0.3884728112793637,-0.4994752194210976,-0.7223386907775,0.7844898410461191,-0.4994752194210976,-0.7223386907775,4704053.2673147125,3129408.526248233,0.4127583891570215,0.9997901481343616,125039061.72664568,27331505.683612984,27847843.839495983,289571.5043091818,52529.06669489055,54531.3333895471,5.859624400632345e-06,436289.2382415772,78845.64624813029,82840.62569273807,1.1095040584496231e-05,2.5101224709138465,0.2680256429855095,0.2827081041554953,0.0006637074236759
61,0.0946942778681381,0.9582160270132908,0.8036977917771577,-0.8453805734963474,14.625684528760454,-4.546482849661455,3.4066600372410925,-0.2590429155800351,-0.2841146514238564,-0.2572655735224066,-0.4996107551230084,-16.33351458546618,0.8453805734963474,-0.4996107551230084,-16.33351458546618,4407402.094719224,2730861.7932893154,0.4042108529955996,0.9995015096205592,146009021.7625005,33496523.02693329,34226843.54115128,375948.5822831284,68896.55987923517,71697.74333547948,0.0002061725611662,517466.37303818105,94536.26798511967,99702.46558472893,0.0001265738614345,3.16669515353345,0.2543425381403829,0.2843570939750784,0.0022660143282224
62,0.2372102644241115,0.0207468495355008,0.1667276874697525,-0.9063104057647868,22.70588855177454,-6.330438690435258,5.246128404382499,-0.2142739457835476,-0.1144892254703564,-0.472396075442286,-0.4899711317659747,-7.938220010492286,0.9063104057647868,-0.4899711317659747,-7.938220010492286,6187168.154531756,2699930.118301092,0.4872488403737818,0.9954022345885104,226700409.1817784,52037846.28463516,52927246.57867131,402895.0132667924,71654.76130900955,74505.74110767763,0.0067011312547598,647568.3222338896,113875.07508121069,119940.41033595437,0.023091833635612,2.2372349579310296,0.221926301465878,0.2367606933798937,0.0012898800013594
63,0.0308569143542536,0.933415698063314,0.7036502959517787,-0.8695548500658384,15.74058364833416,-4.82483540021827,3.713150791968081,-0.2025493568706771,-0.2422654405461189,-0.220178813572379,-0.4996107551230084,-21.008340828447924,0.8695548500658384,-0.4996107551230084,-21.008340828447924,4648133.04847621,3098056.228827482,0.41506995482372,0.9992142767714444,157114410.8942301,36415160.08665886,37263197.60383321,404833.9224883559,73790.4640246615,76930.77145180084,0.0011686488754979,547735.1567632601,99713.84373243812,105373.324290118,0.0005331628061008,3.324752850054642,0.2644375497590072,0.2986271603295233,0.0037973571643395
64,0.4610963268498348,0.8579341464592705,0.9671575561857904,-0.7638291117718348,12.028825252520193,-4.696715191247407,2.6346526402143464,-0.4392724222467142,-0.4103576820381686,-0.3772815122984488,-0.499459553237347,-2.248359840014222,0.7638291117718348,-0.499459553237347,-2.248359840014222,4566701.901400579,2927467.6123784445,0.3995292792898691,0.9998233554564226,119971468.50841647,25949050.40404902,26467073.39606128,288540.846629585,50302.68465616275,52559.64997732246,6.705540750762522e-06,432516.5637239831,74801.06724479175,79235.13674108447,1.0457273785910662e-05,2.5341165681287605,0.2805058255675022,0.2968882814218154,0.0006636911234304
65,0.2988965292118366,0.0315923068975897,0.8674123981266588,-0.6688130852365585,9.856906448848582,-4.885211528102254,2.183437960379536,-0.4510903737740877,-0.4301312442862049,-0.3045527521199432,-0.4997870565920409,-13.026283883967698,0.6688130852365585,-0.4997870565920409,-13.026283883967698,4769816.956952019,3885032.941716215,0.3854101267132573,0.999690142425878,98315009.08085036,21565372.091317438,22002661.13083642,281303.23471702484,50133.45333546528,52144.96933164259,3.5195678244952685e-06,416657.09709956433,73506.17416894184,77485.84790970178,5.2860804716159125e-06,2.7755675207100605,0.3420919427999953,0.3577451113452164,0.0023714991604904
66,0.4610963268498348,0.873763521762007,0.9671575561857904,-0.7663326591626258,12.081873186314263,-4.694710934980719,2.64738374040901,-0.4374089281647754,-0.4087033809872009,-0.3770700028039484,-0.499459553237347,-2.2387097803474987,0.7663326591626258,-0.499459553237347,-2.2387097803474987,4564128.1354076695,2915261.9016273897,0.3998994562836029,0.9998233267681454,120502608.25871465,26069482.00784354,26594055.66755696,289328.94558123656,50534.2841280968,52814.84004284299,7.056088772984777e-06,433506.9402268731,75088.53779212154,79562.35250660959,1.08875948951107e-05,2.537149148065048,0.2791863631955701,0.2958735117299186,0.0006611404251191
67,0.3142164375289322,0.0161920377225778,0.7131764682524989,-0.7302778606204824,11.045286497868828,-5.477575032812236,2.4598256748872678,-0.4274091141441872,-0.4019654195362334,-0.3277829640784352,-0.4997870565920409,-12.130178918725772,0.7302778606204824,-0.4997870565920409,-12.130178918725772,5257558.555927646,4959291.740736588,0.4100997030838117,0.9994402905462828,110159565.82927148,24284299.8880265,24758754.509572998,293142.76337615406,52892.9858374063,54790.54829210301,1.0240953618006787e-05,436414.8666059391,78163.8097439194,82043.82956311919,1.918460519340248e-05,2.7298344750492314,0.3149787858034324,0.3297360079649929,0.0020776340166944
68,0.0379004003226553,0.9815929543721108,0.4547983898190226,-0.9062476774184864,19.425455675583947,-5.466654710613836,4.863402886611034,-0.1435775586761823,-0.1565877753336181,-0.2807216686981376,-0.4995673833930999,-17.999611479681626,0.9062476774184864,-0.4995673833930999,-17.999611479681626,5245042.431688047,3136225.999403458,0.4539295565732283,0.9980047036651444,193896140.96276373,48084569.23385255,48993238.29560108,438476.6146485236,77823.27768351062,81273.39167252011,0.0093691608818172,611686.5943837173,110196.21260991428,116585.74749144143,0.0086061739181297,3.084822441238051,0.230985356202678,0.26338863752462,0.0012848574619156
69,0.0190353298399014,0.0424692855209172,0.1749178967956186,-0.9257689165380536,24.30780943608333,-6.083319380018172,5.890399269172492,-0.0875277388825814,-0.0241239650117678,-0.4004394394524809,-0.4962641159771784,-20.392029240226474,0.9257689165380536,-0.4962641159771784,-20.392029240226474,5914356.208859571,2555748.844024043,0.4733681402368455,0.9945279350892108,242646122.3716096,58294441.69493839,59391440.49062335,466427.384450134,82785.34862646194,86651.54292770539,0.0285574362861802,708287.9489748653,126909.06798712192,134429.01355748667,0.0538673069580215,2.571785506915706,0.2214252996053751,0.2446586525700476,0.0013796410708466
70,0.2788541572156401,0.0133604712022406,0.2594001195345347,-0.882183831844533,18.189505408958325,-5.695685801454828,4.304050537798812,-0.2803334271385711,-0.2016267931236508,-0.434922287687613,-0.4996058976557775,-9.74023884927716,0.882183831844533,-0.4996058976557775,-9.74023884927716,5531486.924403746,2685673.4524150994,0.4757978874888721,0.9968162039197525,181618236.49168363,42612400.99970076,43336227.72390643,367691.3035861879,66554.14440472993,69090.7533017949,0.0024200373930064,576822.9098336302,106468.27548263808,111759.57093406572,0.0078807769672155,2.433392654648604,0.2160799712297142,0.2329006483328663,0.0009152383553502
71,0.0877927660069401,0.002250189618802,0.2013433280873646,-0.9127373007409412,21.991520342269464,-5.918938969240589,5.356673880349032,-0.1511614907550959,-0.08260953194013,-0.4102208438127083,-0.4973371046942254,-18.11132937707351,0.9127373007409412,-0.4973371046942254,-18.11132937707351,5749100.673767143,2533582.117904165,0.4726845527734643,0.9953185214738374,219526034.8523414,53021928.018819086,53973452.50923345,432551.52991356,78187.94197993501,81547.0577732187,0.0130385726653832,663443.6600826354,121026.9209337333,127750.80049610304,0.0313505460697233,2.5407664099153715,0.2172190923182766,0.2387577241949226,0.0012113212767012
72,0.4903484679032893,0.0539677892676021,0.8505250328404967,-0.6528419457949859,9.540788785744564,-5.336631692295817,2.0357094293247977,-0.5049630343379037,-0.4647522606796924,-0.3710341948084025,-0.4997128917175969,-5.849693520116314,0.6528419457949859,-0.4997128917175969,-5.849693520116314,5163296.690528313,4476512.592851752,0.4007545395846568,0.9997293916575032,95116927.58768646,20048127.830953676,20474264.78904549,254123.9783154612,45415.1936089293,47156.75946373165,9.645412450197978e-07,391795.5654557718,69398.24695982656,73000.36174587892,2.8136208322496827e-06,2.4919953194067155,0.3248830425275488,0.3374255215122531,0.001029648442923
73,0.0665583734476787,0.8946789257796999,0.1854737706650809,-0.9327150195612782,26.850365029038453,-5.862426712402366,6.259121690672413,-0.0682559877141466,-0.0031145557702396,-0.4003392362000433,-0.365333936095128,-7.058880123929341,0.9327150195612782,-0.365333936095128,-7.058880123929341,5744966.636235829,2370790.500637129,0.4937281828082351,0.9949131605531591,267781620.8527597,61727809.460088685,62901085.96631795,490656.94525229785,77987.68532256178,81831.22364067705,0.0388714344636455,742794.3590100554,120678.0555759447,128239.56495323897,0.062389961373054,2.5889969199028275,0.2139094413486845,0.2350931964022691,0.0009558745405686
74,0.2452531344916214,0.9677183621918948,0.8704605475485556,-0.8171454400574875,13.472950495755452,-4.572797069330292,3.051050580007764,-0.3404137225284432,-0.3374182717745393,-0.3209062722125608,-0.4996107551230084,-9.60964138269697,0.8171454400574875,-0.4996107551230084,-9.60964138269697,4438387.574455089,2766783.852836079,0.4035346211203689,0.9996729110755244,134428731.55222246,30059341.59905555,30644656.97952652,334621.428236097,61781.26786354529,64059.17058474148,3.31312232081019e-05,478778.7070391711,88159.85364835148,92536.25269101284,3.303740983604419e-05,2.853467188363666,0.2620283158195639,0.2811298513816785,0.0011618115989445
75,0.4156404799798568,0.1121391328858088,0.2654601959775682,-0.8745511390754376,17.99527329974082,-5.887054523241519,4.106390187830113,-0.3281025266384721,-0.236012583753729,-0.4826177750029412,-0.4997128917175969,-3.884497507579937,0.8745511390754376,-0.4997128917175969,-3.884497507579937,5734522.473583613,2802346.818555144,0.4853441832985904,0.997265218140136,179754052.50027448,40724649.95769717,41392283.807820514,347187.4433408762,60480.76546330024,62710.96023816498,0.0014216795528321,558695.3440853212,98840.06615319564,103665.44866452036,0.0051675256099575,2.220469242307715,0.2070909564524995,0.2198832654068785,0.0007258873880283
76,0.0705399437791692,0.9976249576740366,0.8606692082017711,-0.8410902146738889,14.534241728930956,-4.360522802157698,3.331635178042307,-0.2533449786464313,-0.2843634698889081,-0.2483166885391977,-0.4989721967494388,-17.560049629821584,0.8410902146738889,-0.4989721967494388,-17.560049629821584,4249392.589059452,2482189.027338545,0.3947251047524977,0.999591161002641,145098548.4975721,32733068.72510781,33499857.077804714,379096.78920886654,68868.62005797446,71963.33977764622,0.0001995245838039,517536.7714457645,93825.52152801852,99344.20979055864,0.0001031945345818,3.215299518609184,0.2455909422512827,0.2793345713786921,0.0018447122706088
77,0.004826728531395,0.0009613360155124,0.1686643148842696,-0.9278169323743924,24.57406452962159,-6.122239809195732,5.931144965736099,-0.0765826616525279,-0.0146759487034721,-0.3949155686599249,-0.4934753721844883,-18.414530025832185,0.9278169323743924,-0.4934753721844883,-18.414530025832185,5950640.962523389,2576326.0891462155,0.4725190329211799,0.994336729321,245320391.19472003,58625379.11808071,59808912.54584245,471567.4820707997,83676.95067358178,87820.0922246223,0.0320131637785505,714315.1250995583,128092.66601259202,136035.41842865694,0.0578082239091621,2.5880676944779286,0.2232675829454777,0.2487472378994666,0.0014386766803726
78,0.4705163131229724,0.0011583093491652,0.9235588441744612,-0.6082405624400806,8.844601893056204,-5.025592122734292,1.8726025194804443,-0.5139274452733426,-0.4755298661441866,-0.3538049154704709,-0.4997128917175969,-7.019351377042622,0.6082405624400806,-0.4997128917175969,-7.019351377042622,4916310.650145505,3952612.745561908,0.386799365791625,0.999793593951944,88193163.42930259,18428670.05612609,18843416.95089224,248543.6383766355,44699.44462281444,46689.7691399287,1.1834081808424524e-06,382903.3577624358,67902.94266607476,71885.95312638886,2.5935662306824643e-06,2.5343149534557114,0.3438381449304278,0.3579324971149893,0.0010324742295509
79,0.0561818636701509,0.6354716861378867,0.1702047481749914,-0.9313018329868143,26.660904474218853,-5.987429521582831,6.343200711375415,-0.0693797461827079,-0.0004823740359666,-0.410949797818376,-0.4697844947540743,-6.8903416528023405,0.9313018329868143,-0.4697844947540743,-6.8903416528023405,5862945.007112544,2456926.174836551,0.4895564052948191,0.99459700920703,265934389.3872016,62830631.51782687,63869659.44797868,486084.7396606836,80174.06857707507,83580.23030438433,0.0378869391083274,741285.0693176914,123538.73916563654,130411.74100962289,0.0654657175143923,2.5446725712585265,0.2160496530749914,0.233704601749338,0.0011714303242986
80,0.2420057943989752,0.1798177016826866,0.7207317307334058,-0.7610777284462567,11.8068608491099,-5.2548064019417895,2.662791691196704,-0.386299543757086,-0.3729430868655116,-0.3014098081859424,-0.4997870565920409,-14.44758539630965,0.7610777284462567,-0.4997870565920409,-14.44758539630965,5051399.182941494,4517307.966332186,0.408210387029437,0.999413212487655,117754561.82200532,26333045.15399317,26792573.69489336,314594.0533243257,56456.0361164687,58314.58598495688,1.3938410179563368e-05,457837.6576875485,81895.64375311612,85663.70098935178,2.254113902244767e-05,2.869768935010088,0.3115620456573828,0.3254001344986397,0.0026775207565878
81,0.6829599181462106,0.0344544323929328,0.9285086747282408,-0.5893450553654941,8.741019015260717,-5.428433953349451,1.7788776925401206,-0.556325194309407,-0.5034685708216736,-0.4131912626923113,-0.4996337709586586,-0.9522752685994814,0.5893450553654941,-0.4996337709586586,-0.9522752685994814,5274407.684787878,4382539.912230987,0.4003027932858451,0.9998386515486504,87144447.9242012,17493557.471345965,17898167.79062083,228396.4850376733,40193.08449196021,42104.88726690743,5.640975136014072e-07,364503.3218545766,63464.78440954976,67369.37574470861,1.8355155635290816e-06,2.3033119247875526,0.3160777887461653,0.328554757500945,0.0004989198741272
82,0.0775557126674823,0.9945371682962644,0.6708298232533882,-0.871631884030708,15.927876558823645,-5.034163306748437,3.794175422414895,-0.217836874217597,-0.2457043054072209,-0.2511317018848773,-0.4989721967494388,-16.733240508914637,0.871631884030708,-0.4989721967494388,-16.733240508914637,4834555.090680186,3280006.691819725,0.4243424264111578,0.9991496532222978,158965857.52851605,37235852.66299272,38059656.76654166,395932.31685404526,73137.71287082542,76122.88227016717,0.0010454581214781,543612.0254772014,100280.01219998192,105768.42849447108,0.0006526971380877,3.1834072905736788,0.2637751851412657,0.2936260085189824,0.0029489480759961
83,0.0267488280556685,0.0746869472148426,0.1454032322277498,-0.9298831125698224,25.772062626935693,-6.282270580049704,6.132064510026693,-0.0729925737330254,-0.0009147375029232,-0.407069196031729,-0.4934529380258809,-16.384002295220007,0.9298831125698224,-0.4934529380258809,-16.384002295220007,6124762.697684124,2637280.133494591,0.478930302062536,0.9939824289556872,257265901.2902048,60722364.89615705,61849532.79048316,475152.41919923166,83419.92791991729,87305.09034618677,0.0339394145511723,728423.7914287851,128332.9991949978,135950.94005464565,0.0644241067004923,2.521264279495532,0.2303268082034421,0.2511803115698509,0.0015869418792192
84,0.4610963268498348,0.0195939867039015,0.9608336068867293,-0.5954846685277944,8.716916375056442,-4.8541850372983495,1.8357095727789892,-0.5145823986064474,-0.4771774757669698,-0.3523548637805443,-0.4997128917175969,-6.961937899384258,0.5954846685277944,-0.4997128917175969,-6.961937899384258,4769341.313204925,3629239.4261580254,0.3807357606882096,0.9998203732376272,86939355.59258388,18036982.57990141,18472462.84256768,248347.3642383444,44319.502392399736,46509.37996125728,1.4313054745013505e-06,382231.3872318296,66988.53442589992,71327.02419068104,2.8019940393885574e-06,2.535824464908908,0.3447375322392958,0.3601849386161883,0.0009395042962458
85,0.1416343868210469,0.0189957322290161,0.7281230301293408,-0.7562741139479859,11.78160438662499,-5.0644661367617285,2.674649911732084,-0.3531813681151688,-0.3548044956859059,-0.250424480406686,-0.4997870565920409,-20.47343252298938,0.7562741139479859,-0.4997870565920409,-20.47343252298938,4893169.742118059,4355432.125448175,0.3969978126179392,0.9993682867875984,117550670.71363896,26424923.21094053,26956844.809677303,331924.2976861447,58654.38078918974,60981.5922299678,3.8877338203563375e-05,471586.94054301904,83042.90496712275,87542.01769630953,3.704851443848038e-05,3.111408141410297,0.307486907843376,0.32867922388445,0.0043742230623283
86,0.0910402372929011,0.9944156836527634,0.8665308990621181,-0.8378791965378546,14.354687174583017,-4.372880640996274,3.282505815558808,-0.2659121619245822,-0.2921588547960169,-0.258779755890231,-0.4989721967494388,-15.983631757339738,0.8378791965378546,-0.4989721967494388,-15.983631757339738,4261009.573260409,2501433.7433384685,0.3950321464241959,0.9996090355786034,143294267.67564467,32269977.51211207,33002434.80387428,372742.34207096056,67815.0826996769,70779.34264898115,0.0001497092085053,511919.3512971497,92949.89071633504,98286.78670231091,8.551793653463324e-05,3.165096307467228,0.2475218208462279,0.27848886770553,0.0016942463115855
87,0.4578622642463089,0.9944156836527634,0.8462721346599894,-0.8092238352414873,13.22078005215237,-4.927294252734808,2.989010598331601,-0.4009039883513741,-0.3727495136143022,-0.3793635998414366,-0.4982136538435472,-1.7361788551137234,0.8092238352414873,-0.4982136538435472,-1.7361788551137234,4746305.55649458,3165950.354569358,0.4210911500629402,0.999712391789814,131882896.81645,29430236.223488837,29996730.800966367,303224.8770266797,56872.26961619302,58844.58776312765,9.321210612312197e-06,452363.567521415,84437.36116801515,88411.01459619835,1.8428659675358383e-05,2.5783651292963885,0.2585046637549957,0.2744381605468394,0.0008730678570485
88,0.3047878679227048,0.867529924591721,0.9072854375736082,-0.791490803128654,12.718026995884651,-4.582150850153631,2.843524251827903,-0.3805654923902316,-0.3679150471875742,-0.3380358647124482,-0.4995991334402901,-7.359063882729674,0.791490803128654,-0.4995991334402901,-7.359063882729674,4455087.118581859,2846021.6527772606,0.399218119046585,0.999734962008245,126856870.4004552,28065203.434530377,28570810.378335457,316176.1290786017,57175.88201291676,59250.71612534415,1.3954459333546094e-05,459380.3938802476,82943.39335526344,86987.86989480726,1.6911559365364098e-05,2.7453930302319174,0.2754277709753646,0.2906106556895399,0.0009843506009391
89,0.0106106578461025,0.0394979614928078,0.268118582210322,-0.9108852295669438,20.54254901562958,-5.281764182730766,5.082142768640937,-0.1246681805001066,-0.0981491877081591,-0.3073228902128815,-0.4997870565920409,-22.38664086246514,0.9108852295669438,-0.4997870565920409,-22.38664086246514,5111715.884505199,2460592.6698890794,0.4590034389768713,0.9960188965368836,205016711.0604168,50199937.43598213,51175705.53532622,444330.9877555807,81275.75984716715,84869.35134165849,0.0154453809267349,646049.7156548364,121870.04712382272,128659.44976451024,0.0249933022594102,2.9911641938391176,0.2341352416400343,0.2643596659893725,0.0011572201736135
90,0.674602878221291,2.132491978799889e-07,0.9903573854796156,-0.548336165529708,8.29849098331224,-5.160837476601072,1.6557643654149734,-0.5610954952918674,-0.5078663151048871,-0.4081328926981542,-0.4996337709586586,-1.2171569283672348,0.548336165529708,-0.4996337709586586,-1.2171569283672348,5056243.782843145,3893977.9973750473,0.389272718731368,0.99987306735237,82776371.23978451,16151728.846859198,16671638.784799896,224459.61060397828,39950.41254445265,42354.72927131523,7.652291804663299e-07,359811.1255780258,62584.97082758142,67444.44163354365,2.010328833363025e-06,2.3171204609324265,0.3151100291259275,0.334305658989588,0.0004069682733486
91,0.5262507912687042,0.1121391328858088,0.2489285272366411,-0.8725047144920092,18.52916088363828,-6.148975095672735,4.0282387436005855,-0.3522498763296824,-0.2461086296470655,-0.5196452666360363,-0.4994686714748705,-0.3080044243188831,0.8725047144920092,-0.4994686714748705,-0.3080044243188831,6012248.456487346,2878421.211066566,0.4945284645162199,0.9973903809878558,185169688.84520435,39991045.21753076,40695418.47714111,338383.87329015153,56406.75064449817,58645.54848240731,0.0011158436425254,558018.1263674325,93942.21571155448,98883.69203784972,0.0043977545606092,2.058632027470768,0.1941118085941167,0.2059170368453902,0.000533176946873
92,0.0267488280556685,0.040125096028972,0.1454032322277498,-0.9291104747988708,25.61542830342871,-6.290614849031005,6.086762652591447,-0.0755262404235931,-0.0033830911345458,-0.4068107370839339,-0.4934529380258809,-16.66940952450558,0.9291104747988708,-0.4934529380258809,-16.66940952450558,6130480.530249647,2643571.169269997,0.4781597468473542,0.9939842597750136,255715057.3996115,60238913.14163677,61392068.76751708,473270.8167293565,83372.8741571568,87339.65314270901,0.0328680814081602,725657.6446372129,128303.4449106174,136050.6968714223,0.0630207429870311,2.5197707033563312,0.2305993364909311,0.2522823843749356,0.001596286380916
93,0.2323499850931907,0.1798177016826866,0.7146894345292013,-0.7635222941830141,11.901350706336904,-5.25856110562125,2.684964397367573,-0.3806317413124135,-0.3685824383853952,-0.2978768249172027,-0.4997870565920409,-14.8889872871275,0.7635222941830141,-0.4997870565920409,-14.8889872871275,5054167.867550644,4530024.760298406,0.4085393487000132,0.999393179091974,118694983.38266368,26549449.721277166,27012710.94091881,317478.09921459126,56963.51791158466,58843.093297634645,1.7005282030401204e-05,460947.1845408974,82467.89165082041,86270.15031719898,2.6339420995525743e-05,2.889239919379518,0.3105347115506824,0.3245904618158777,0.0027666110614471
94,0.1737800369159528,0.9924541059015036,0.8841267954482536,-0.824388893662383,13.775358756545783,-4.442477265928023,3.125522357857191,-0.3100115787789863,-0.319492835097496,-0.2949824604304405,-0.4989721967494388,-12.191218754817632,0.824388893662383,-0.4989721967494388,-12.191218754817632,4324597.782451033,2590416.0819893964,0.3974760323239593,0.9996657762607196,137471383.5157031,30767705.82711709,31408278.7666668,350280.9026051184,64125.74031812955,66713.24235395699,6.220521463653063e-05,492068.57224398473,89860.05818017719,94670.9036486456,4.7686858084485056e-05,2.9846155196365034,0.255423712498437,0.2788769789707808,0.0012772316583615
95,0.3393074561634324,0.8470696140231154,0.9687774804080682,-0.77117496951938,12.228377460261868,-4.514905562941059,2.7198899421356173,-0.4057004870031589,-0.3893283919463756,-0.3467393529026411,-0.4996735465559766,-6.454233968588908,0.77117496951938,-0.4996735465559766,-6.454233968588908,4405731.042540017,2724123.298456882,0.3912969198745631,0.999800162136944,121976257.69133054,26804788.217861608,27331049.19037118,305651.0388291357,53270.72950321047,55635.884902633145,1.19668259142441e-05,447713.13971954753,77444.62121603306,82010.26050019484,1.4363178206880176e-05,2.682085074661325,0.2803022184135795,0.2980036733942082,0.0008572529248192
96,0.0267488280556685,0.0023866285852807,0.1454032322277498,-0.9276975083222344,25.439942957037072,-6.298482822725759,6.035090601152928,-0.0782898107416448,-0.0061214106044254,-0.4063423470153284,-0.4934529380258809,-16.72983731454274,0.9276975083222344,-0.4934529380258809,-16.72983731454274,6135515.853101538,2650176.9083958413,0.4773187230862373,0.993986258274031,253976815.4528848,59682020.05035751,60869882.06424469,471226.307138218,83304.54696637411,87373.48972823903,0.0317298405000165,722603.8801531222,128246.8287907575,136155.92637142068,0.0614648313436451,2.518774436693336,0.2308395096776191,0.2535950628575441,0.001605674758301
97,0.5666150372488172,0.0431376640028476,0.9051174530940438,-0.6154919136171368,9.008072932891722,-5.286532485072575,1.8838307478556915,-0.5312102298042961,-0.4857073951842873,-0.3855140982967286,-0.499640944384727,-4.012065820747973,0.6154919136171368,-0.499640944384727,-4.012065820747973,5139487.948947565,4286582.896925777,0.3968025077296819,0.9997993420986848,89800046.24905041,18543086.751370907,18946844.738576718,240687.83623137829,42855.11649006311,44675.46618173645,7.218070104360507e-07,376563.3001870464,66397.44182198247,70119.13043430168,2.1132249451123057e-06,2.4164897176788247,0.3270980914863859,0.3395125432515566,0.0007341466157403
98,0.1381203657415956,0.9876590697852972,0.8841267954482536,-0.8279316537865178,13.94727613190508,-4.394143365206722,3.1703531618269047,-0.2938842565417133,-0.3100936096054041,-0.2804452739368738,-0.4995949397307353,-14.124413564802577,0.8279316537865178,-0.4995949397307353,-14.124413564802577,4281979.824602759,2535541.045275825,0.3951039787672679,0.9996529742966508,139200871.87607557,31201789.28221948,31868828.12076687,358718.43235353724,65340.44571454257,68069.27628450036,8.344556508430374e-05,499188.4147391912,90736.87111661458,95738.12462699298,5.693394895470521e-05,3.0573760186388528,0.25237093877194,0.2782077181220222,0.0014058588957629
99,0.0150215137278948,0.0463584038814916,0.1847772244149374,-0.924477144504622,23.87300237460404,-5.995531613469886,5.823573128309018,-0.0898281585636329,-0.0303082790577746,-0.3934784125619893,-0.4969720137260403,-20.380249835208385,0.924477144504622,-0.4969720137260403,-20.380249835208385,5824858.842465179,2525577.0444002887,0.4717524543945975,0.9946918881674706,238301716.5437466,57628586.19669666,58708952.679078855,465035.1869773837,82720.81563802215,86566.55807223982,0.0276574626914288,702973.2713513899,126556.69139666246,134012.52746318394,0.0512327435280204,2.608169816810883,0.220133376585403,0.2440536971136877,0.001325618648537
100,0.3349438427501551,0.03806135801486,0.9527732359759812,-0.6239932376911906,9.130996250867442,-4.633323006824819,1.9710656564627616,-0.4767182698263462,-0.4519389323396494,-0.313919024657477,-0.4997870565920409,-11.208090795595025,0.6239932376911906,-0.4997870565920409,-11.208090795595025,4564204.427484093,3369534.177980376,0.374339146873591,0.9997877271643356,91092791.90270714,19402069.13459772,19845269.22840361,268574.4267230292,47194.8874434796,49492.682155507,2.9897641049855563e-06,401837.309611896,69466.76477221333,73926.68497999909,4.288915758258698e-06,2.7015287038111984,0.3531181116528999,0.3695756347742001,0.0018780872150875
101,0.0030856768796338,0.0332271002716254,0.2305912338107713,-0.918366965112689,21.83633434791377,-5.557862165352592,5.419041831070988,-0.1043691184880813,-0.0646236121324198,-0.3418145416811994,-0.4995889868262873,-21.371248055624093,0.918366965112689,-0.4995889868262873,-21.371248055624093,5384942.576277806,2435191.3109148093,0.4639640879007099,0.9954252993702108,217957722.38200545,53554596.72562401,54593547.31597491,455908.10499737214,82318.24819568232,86117.79690698521,0.0219059531869708,673246.0698982523,124546.96958174986,131765.62930581873,0.0369869638171236,2.8395402829188097,0.2268617963787886,0.2551752396343979,0.001181707416044
102,0.0236411452132687,0.0339841643574237,0.1604054420670725,-0.9270809152830454,24.935861237672963,-6.198208727110204,5.980734668174685,-0.082980125697918,-0.0147189821994205,-0.406200810709746,-0.4969666775532549,-17.192081351367147,0.9270809152830454,-0.4969666775532549,-17.192081351367147,6032526.504420922,2601275.341035316,0.4756085003454238,0.9942712657458048,248924195.50820357,59185254.41194026,60313898.69827577,468995.9794096949,82992.72166525834,86914.5232819892,0.0301965191028348,716134.8411950903,127524.31082041808,135171.02569710044,0.0579099631392999,2.535129116772642,0.2251350840677594,0.2476530439544606,0.0014765907978922
103,0.2360971477620307,0.0209707382529322,0.2605897445598503,-0.885706421352165,18.440619588325536,-5.62804069852286,4.411163017060413,-0.2603083536205589,-0.1878695786646283,-0.4179776895327484,-0.4996058976557775,-11.51733133608266,0.885706421352165,-0.4996058976557775,-11.51733133608266,5462194.918231319,2645810.514040353,0.4732222641568706,0.9966976067658933,184103280.1776729,43671580.93185773,44406715.6979779,377008.0580418283,68810.97775914613,71411.27530812255,0.0029482373837752,585319.2963030664,109002.7380523238,114380.98915509632,0.0091865221036101,2.510171535475607,0.21869015946064,0.2364381132518712,0.0009594880397011
104,0.6691065924567453,0.0109548122204195,0.9849368278726264,-0.5550261761076514,8.364543229091627,-5.170455959733335,1.6764312444006837,-0.5594327955200313,-0.5067537742276447,-0.407467983809631,-0.4996337709586586,-1.4710970893115705,0.5550261761076514,-0.4996337709586586,-1.4710970893115705,5062476.4047820205,3918777.007668255,0.3900344966690534,0.9998694878665848,83430062.14537233,16385945.207046922,16878815.360867705,225547.42639515776,40056.63884851516,42386.308263651816,7.535071379013514e-07,360880.4883487055,62750.11900073596,67456.96989470319,2.0018511570978823e-06,2.3205487973150665,0.3163796623521314,0.3342259623996707,0.0004217792915673
105,0.2613415895449755,0.0848884505451856,0.6518686541113078,-0.7708890853381534,12.04930778127887,-5.546102134349249,2.704286805649305,-0.3857195608865849,-0.3659792438151101,-0.3144730965393622,-0.4997870565920409,-13.793385489865958,0.7708890853381534,-0.4997870565920409,-13.793385489865958,5309891.400895477,5053887.337929806,0.4177951046394513,0.9992493037090464,120142721.52775817,26690273.25317133,27176286.187833343,314322.31017823715,56833.12384788078,58759.63691198261,5.185138843504e-05,462129.9796319646,83163.15203412845,87097.9152040998,8.277705219852093e-05,2.826472016742234,0.3020209519970569,0.3163834051677634,0.0022497255150678
106,0.431022059644357,0.0570625814454672,0.2715209132886837,-0.8694262792057055,17.51640271562617,-5.861663869610626,3.969556983024008,-0.3396496283599328,-0.2476361071609057,-0.4815994999753656,-0.4997128917175969,-3.2167237180012878,0.8694262792057055,-0.4997128917175969,-3.2167237180012878,5705585.510886219,2855936.2845711308,0.4841368205426088,0.997365251843504,174975005.4303814,39333744.10169162,40009566.23860222,341171.9848273872,59352.21596029277,61637.50289779322,0.001277031543204,549289.1042008566,97617.40638255476,102515.29098298936,0.004538780630443,2.224134604542953,0.2059767237924649,0.2196593388465003,0.0006866887598278
107,0.474506279042298,0.0119245081081906,0.6857085305494499,-0.7201562876444767,10.880454131118142,-5.867315280768762,2.365253991794336,-0.4738726481002767,-0.4307528341230799,-0.3854698831547301,-0.4997128917175969,-6.466255126692511,0.7201562876444767,-0.4997128917175969,-6.466255126692511,5598721.4139112495,5492748.050117767,0.4241114026498359,0.9994727029011028,108508482.04534276,23325695.85721804,23789735.852262046,270211.2613309251,48514.86674423311,50261.8548675224,7.806454592662732e-06,416633.8797034569,74214.15851427914,77908.79957710224,2.1302613285820813e-05,2.475523347781921,0.3031952834282437,0.3156709251290484,0.0013385515512964
108,0.4595438517718475,0.0262234901647093,0.3020703482844469,-0.8577218941214125,16.523353730983235,-5.756463747842479,3.722844076209842,-0.3621228582491519,-0.2759486435217178,-0.4718161067085612,-0.4997128917175969,-2.8564638134823843,0.8577218941214125,-0.4997128917175969,-2.8564638134823843,5591681.354310218,3045134.5079906727,0.480618193173713,0.9977072029779608,165046836.34395635,36848296.89026981,37503428.27233052,328994.8062446997,57546.08380860139,59791.52697976482,0.0009605200562955,526389.0800187225,95007.54707076956,99762.4266885844,0.0032168060080873,2.260612262222605,0.20883647450643,0.2232872102861228,0.0006193037976118
109,0.3009082920030612,0.0018416929952705,0.1673673181457534,-0.9007555675919462,22.23459992061823,-6.378211978998427,5.026398367687903,-0.2448193187501697,-0.1385989503655715,-0.4848905783867622,-0.4899711317659747,-6.638050103756575,0.9007555675919462,-0.4899711317659747,-6.638050103756575,6241968.028513375,2745433.259331061,0.4905888644412209,0.9956784450653192,222032572.5383379,49857544.559608206,50741381.433115736,388294.8711740338,68423.2582827935,71186.06467866972,0.0046459804951508,631542.559517653,109997.37471508812,115929.53079450596,0.0177515998831169,2.1788259457685943,0.22001428668889,0.234326455535915,0.0012202377495342
110,0.1214859873355583,0.9472302795617328,0.8608982099935444,-0.8301889818405003,14.058204791360572,-4.424590931619179,3.2098686201508952,-0.2853594356404201,-0.3042208522696917,-0.272530449744009,-0.4996107551230084,-15.417750799552852,0.8301889818405003,-0.4996107551230084,-15.417750799552852,4306807.291964692,2600853.08053103,0.3967357277827626,0.9996130306983576,140316042.4779511,31611250.735637195,32268902.230383232,363224.1794122454,66146.24569533474,68816.45284171797,9.617792802941232e-05,503602.5237645226,91584.87294369616,96504.91177622856,6.383011877361653e-05,3.095615653820637,0.2539583835485177,0.2797132746621189,0.0016420347027347
111,0.67274920444181,0.0515569979822378,0.9473172963570122,-0.5854063582578851,8.707356490505527,-5.324781682548123,1.7729296666066072,-0.5552941158914497,-0.5032006655736329,-0.4108321146820591,-0.4996337709586586,-0.9319390300768492,0.5854063582578851,-0.4996337709586586,-0.9319390300768492,5186344.281647556,4196392.96307379,0.3971228673064249,0.9998487145709216,86818877.02351205,17435564.97061744,17843410.096870404,228811.1611330776,40234.700565510495,42219.8680722844,6.239228110823177e-07,364650.79646700143,63337.39580750635,67371.37558181732,1.8892553727296329e-06,2.311899152190032,0.3171140540550632,0.3300870357712991,0.0004821319281832
112,0.2954322340306645,0.9380627438421244,0.8275726716293048,-0.8179982396507642,13.47515090755775,-4.755308165436784,3.0764921662464046,-0.3549512174850588,-0.3441963278640089,-0.3371517862966694,-0.4996107551230084,-7.295686532476448,0.8179982396507642,-0.4996107551230084,-7.295686532476448,4593776.941112095,3013562.880232529,0.4126063802751177,0.9996324828000764,134443423.82875746,30309490.973730534,30878487.61285884,326922.2292857064,60917.88546083779,62983.73706117767,2.269260249720062e-05,473555.814256742,87888.59510714009,91983.2367879205,3.0101056386221533e-05,2.775412536177284,0.2646179195379384,0.2819450181597795,0.0012995535472594
113,0.551502038572038,0.0719490873624101,0.3020703482844469,-0.8545962606138762,16.660771670995313,-5.90784254417749,3.668327507897181,-0.3831479350615019,-0.2887003142423632,-0.5031762643944429,-0.4996696868437071,-0.1712776035907803,0.8545962606138762,-0.4996696868437071,-0.1712776035907803,5749986.1695414735,3102481.0305876,0.4871938103769799,0.9979030358823312,166469475.19538927,36334007.82103385,36987624.98418077,320867.97276819457,54293.64036034536,56459.92392554677,0.0007547743117607,521816.4721000903,90929.14456623454,95604.23551571894,0.0026792804873086,2.1322235513009047,0.194290797078473,0.2074294725926568,0.0004321145807077
114,0.4643420728933793,0.9919128682332938,0.8628830931151232,-0.805768155594729,13.099804749068724,-4.897456940399822,2.947207485017604,-0.4057360250684993,-0.3770384076519635,-0.3802787624377619,-0.4982130656185891,-1.746410524815321,0.805768155594729,-0.4982130656185891,-1.746410524815321,4722420.031540558,3132588.7999504507,0.4189053729815056,0.9997326316768536,130671691.17156307,29026074.92276878,29584638.350368224,301083.4007001927,56210.96029517243,58200.08458114459,8.741518197190463e-06,449659.83844393695,83586.61179055797,87576.14882675529,1.666026790642715e-05,2.570520161399961,0.2594190625061917,0.2751943111782744,0.0008033876653588
115,0.1054890655296779,0.9742014758277402,0.8188283218320221,-0.8427115917508945,14.505539196776208,-4.516773976408524,3.3629205783293075,-0.2661892277058338,-0.2890619098636691,-0.2636607187181284,-0.4996107551230084,-15.807831587349604,0.8427115917508945,-0.4996107551230084,-15.807831587349604,4382667.768735684,2682668.2917881724,0.4029133169422414,0.9995354422818732,144804992.1928122,33066950.26708688,33788569.27818872,372169.5625617583,68300.68570870272,71087.48264563718,0.0001695270086252,513666.6240573185,93981.8360432391,99121.33983843232,0.0001073735194061,3.138333263558509,0.2527456409523641,0.2822162696378661,0.0020141398098704
116,0.6829599181462106,0.0108309426006955,0.9817236964208544,-0.5541915025433604,8.369073148696605,-5.210638208664046,1.6741120979643596,-0.5615425394295417,-0.5080962167266166,-0.4104703513877158,-0.4996337709586586,-1.1175111842711811,0.5541915025433604,-0.4996337709586586,-1.1175111842711811,5097897.432299271,3974549.7940817312,0.391419617776449,0.9998697391446744,83473029.87568894,16373296.559279513,16856376.307901807,224597.1634399845,39833.17611818184,42135.60787588096,7.186246982099892e-07,360037.4133257964,62569.54848194099,67224.23307257387,1.959306346839108e-06,2.308938067758075,0.3154247268303642,0.3327161047809901,0.0004127862054308
117,0.2420429324282438,0.0827542214591089,0.189242977037194,-0.9027630805212856,21.798092600361983,-6.188265283926562,5.132964161020798,-0.2250477092465535,-0.1299478817314983,-0.4716988937399916,-0.4970923131948856,-7.312129408971045,0.9027630805212856,-0.4970923131948856,-7.312129408971045,6040969.595896431,2647417.228393585,0.4855679276635409,0.9957683862252416,217626460.82110155,50944048.92208384,51755955.95591825,397717.20654763473,70747.66798681894,73408.28991068722,0.0055710705794695,636226.3606841551,112250.72879070794,117956.59363743047,0.0192757197974367,2.2579794391358763,0.216434095302661,0.2305700239524334,0.0011439115446708
118,0.31231006065508,0.0472960133428933,0.1941914458022199,-0.8955460498229494,21.016271983859493,-6.22769223188564,4.836298188705114,-0.2614694005077545,-0.1599247309184457,-0.48597463263196,-0.4970923131948856,-6.522140892355553,0.8955460498229494,-0.4970923131948856,-6.522140892355553,6084100.070035307,2702223.8945103344,0.4882856953129396,0.9961087346242166,209869593.28756696,47987436.29300821,48790248.91627997,380122.9742751956,66928.94675685618,69514.83237593537,0.0035875694648154,615672.004290797,107656.8634042465,113244.51846771508,0.0136081511257468,2.19174939594404,0.2137073749340089,0.2274782622338646,0.0010477955374982
119,0.4370992404385496,0.1876059759857784,0.2411332640855061,-0.8823431629062366,19.230210812351185,-6.082674873782696,4.344769786984285,-0.3183151870173788,-0.2178710459336772,-0.5027024551008807,-0.4994686714748705,-2.251506424740344,0.8823431629062366,-0.4994686714748705,-2.251506424740344,5944830.954012083,2759483.466131729,0.4919773910117901,0.9970733624819608,192116016.0422994,43158127.92254923,43846173.23513352,354010.47679811483,60593.67053739886,62783.80724113657,0.0015965963422791,576941.6386040584,98799.49668433964,103657.2093982698,0.0063104586951604,2.1295519038160644,0.2046875422163798,0.2159350289857623,0.0007341483025833
120,0.0030856768796338,0.1548248006181162,0.2305912338107713,-0.919908434617398,22.48676629471253,-5.59301710227165,5.597509392523675,-0.096620615720386,-0.05565241823098,-0.3526143640527472,-0.4995889868262873,-20.658402535138592,0.919908434617398,-0.4995889868262873,-20.658402535138592,5424422.089857289,2410353.785987528,0.4666629371580568,0.9954203104442876,224433957.4526128,55424451.58342272,56391198.76215842,461779.2624646844,82424.20399884711,85982.56683545535,0.0248858970916578,682851.6556674276,124711.97453246285,131565.1798688535,0.041083261069169,2.801274043746482,0.2244488278226021,0.248851403128738,0.0011507635802645
121,0.5616991335962285,0.1839330936236928,0.6948717088432007,-0.7342383912499955,11.277633363333344,-5.9112229997032175,2.429904584355329,-0.4824831007712041,-0.4348621514574294,-0.409650743588238,-0.4996696868437071,-3.344483010631881,0.7342383912499955,-0.4996696868437071,-3.344483010631881,5626279.871054031,5372514.205626873,0.4319476344745017,0.9995347999609044,112474996.47228923,23991627.114414964,24429379.70740013,267065.0249563556,47306.7357061829,48869.97515755888,3.865438599039302e-06,415304.4391969204,73228.40638764105,76613.07308396255,1.4530903652111718e-05,2.3787630480413444,0.2947133103196426,0.3046302152393718,0.0011743397174233
122,0.2790533825387844,0.004368387848058,0.6857085305494499,-0.7438774863723299,11.392581347686258,-5.497769968211893,2.543211523054907,-0.4081401434090594,-0.3861787601767569,-0.316957563928144,-0.4997870565920409,-13.657659286598978,0.7438774863723299,-0.4997870565920409,-13.657659286598978,5273392.093372008,5023186.173925397,0.4118616534628436,0.9993539977817122,113613638.2699587,25096799.431492165,25586332.22712378,302892.85810091253,54644.80892928572,56626.61845767736,2.329892888347665e-05,447646.62255509605,80236.91055992927,84261.43052804815,3.777009784705522e-05,2.794058349468512,0.3095689048786873,0.3252008228106233,0.0022638148877725
123,0.2765583818496008,0.0100021342704342,0.6736532259791186,-0.7510250879892487,11.535392114213996,-5.527327192851173,2.5758225584616667,-0.403734486768931,-0.3817360382418102,-0.3172973253122221,-0.4997870565920409,-13.600240655692614,0.7510250879892487,-0.4997870565920409,-13.600240655692614,5298272.453377356,5068804.944791357,0.4136869539792095,0.9993212601964844,115031747.87523966,25415119.02952102,25906439.554825623,305117.05779066536,55082.16696456218,57065.1096377462,3.0376320259177876e-05,450807.47888741386,80874.5718753189,84906.20997564869,4.883148463067134e-05,2.7984710619883906,0.3070807349817298,0.3225657079916744,0.0022342260983946
124,0.3259212864160655,0.0007320462383194,0.7142082486290388,-0.7257244657142488,10.944873196819248,-5.502246084865383,2.432750771225157,-0.4332428724294047,-0.4062064425395892,-0.331794551180136,-0.4997870565920409,-11.880243806418004,0.7257244657142488,-0.4997870565920409,-11.880243806418004,5280472.196455533,5001647.564757354,0.4103136669015707,0.9994493782034908,109159434.1306413,24010304.04415872,24487461.12086197,290122.21165800834,52376.31161573178,54277.1676580189,9.484428120374553e-06,433317.3206954727,77605.87856730627,81497.55512343453,1.819574054953521e-05,2.7090908831694165,0.3152238329944414,0.330098385278,0.0019966023997234
125,0.5631954838380955,0.0064005282130903,0.7232514462807018,-0.6935121368840856,10.362280797455035,-5.922898097297764,2.2018460550375574,-0.5042425521856679,-0.4552807544557887,-0.4074762802539955,-0.499640944384727,-4.063736804595767,0.6935121368840856,-0.499640944384727,-4.063736804595767,5649195.623310372,5499424.162526972,0.423740040556293,0.9995853420387594,103360645.82353003,21691445.53205744,22156807.89724977,255642.70492851903,45239.45186257382,46959.52467274351,2.6189491981399934e-06,400267.3574003884,70260.12322183342,73926.78671825356,8.88903766497198e-06,2.3715254532466377,0.2995551864852921,0.3118071414275113,0.0010513823432836
126,0.4242789025002382,0.1678235829540804,0.1967708256697003,-0.8925127726407617,21.109551062325203,-6.31358006171911,4.724873181671923,-0.2936392880456043,-0.1844139569400106,-0.5055238447139984,-0.4956024712517874,-1.414508579281782,0.8925127726407617,-0.4956024712517874,-1.414508579281782,6193789.378702783,2771757.836687129,0.4974198552560412,0.996527937569139,210871797.7619581,46990014.67736006,47748926.5436881,366989.7609242142,62623.17509134668,64931.26994827427,0.0023225764083342,604074.7548019299,101708.40628039817,106866.88480522312,0.0097211244163979,2.102011171569319,0.2109101513546706,0.2220540234607435,0.0008968852298338
127,0.0236411452132687,0.0551284166795456,0.1604054420670725,-0.9273858753522716,25.04066975121968,-6.1956450970474455,6.0104138988227565,-0.0814708203591477,-0.0131718707617346,-0.4067234542277688,-0.4969666775532549,-16.75606189045214,0.9273858753522716,-0.4969666775532549,-16.75606189045214,6031433.453216148,2597276.368898452,0.4760792783029329,0.9942701956524632,249963549.87497792,59501491.8306677,60613667.74712183,470121.30686959217,83022.58274451406,86892.73208156468,0.0308053861877815,717853.686299425,127547.75034216837,135113.3044654335,0.0587501946020332,2.534329879452306,0.2250247930214602,0.2469601364079629,0.0014716150848206
128,0.2790533825387844,0.0827864182051164,0.6857085305494499,-0.7555292177287555,11.64205383236826,-5.480940708447096,2.6054455075804013,-0.4017760224514613,-0.3808395800703736,-0.3182301829474996,-0.4997870565920409,-13.285620967154832,0.7555292177287555,-0.4997870565920409,-13.285620967154832,5254184.544996722,4947558.156755757,0.4136677461333701,0.9993534937308158,116092486.92935498,25733099.3511378,26202453.86616018,306293.0015133993,55277.66862172679,57159.49969978486,2.128590650786287e-05,451607.9956410166,81110.92900680013,84957.30541514723,3.6920191498651225e-05,2.791947325721744,0.309578680991156,0.32357159977834,0.0022722669966538
129,0.0074537483431258,0.8469654399633003,0.3479364823390466,-0.91850906962242,21.65681508645533,-5.4022070638242425,5.327252924196356,-0.1036906178832559,-0.0965824623233918,-0.3220803553380467,-0.4996735465559766,-18.129768500225488,0.91850906962242,-0.4996735465559766,-18.129768500225488,5224949.605462507,2547126.162177685,0.4649264543282018,0.9969729039826674,216119054.91540843,52741287.45560976,53635768.34177501,464090.2346595112,79226.31378343291,82735.41232322482,0.0223778385558254,659989.0326534797,116131.96053963096,122688.45795894349,0.0257931270831624,2.9340051126050937,0.2233494300678508,0.2487865348689482,0.0009311588521682
130,0.435823794555704,0.1117486295199288,0.1760181409950121,-0.8942029866292616,21.760170317876486,-6.4110709403262565,4.782670719903944,-0.2900922260437442,-0.1763978682846188,-0.5031795814365514,-0.4887893131631748,-0.8124534736948941,0.8942029866292616,-0.4887893131631748,-0.8124534736948941,6300649.151218271,2817077.558767128,0.4999870725481466,0.9963046222834008,217373914.46281263,47565874.528669246,48375636.26226949,368814.3483626351,62809.01495319462,65225.57012000509,0.0025516052903519,610108.7522938909,102475.36229991504,107839.81234243645,0.0109430527998777,2.103402071404192,0.2134564418576374,0.2251881060988076,0.0009903426541113
131,0.4372468319963742,0.1761368764821221,0.8323333154326633,-0.6913505562700606,10.242335456244092,-5.240148599238234,2.225670676496258,-0.4780169549810334,-0.4433264874492723,-0.3622218538633463,-0.4997128917175969,-7.126093411709791,0.6913505562700606,-0.4997128917175969,-7.126093411709791,5060738.928624084,4300311.046967688,0.403089005078351,0.9996918861148194,102117048.2285748,21970444.2524449,22385992.98280143,268386.79996284604,47769.350756178326,49424.40059628279,1.232850872969676e-06,407895.3998272562,72165.047478951,75607.29493312951,3.4883289779493106e-06,2.550569972504849,0.3188453584600714,0.3301725526341825,0.0012256296022826
132,0.4183490938685066,0.980591147801662,0.8363232885584564,-0.8124363914693202,13.290241570832272,-4.899343052096222,3.0147650806132957,-0.3904291799326462,-0.3658573834806412,-0.3705986508308527,-0.4994167543956647,-3.545785105188969,0.8124363914693202,-0.4994167543956647,-3.545785105188969,4720681.066686039,3146458.0561736547,0.419854739501869,0.999688064962458,132579354.75466536,29685032.697640203,30250910.33373036,308512.74413205584,57895.11901084888,59864.57779708751,1.1030545489122411e-05,457330.3715065902,85409.06293957529,89376.28816604138,2.0632560497701778e-05,2.619146500631832,0.2604561873942103,0.2764731947518634,0.0009849061449135
133,0.0055220449488794,0.8584952442753757,0.7883131952019086,-0.8536652124716694,15.057377506527942,-4.467659407155944,3.5108747470163904,-0.2122816180329439,-0.2581345582992213,-0.2029391078622207,-0.4995991334402901,-22.858132929422997,0.8536652124716694,-0.4995991334402901,-22.858132929422997,4337539.9234852,2721196.650868661,0.3986580195072247,0.9994196304145492,150346888.9813058,34525168.500825174,35312298.05032083,401335.3363090842,71998.0977709956,75166.74782174756,0.0005583871542278,538282.5159346353,96465.43946484516,102086.73472443176,0.0002126432953968,3.417283875517012,0.2556945333298686,0.2925423946258099,0.0037307991090869
134,0.226190974237599,0.1657875356332063,0.3095337888636199,-0.881368367578297,17.95410658565309,-5.4345764329736985,4.285263543746712,-0.2632189490648356,-0.2081597242037428,-0.3906263091229696,-0.4997870565920409,-12.455839114476277,0.881368367578297,-0.4997870565920409,-12.455839114476277,5265807.564620929,2805957.551688812,0.4685962363818485,0.9971997352383236,179195067.05513623,42478773.08683851,43125110.76503416,374605.8610735494,69354.89505359817,71647.36622986887,0.002281846717496,568559.9306623273,107965.04899819408,112710.9239253408,0.0065689300585592,2.6206304782399585,0.2315853013089432,0.2471550866046939,0.0009569421877183
135,0.6768376600711634,0.0274519080695013,0.8361467230485959,-0.6339577583168101,9.35290509505888,-5.7724183303614485,1.9091560683325228,-0.5442372585522408,-0.4906081935491692,-0.4233800135482246,-0.4996337709586586,-0.9655585096135172,0.6339577583168101,-0.4996337709586586,-0.9655585096135172,5542085.993481254,5036368.941200127,0.4140308913307345,0.9997649869038264,93246904.66727483,18748085.440744884,19192795.6501992,235746.80345897883,41082.55957520907,42812.15015003633,5.567434294743966e-07,375376.5065973919,64948.47925722788,68598.09289976313,2.3736005038485333e-06,2.281061949616711,0.3027561487626057,0.3145364176699178,0.0006271277961935
136,0.6838724058991039,0.0210650119828784,0.835244228227403,-0.632295492810744,9.331006558014302,-5.792455468772393,1.9004735389873155,-0.5458058767961677,-0.4916765126002587,-0.4251535868971396,-0.4996337709586586,-0.970231421806256,0.632295492810744,-0.4996337709586586,-0.970231421806256,5559881.716960936,5065719.906077381,0.4144589712864495,0.999765912197468,93029924.0582079,18658660.80112277,19105889.914907034,234988.47555022765,40912.70534437191,42651.21382028986,5.55578474974969e-07,374673.4803848635,64759.89075873442,68428.70491673167,2.381450055792744e-06,2.2738535280405263,0.3019470123117324,0.3138061111618871,0.0006162045795128
137,0.0190353298399014,0.0424692855209172,0.1834538959892164,-0.9241351724703244,23.87203613008885,-6.010923056496352,5.815802365383362,-0.0922664376199307,-0.0314691203423162,-0.3959436220350985,-0.4970621002204839,-20.345119123403407,0.9241351724703244,-0.4970621002204839,-20.345119123403407,5840522.383562121,2531761.3323491937,0.4721029614564273,0.9946874003523996,238293137.0951025,57553726.74589551,58631051.17206071,463748.718977707,82535.70998898422,86361.38035102091,0.0269204004355058,702195.0155448386,126388.57128164776,133822.8015244457,0.0507033366403046,2.5965911146393896,0.2201597469971161,0.2438170024118212,0.0013310350381387
138,0.4370992404385496,0.1752039361945468,0.2994102771716584,-0.8678053260505364,17.29696426027521,-5.771365917807671,3.9413839289353176,-0.3429275577186518,-0.2587176701897862,-0.4715548016086533,-0.4997128917175969,-3.13739824857341,0.8678053260505364,-0.4997128917175969,-3.13739824857341,5612692.030364127,2935334.176401996,0.4829885591156364,0.997630485262728,172767824.59798318,39086509.574700415,39711104.808501735,339035.4148804213,59505.62074707282,61578.47039030431,0.0010897210419543,540462.825140363,96950.17574580756,101432.35968190942,0.0037872718546836,2.262238679655792,0.2119721420223392,0.2241580626870119,0.0006752568590668
139,0.2341409918847764,0.0313053413836552,0.7731109705014464,-0.7213475849357555,10.933804799728415,-5.095182648817545,2.4806172945741944,-0.4068882007155123,-0.3938738219586156,-0.2892369205650319,-0.4997870565920409,-15.739562178206215,0.7213475849357555,-0.4997870565920409,-15.739562178206215,4928999.809090028,4334191.546465004,0.3961102717155271,0.9995187013954404,109086424.3012613,24535907.50050036,25010518.113130838,304004.3718019586,54262.19882971689,56298.61762503204,9.353935737129492e-06,442939.75323071633,78479.46945262501,82524.00935578583,1.2763514202061298e-05,2.897733729446017,0.3215908793935678,0.338320393266933,0.0029576872067013
140,0.5605194629436165,0.0011300018720222,0.8980248162228434,-0.6094836399757635,8.89264099944686,-5.316364026497408,1.8565921542236612,-0.5318114630746212,-0.4862799768187411,-0.3820735746719227,-0.4996696868437071,-4.2282388204264345,0.6094836399757635,-0.4996696868437071,-4.2282388204264345,5168012.148185049,4369779.452851841,0.3965400305724794,0.9997923126362878,88650407.5955992,18256639.1071455,18672114.791461863,239944.5631070868,43002.845912341865,44853.6593840037,7.371546908041321e-07,375586.0546029739,66570.44757623975,70350.28993170505,2.139669841332784e-06,2.4280296337112324,0.3292632358237648,0.3423849904776733,0.0007665030260855
141,0.3009082920030612,0.0271657533127645,0.1673673181457534,-0.9014869810815852,22.346049887711743,-6.373185550384983,5.070327248910561,-0.2429233305260821,-0.1369363770244089,-0.484894216235814,-0.4899711317659747,-6.581938404152621,0.9014869810815852,-0.4899711317659747,-6.581938404152621,6239175.019583889,2741236.552757048,0.4911581966932743,0.9956774604246694,223138982.03749767,50317740.152135625,51185523.67633199,389460.9551635479,68569.37602709375,71280.18219436958,0.0047355084675576,633290.9519821623,110065.4459381536,115910.95583905229,0.0180684413927737,2.179653746928038,0.220357108359003,0.2341852774150848,0.0012228659090875
142,0.3982596865770134,0.141823402209389,0.8486631436245984,-0.6830305483936695,10.085198847626888,-5.120408237996226,2.2035888957835086,-0.4722696703365852,-0.4411443956270383,-0.346933089177309,-0.4997870565920409,-8.63267277925,0.6830305483936695,-0.4997870565920409,-8.63267277925,4963390.1958453925,4144339.737910019,0.397282951006595,0.999699171941456,100555395.66346876,21759684.97804315,22174730.51056734,271005.227283978,48314.16000492084,50044.82032228003,1.5938074530328343e-06,409104.9788990052,72426.62252937966,75976.79324397871,3.704288517863565e-06,2.607612133143356,0.3264427923174303,0.3386840909620303,0.0013642474864796
143,0.5488146140618242,0.0014874561353536,0.6520569804853744,-0.7251686778120932,11.085480698181772,-6.057975415739136,2.378459989421634,-0.4864522823711426,-0.4357527500057681,-0.411659274989812,-0.4996696868437071,-3.968886273122649,0.7251686778120932,-0.4996696868437071,-3.968886273122649,5765928.372693167,5726423.872006128,0.4334823240631915,0.999443428425312,110563445.4637229,23439023.73552302,23915519.987126183,264521.1408404559,47038.25282193514,48785.68251512797,1.3647330668141513e-05,414109.6989224208,73036.85779845263,76777.18149306117,3.95502973272388e-05,2.379880978195325,0.2874897751198647,0.2996617487815973,0.0010776466115693
144,0.1900034392321699,0.007349439498619,0.2310429393132677,-0.8956303398138988,19.74701902190297,-5.783025230761677,4.767961569831352,-0.2251143858963776,-0.149444607651678,-0.4246792869182976,-0.4995889868262873,-9.663409042806846,0.8956303398138988,-0.4995889868262873,-9.663409042806846,5616983.137200613,2574626.538494494,0.4745322838016889,0.9961682965814378,197138730.6997899,47210614.47270892,48014038.30691179,395021.1687181526,71834.3114900953,74657.14781406289,0.0048766148621565,614553.1389904191,113110.94867984476,118933.45678713438,0.0148783984244933,2.4823844254519933,0.2154602209855816,0.234075302329088,0.0010446597917897
145,0.4903484679032893,0.0425975304424362,0.8172749647671498,-0.6657714329490374,9.754972798355851,-5.460969176139234,2.086373999272205,-0.5004433522517083,-0.4596764364444676,-0.374933929125049,-0.4997128917175969,-6.040104069017465,0.6657714329490374,-0.4997128917175969,-6.040104069017465,5262384.269353772,4715033.512051617,0.4056522532617806,0.9996911947348538,97266827.01634523,20547611.75772856,20986881.2298628,256564.0870152523,45861.26713400043,47584.65022028508,1.0639168246501703e-06,395703.4837650532,70085.54466674037,73679.47307982482,3.3479161194475865e-06,2.483486442299991,0.3205456953669424,0.3329224615262904,0.0010976243912041
146,0.2341409918847764,0.9708146206702016,0.7731109705014464,-0.83713346921675,14.204034961283236,-4.836601199239482,3.321491656988207,-0.3179995830846892,-0.3167811246832056,-0.3155034257625955,-0.4996107551230084,-9.688994575979152,0.83713346921675,-0.4996107551230084,-9.688994575979152,4659914.391082962,3079175.214984945,0.4178947441687866,0.9995141385249056,141748973.19166264,32681065.85042933,33326778.4671271,344958.7626943267,64604.52469631512,66858.03737751365,6.670877195491609e-05,492621.4154973535,91704.60870445936,96127.137324473,7.583622439869167e-05,2.881339672003247,0.2644740564700331,0.2854047542856877,0.0018092471825644
147,0.5427326823122911,0.0069185274110112,0.8559852948268221,-0.6337401586010338,9.241088060407195,-5.443312129856076,1.942638906604092,-0.5217804749685182,-0.4771201584254969,-0.3832534734192677,-0.4997199203318132,-4.299337074088843,0.6337401586010338,-0.4997199203318132,-4.299337074088843,5264139.569450921,4626835.525949703,0.4021076876071019,0.9997496540915748,92125715.75197652,19098944.870710403,19534141.162168987,245448.2914453976,43886.12919963199,45661.29131669943,7.834482255423292e-07,382723.5617419884,67758.63290317994,71433.8974706293,2.4841817988240133e-06,2.4349433543081687,0.323086957636557,0.3360699611830142,0.0008710159600188
148,0.3316220282631443,0.0715560452117995,0.7126342754040336,-0.7359823228028827,11.171337509019173,-5.497048992932065,2.485774520074481,-0.4292774724779377,-0.4023899787767362,-0.3351903866455664,-0.4997870565920409,-11.01478986503946,0.7359823228028827,-0.4997870565920409,-11.01478986503946,5271103.329740501,4946890.127331333,0.412544534556985,0.9994488702452258,111408586.37704736,24553456.90148285,25011264.602596343,292367.24714173324,52754.99204447411,54560.243549963445,8.25934883830364e-06,436282.13443829824,78222.38097024501,81946.44869325735,1.7398434283981076e-05,2.6979784893669216,0.314421061959168,0.3277470764343634,0.0019731775931363
149,0.0080826255592001,0.9569847876602268,0.243464921562755,-0.931048182857978,26.00325236756693,-5.736372125274851,6.130268701580478,-0.059115090970543,-0.0151221516614843,-0.3890440263899243,-0.4923150256327484,-12.84753155713423,0.931048182857978,-0.4923150256327484,-12.84753155713423,5592626.65516383,2281028.9474063,0.4829103183068734,0.995611339621835,259437667.3632808,60353556.955870576,61622705.46660856,496122.3072069665,78033.9587140121,82387.00858032108,0.0422477377791137,732151.9390809798,119192.7461944783,127367.40640804944,0.0572295470758577,2.6399615112118253,0.2101225286579179,0.2367405217572529,0.0008088010995704
