rn,rs,r_theta,neg_eta_V,E_Qs_s,neg_E_sg_s,sd_Qs_s,g_q_stag,g_q_shldr,g_n_max,g_pitch,g_nose,eta_V,g_pitch_stable,g_trim_on_nose,E_sg,sd_sg_plain,P_slow,P_cap,E_Qs,sd_Qs_plain,sd_Qs_infl,E_q_stag_max,sd_q_stag_max_plain,sd_q_stag_max_infl,Pexc_q_stag_max,E_q_shldr_max,sd_q_shldr_max_plain,sd_q_shldr_max_infl,Pexc_q_shldr_max,E_n_max,sd_n_max_plain,sd_n_max_infl,Pexc_n_max
0.4693588736726308,0.00026656838582076207,0.16000523648273998,-0.892248740288453,21.83719034217023,-6.49768537646822,4.618130155923748,-0.2996470998531295,-0.18061431173293352,-0.5025000992156677,-0.48732080805506184,-0.019251514510704646,0.892248740288453,-0.48732080805506184,-0.019251514510704646,6392835.301752844,2875729.205751159,0.5019328700768002,0.9962145643788584,218181152.22977197,45862632.451408885,46761296.58234763,364027.99226527824,61594.75464516827,64229.4907394435,0.00240925453400104,606126.6282603134,101927.76909614872,107661.81299143472,0.010665062488628535,2.0989696304642207,0.21238992513750435,0.2258105454503669,0.0010213372265206093
0.06655837344767879,0.9575275394613953,0.18547377066508094,-0.9335771632579465,26.969096342887426,-5.835945338784697,6.248847110994892,-0.06395565996350604,-9.724956563557499e-06,-0.39340325906762813,-0.1970097864868935,-6.464485214864921,0.9335771632579465,-0.1970097864868935,-6.464485214864921,5720593.604960054,2356120.6205895403,0.4951453409753494,0.9949103134963599,268954168.20535034,61520570.699358724,62766182.79311269,493865.19463705516,77657.30511604907,81734.15982851108,0.04050673586485202,745677.7243315832,120363.81144389109,128284.11829745614,0.06319583982771929,2.6157028862806855,0.21439731594812694,0.23751419753386244,0.000917874821668623
0.0005702329358176772,0.9867811114355026,0.23096244581304295,-0.9342300572952204,26.67368166988472,-5.765069222363527,6.23083142235117,-0.045796698110548976,-8.379447595938108e-05,-0.38619551590071877,-0.46830751928680137,-11.164305271973811,0.9342300572952204,-0.46830751928680137,-11.164305271973811,5625043.61673224,2280657.0187896015,0.48498716496006683,0.9953812066364283,266103830.30958897,61236753.46664879,62614889.67766068,504380.8324041385,78215.9922135225,82871.86876383203,0.04773711901184124,744580.8166530292,119993.10395112915,128633.53017686015,0.06355524755963465,2.647552644858844,0.21077157708973218,0.23937206431254965,0.0008024110528839563
0.7178617488214267,8.335406012291435e-08,0.9999976680547337,-0.5386532992350287,8.251106041158623,-5.205766179225616,1.624391714029438,-0.5680146345321159,-0.5120611127029788,-0.41750631741726496,-0.4996554442916762,-0.07831386832299156,0.5386532992350287,-0.4996554442916762,-0.07831386832299156,5099019.601681572,3905005.2579020257,0.39051325033130807,0.9998834342398827,82313843.07398081,15779886.264995709,16360116.60860352,220994.8448006749,39144.684611619276,41690.86734458866,7.504321135347193e-07,356953.8181584813,61642.81611811001,66807.31943565389,2.0043056536145996e-06,2.2795859072424247,0.3081720929566428,0.32980967568482666,0.00035264689807409445
0.05583671011963908,0.6354716861378867,0.17020474817499143,-0.9313251183198099,26.665116585568818,-5.987261519524895,6.344133705226532,-0.06915560536164923,-0.0003140220815129578,-0.4108436950034017,-0.46978449475407436,-6.8903416528023405,0.9313251183198099,-0.46978449475407436,-6.8903416528023405,5862725.313943939,2456780.252606253,0.48953547900514355,0.9945952872490447,265976452.47154653,62839484.14583159,63879119.31015527,486208.29196743027,80187.2225481006,83596.02253463413,0.03797281656517444,741408.845186988,123556.69277834584,130433.42373372683,0.06554863533484821,2.545167225999816,0.2160381667142993,0.23371185218765755,0.0011714753780650354
0.0016658736691591014,0.986027743442686,0.8884389759414847,-0.847245422067717,14.843997884210316,-4.206727004996502,3.3970982834767125,-0.22043541801048674,-0.2686698817263788,-0.20961056361037347,-0.4995949397307353,-21.656254622663038,0.847245422067717,-0.4995949397307353,-21.656254622663038,4116545.231341271,2310358.360433902,0.3856915134070981,0.9996061099415934,148217808.13014728,33320397.180041753,34195109.73999671,396871.8420964762,70699.29464590113,74371.8350293057,0.0003834921504735178,530428.4827179204,94278.08464083857,100510.16450099832,0.00013269930026686406,3.3921365489713815,0.24003762866743544,0.28370556766824145,0.002197326485773952
0.0021416007075212573,0.9919128682332938,0.8699671211221885,-0.850924409487497,14.96622470937643,-4.249610164932427,3.4323884813100682,-0.21595414344338817,-0.26425272632361074,-0.20947361501014933,-0.4989718580473944,-21.666384320152062,0.850924409487497,-0.4989718580473944,-21.666384320152062,4152490.808329694,2353758.2671355717,0.3887758776808139,0.9995765425410191,149442366.14570925,33657502.43065466,34541695.35058884,398675.5612609472,71434.05716947847,75071.60199637366,0.0004589717794733202,532949.4777619684,95297.23228728597,101504.92024112634,0.0001554087053855549,3.3939271694101554,0.24025676010767014,0.28438312472777544,0.0023060516459360286
0.34646434349529415,0.8470696140231154,0.8704605475485556,-0.793577574497704,12.759827052873527,-4.732689088999614,2.859174127924957,-0.3902623168398642,-0.37187138671056486,-0.35147925856042705,-0.4996735465559766,-6.15173191544935,0.793577574497704,-0.4996735465559766,-6.15173191544935,4582686.062290259,3059455.093886902,0.40708026451988677,0.9997064768378364,127267920.75564317,28224159.82488686,28719386.469207123,310677.0368558291,56847.986546289154,58748.59188079487,9.328537669146077e-06,455658.8171528389,83271.17140262706,87068.0613072572,1.4366157107220695e-05,2.6883257126006863,0.2737082250139984,0.2874985586796263,0.0010194197458612087
0.43744441413436835,0.002250189618802023,0.18877314065722423,-0.8872953440294243,20.70773529035179,-6.384127181178276,4.478449828375807,-0.306621750952767,-0.1932022867637073,-0.5078424990940237,-0.49642996913350335,-2.547057930900419,0.8872953440294243,-0.49642996913350335,-2.547057930900419,6256323.0181507785,2824939.2677743556,0.495686636728263,0.9964773163857742,206885756.0891847,44437646.483100496,45281000.207656406,359876.7355573663,61300.65727188038,63875.06818270418,0.002177488644690465,595453.367633144,101085.77336909865,106690.72587782143,0.009032474197970495,2.0863658519947457,0.2084615740777065,0.22185829093767123,0.0008861274185011626
0.48491672337395886,0.0557009634195082,0.8601244677038404,-0.6494436453912533,9.48547949323616,-5.289188786644294,2.024924759541048,-0.5049538303210811,-0.4653180831345591,-0.36825819217537215,-0.4997128917175969,-6.110412801499499,0.6494436453912533,-0.4997128917175969,-6.110412801499499,5124653.789419329,4394833.304279647,0.3989561150414596,0.9997380281700337,94564182.97007032,19945055.232093986,20366746.506959166,254052.1469396271,45416.386378220166,47171.70361862406,9.833765725275704e-07,391279.31631581724,69322.83698625721,72939.96542131017,2.7513958931251977e-06,2.500796974077445,0.3270317211595017,0.3396572404234711,0.0010325446784315052
0.004624175589291679,0.9899216253376937,0.8361467230485959,-0.8561195591758438,15.147517834571099,-4.337467386068919,3.5036263703690187,-0.2102364695413434,-0.2580796108692153,-0.20936814042040774,-0.4995949397307353,-21.666384320152062,0.8561195591758438,-0.4995949397307353,-21.666384320152062,4226518.462555076,2451170.829873484,0.3942031540072347,0.999517594677367,151260244.37801212,34352903.6113357,35242338.39930916,401100.40408362227,72362.35936333239,75923.54173626527,0.0006056940020856471,536772.8680418615,96616.09072144543,102767.98445885522,0.00020518367104198037,3.3935075449243888,0.2426218906382371,0.2867007638016585,0.002625846300460527
0.09469427786813811,0.08488845054518569,0.18816079288746224,-0.915874638744601,23.02862916433101,-6.047810306318368,5.5856132804286975,-0.14294288962232082,-0.06862123322440603,-0.4264464734510818,-0.49709231319488567,-16.692511299545643,0.915874638744601,-0.49709231319488567,-16.692511299545643,5885586.571362057,2550125.3490038794,0.4768938354271578,0.9951257604903114,229863521.68655688,55380659.74303884,56296226.92654222,438264.9906070962,78420.03215798309,81607.81312928429,0.015022208529697951,677109.1624869106,121504.04606195942,128000.5396163573,0.03642786404836144,2.4673783470475157,0.2179265235533722,0.23619487235614578,0.0012553252273186804
0.031286243431766364,0.925212065652492,0.2227012574210517,-0.9315220198449441,26.36030328444073,-5.799727496966251,6.173424754574187,-0.06575549328636411,-0.012097320701200748,-0.3997745808508779,-0.4664546281994504,-10.540398398818368,0.9315220198449441,-0.4664546281994504,-10.540398398818368,5664433.644487747,2305806.687596147,0.4866986599424929,0.9953825377767523,262965384.32367194,60825257.703463346,62047733.09244336,492403.7598010777,77817.74059918946,81905.05822807743,0.03977936516023937,735178.4516489543,119582.76407771811,127436.44439724718,0.05843550208301986,2.592108866258818,0.21146120384079933,0.2351322290365238,0.0008500819359917449
0.05362402220928622,0.9945371682962643,0.6708298232533882,-0.8745737610822459,16.078479426484204,-5.001018113977592,3.827420775137772,-0.20373947134602616,-0.2374173268495555,-0.23823634303183489,-0.4989721967494388,-19.02049498948492,0.8745737610822459,-0.4989721967494388,-19.02049498948492,4805143.927737297,3237088.048997141,0.4228734558295389,0.9991285632943163,160475343.51830202,37530197.43799267,38394031.35069681,403272.20605244476,74188.34416291687,77334.71661153212,0.0014175027064579084,549800.8355558002,101058.71207614122,106764.4893614801,0.0007597621860476664,3.2427002575808803,0.2626997051109738,0.29528240338971123,0.003181975073312965
0.43744441413436835,0.0024433237503961452,0.2312361590142832,-0.8768432824183728,18.717368426967425,-6.11979974148913,4.150131682286399,-0.3283517475258971,-0.2242988659324363,-0.5015803986679962,-0.49936973610716395,-3.324576509891918,0.8768432824183728,-0.49936973610716395,-3.324576509891918,5972994.660239897,2804365.51117786,0.48931911726377914,0.9969735109795547,186999065.0763138,41128711.18588663,41887940.86471523,348184.09416947706,59628.778218556734,62103.77007592769,0.0016038475216758165,569768.4141786942,98609.05542928257,103945.80788277084,0.006124663166444881,2.131136952511186,0.20251141708380582,0.21647946448189637,0.0007266005394196167
0.49049185940162354,0.039497961492807855,0.26712751480032015,-0.8653317052592243,17.52031254926669,-5.973575328094211,3.8773637745227583,-0.35672853572288954,-0.25790279064769556,-0.5017196518831125,-0.4997128917175969,-2.1360324774836004,0.8653317052592243,-0.4997128917175969,-2.1360324774836004,5822130.398368029,2905945.874938008,0.48799563355030284,0.9974728630260228,175051526.4567041,38418790.84677459,39112769.29279359,334184.180277279,56828.628122075395,59135.110592335484,0.0010875457716493352,544692.3184731653,94664.47738101686,99637.1018536834,0.003995660163102531,2.137704614547022,0.19792097937279501,0.21140607375637976,0.0005710008821197221
0.323564583258404,0.07750569548579025,0.15841979713697538,-0.9036233723721618,22.8485401027384,-6.406633291653103,5.166356364375256,-0.24291785912838715,-0.13435486442591796,-0.4855048819078657,-0.48916691616876185,-6.373899475336248,0.9036233723721618,-0.48916691616876185,-6.373899475336248,6285830.6158740865,2762564.354929035,0.4950128604227791,0.9956310739376828,228154668.50898314,51328416.9668234,52182225.43487223,390294.2101272764,68284.34728056377,70896.79139732353,0.004764326024842241,637218.8819171267,109599.73734898772,115295.6424365016,0.01865365909253468,2.1719665093057583,0.22298079010590516,0.23573891907383424,0.0012735263185895155
0.2372102644241115,0.019624633551472537,0.13594805579669877,-0.9120501551285426,24.03950651529757,-6.439861184742822,5.473654548321062,-0.19493068197160043,-0.09082994819935504,-0.4627335273990676,-0.48631289204654615,-4.882468735989507,0.9120501551285426,-0.48631289204654615,-4.882468735989507,6312880.503806451,2754206.2862465554,0.4918312664234529,0.9948811107285626,240027945.1243564,54313271.65098951,55257196.01159286,412948.60944209085,73206.61068097886,76170.50930366889,0.008874097789543392,666044.3432061945,116214.22005934172,122499.32268447036,0.029804596341573463,2.25455273679426,0.2336537108599989,0.24808529696128395,0.0015484989897149393
0.49476474159851314,0.04281509618184249,0.20536855573199664,-0.8816787037821804,20.036217001582084,-6.353237203183492,4.281368894600874,-0.32870387308657867,-0.21473524012426987,-0.5171738605862448,-0.4966277797507075,-1.1696758064952388,0.8816787037821804,-0.4966277797507075,-1.1696758064952388,6228104.480638298,2855866.320474213,0.4976000310558333,0.9968551298603849,200223280.24834168,42515593.79559766,43314981.86900267,350162.0098055364,58582.55024531347,61024.73014230205,0.0016020718258929164,581761.8951178103,97384.82961685839,102752.429604618,0.006677711224570705,2.0533640507477253,0.20170237799146706,0.21424061793017485,0.000707167012688011
0.421948878156012,0.16966390468448694,0.21560442953266462,-0.8882639936586135,20.255813936010576,-6.214434082888477,4.564676799932496,-0.302717890829043,-0.19731662631032418,-0.5051547972933623,-0.4985806361030001,-2.344881531199827,0.8882639936586135,-0.4985806361030001,-2.344881531199827,6084595.172512624,2751492.069716722,0.49448495355674754,0.9967464009654982,202350938.29322767,45369210.69285907,46096768.2937379,362090.4852142234,61938.949487974256,64207.5211097973,0.0020233417648475773,593339.9233416788,100712.61735913239,105763.34523713897,0.008243225018511411,2.111380028730075,0.20783190284736933,0.21907500024339027,0.0008248922762035135
0.4604045879615782,0.9996985771415502,0.8916658468584775,-0.8011555014205524,12.942169617592858,-4.8258922672415085,2.892264396934608,-0.4089081613757397,-0.38090412455751677,-0.37766722986041723,-0.4982136538435472,-1.7518894568361494,0.8011555014205524,-0.4982136538435472,-1.7518894568361494,4663399.425498127,3037901.654606209,0.4144422983338663,0.9997605864290535,129095133.36636136,28482138.789352864,29039232.962671172,299924.7588520405,55534.41101486944,57608.47368557982,9.233455825746736e-06,447534.853368245,82497.11769504794,86607.8341056864,1.581064590505343e-05,2.5744795079661147,0.26218264386123546,0.2783981336953239,0.0007309933937529158
0.49476474159851314,0.0002769892550509853,0.2088213641930352,-0.8790488926213614,19.680278572484387,-6.335575991970306,4.183448872817806,-0.333951304602569,-0.2202184966461613,-0.517413139574996,-0.4966277797507075,-1.3781193598411026,0.8790488926213614,-0.4966277797507075,-1.3781193598411026,6205079.234319691,2862588.191473198,0.49611874361572383,0.9968950293274178,196667672.28569734,41498755.58939423,42315551.08270711,347255.6635634114,58111.05971548941,60625.670938392635,0.001541878225236386,576770.1603406953,97009.71416644855,102488.27457478899,0.006324918909448128,2.0530653535823404,0.20020160237793494,0.2135450197168112,0.0006819823184763176
0.6829599181462106,0.08006785878837366,0.9285086747282408,-0.6011947557374001,8.934325700950177,-5.413754100855343,1.827339538199761,-0.5533950691656988,-0.5009912402556628,-0.4160405002762603,-0.4996337709586586,-0.8279490853467284,0.6011947557374001,-0.4996337709586586,-0.8279490853467284,5256354.854704252,4336287.626169691,0.40136816191569463,0.9998385759396383,89070267.04749754,17988556.57223649,18385910.508801877,230451.98352450342,40217.72554599728,42085.06889077752,5.719710686610332e-07,367040.84628491546,63486.420077719966,67309.79954200797,1.8815489043806243e-06,2.2960590462143418,0.31292496620985494,0.3247933423243578,0.0004996393661064228
0.510892563447653,0.0008350688268325482,0.9999989207864435,-0.5632774325744797,8.423509845532982,-4.806993074937568,1.733085281332622,-0.5303772488546024,-0.48820182578289417,-0.36910684314543474,-0.4997128917175969,-5.619695161014423,0.5632774325744797,-0.4997128917175969,-5.619695161014423,4736489.90788019,3459534.0074476395,0.37727342811652287,0.9998544811246232,84035285.59498271,16879704.704661407,17438709.430932358,239785.79494443382,42739.33904589957,45305.15328035626,1.381381568135605e-06,373998.87675300025,64882.86577352593,69994.72202811134,2.7255591995639127e-06,2.4675777595366584,0.3316728715093965,0.35337917445689265,0.0006459604185406006
0.29543223403066454,0.9586340730505367,0.8275726716293048,-0.8202947958825764,13.545585009253651,-4.7534294322966835,3.096733580165475,-0.3526882023439642,-0.3422306069479777,-0.33721747530304513,-0.49961075512300845,-7.315721142377123,0.8202947958825764,-0.49961075512300845,-7.315721142377123,4591819.765321812,2991944.0842981865,0.41308012607893735,0.9996324062869123,135150085.41252026,30497359.298869997,31079463.733515546,327802.7302556204,61226.7412471397,63328.58643015918,2.4892971252633866e-05,474630.4466937358,88264.2940542328,92419.57774992072,3.241788920917504e-05,2.776909031825944,0.26315829807672747,0.28108486294086127,0.001285496775543577
0.023754716758393135,0.013712683737199083,0.23104293931326775,-0.9140580905241019,21.451221936856925,-5.572935812115438,5.310574391855937,-0.12093365963938346,-0.07665468268092746,-0.3504136263049517,-0.4995889868262873,-20.73010142879722,0.9140580905241019,-0.4995889868262873,-20.73010142879722,5399984.694862215,2451441.536594161,0.46470249959326543,0.9955206328913303,214115789.13111845,52486412.930253625,53494600.762657925,447086.66703909717,81101.0380072429,84770.78414363197,0.017713479020680694,664180.7411158835,123257.31997701284,130302.13893277138,0.03268533250885177,2.8032777937615867,0.22539583865645296,0.25268762831975494,0.0011692067344091764
0.24204293242824382,0.08488845054518569,0.17656939288765428,-0.9046753530095225,22.468656510066456,-6.268736531108864,5.252310420360121,-0.2176792247454313,-0.1197382850858213,-0.47389957584317177,-0.49320026178404597,-6.96216399351068,0.9046753530095225,-0.49320026178404597,-6.96216399351068,6126911.957471147,2671831.3414840642,0.487508659345783,0.995575584870864,224317435.7744347,52142825.364584155,52978438.20275145,401706.3822336278,71280.28980541773,73972.31325125524,0.006288507869795696,644680.2784285912,113050.54943477162,118836.87484043631,0.021717722130145497,2.2397156611536193,0.21955215788565183,0.23336528510891125,0.0012176384724815511
0.004663749787401864,0.0028816887374529254,0.1542658302848726,-0.9300442138979536,25.28749564615427,-6.228724547837692,6.047860515128652,-0.06787024070150369,-0.002246909523809329,-0.39775916148750445,-0.49022370468369747,-17.68398886775035,0.9300442138979536,-0.49022370468369747,-17.68398886775035,6060592.674868374,2618340.487704979,0.47468677586894686,0.9940475123604785,252450538.1178798,59776088.30118405,60995811.04730637,476440.3949679785,84153.58417257355,88377.89496432006,0.03527380304876876,724503.7296265464,129014.0126115456,137112.93681638304,0.06343527218424146,2.564289965580585,0.22752284083354296,0.2523263092833905,0.0015461597158152127
0.6050741840137254,0.19208142035585857,0.7781726595621525,-0.6992551046275046,10.489123837175601,-5.7223156176493895,2.2108819856673807,-0.5073445309195191,-0.4589314518072668,-0.4140418151288864,-0.49964094438472706,-1.88542489548684,0.6992551046275046,-0.49964094438472706,-1.88542489548684,5465756.1207729485,4979156.504108949,0.42220780860922347,0.9996800828761625,104598984.23755601,21800342.839886636,22225353.982122142,255031.645769576,44556.03923603628,46113.3570356754,7.994511864430822e-07,398885.2004407656,69368.71848911341,72721.23716572236,3.7805231612201406e-06,2.3424209558215705,0.29872162199710167,0.30835866019202623,0.000916160091287796
0.019035329839901444,0.0006873702220052506,0.19232495695072888,-0.9223045207571411,23.198051367347635,-5.927160710455705,5.671661328618146,-0.09984431242794498,-0.04225175753922737,-0.3872630112114194,-0.49709231319488567,-20.746631954461186,0.9223045207571411,-0.49709231319488567,-20.746631954461186,5753485.1343995705,2516667.6470355038,0.4698603810205939,0.9948504313286377,231572002.63928375,56074662.53860802,57168301.049837925,458935.4613827004,82221.25993893508,86115.91082645289,0.02426903892877818,692413.6523406911,125777.95828305576,133293.33966705127,0.04593410069542003,2.6355989556316017,0.21992624254976284,0.24554636179393471,0.0012959092605434091
0.6949193969384673,2.1324919787998886e-07,0.9903573854796155,-0.546200527877817,8.288856570573607,-5.200316613981394,1.646233733998317,-0.5643094850941689,-0.5098875842005585,-0.41255141093229264,-0.4996679820182366,-0.6872292337945786,0.546200527877817,-0.4996679820182366,-0.6872292337945786,5091853.595097782,3936759.7414313224,0.3905680516000361,0.9998758027254225,82681007.68074426,16054355.6373064,16577533.288141096,222930.07772133732,39595.54137471716,42009.44969003931,7.352408789814819e-07,358485.87986385066,62231.64581450478,67115.80530345147,1.9757447957504805e-06,2.2997946077975286,0.3129009567056071,0.3321234421708345,0.0003871063399925569
0.5607426500135096,0.05527970643362645,0.8640181318292461,-0.6386569330053031,9.349709720148986,-5.429407585452213,1.9630888635931107,-0.5234797233822595,-0.47808220742420443,-0.38948196312809386,-0.49966968684370716,-3.9677160973439816,0.6386569330053031,-0.49966968684370716,-3.9677160973439816,5249672.79174029,4553244.945640247,0.40312022699170225,0.9997620245612969,93202457.55117929,19316662.211998623,19737353.12050836,245081.36050494728,43517.96075047781,45244.945272425255,7.009038622069908e-07,382636.45593545865,67398.69655512116,70985.67606770247,2.3279126337665497e-06,2.412500571139644,0.31965709603307185,0.33175379866464816,0.0008098747130472775
0.07188161301469453,0.04330838260236301,0.7216056180957571,-0.7782267644175697,12.395658403756984,-4.9357428296528,2.8174894800563464,-0.30999002187515534,-0.32637612936280075,-0.21325813102430535,-0.4997870565920409,-23.911530997496495,0.7782267644175697,-0.4997870565920409,-23.911530997496495,4775703.831377867,4153778.7938686474,0.3941662665797785,0.9993034548196461,123693950.9154069,27815985.2652737,28398862.664419442,354677.7434397856,61932.37250337417,64538.307883820395,8.47643933767275e-05,492898.5682194363,85998.51597826763,90891.93261781274,6.227357747064084e-05,3.3041724245563993,0.29795437946328357,0.323833020081555,0.005930920491285991
0.026748828055668514,0.04012509602897203,0.16394430337333143,-0.9262762293183486,24.758967311019628,-6.175057921906618,5.951302032410637,-0.08684233983844036,-0.018810952472082105,-0.40712173206820923,-0.49408088175285014,-17.66343702486323,0.9262762293183486,-0.49408088175285014,-17.66343702486323,6009168.155972901,2591056.4485570993,0.47540685891232454,0.9943566856639052,247154337.67417046,58905931.81528652,60014136.74143147,467015.41468717565,82719.61256481505,86579.6341277013,0.02894726661690626,713101.2976905297,127119.88225207852,134667.1062572785,0.056129288528863105,2.5343996876570154,0.22399725148701244,0.24624616847503591,0.001447630428709942
0.5605194629436165,0.0010149231603569482,0.677196071917519,-0.7131010927517817,10.812810730789415,-6.034646145094091,2.3120133850208444,-0.494777505079109,-0.4442716923586178,-0.4122705706860059,-0.49966968684370716,-4.0294435922563725,0.7131010927517817,-0.49966968684370716,-4.0294435922563725,5745521.105100659,5690113.609679619,0.4304076249409401,0.9995016911625736,107849235.04498917,22784293.538988616,23256378.2924571,260467.29593583214,46163.11698278972,47899.98917109072,7.351752854882433e-06,408194.09680059075,71782.729310475,75497.50903333664,2.25398642987616e-05,2.368077506242001,0.29107311366166444,0.30334144865114,0.001066008739741367
0.04463262539721302,0.09030672168990417,0.19277065712971928,-0.9195977779145433,23.355453553202807,-5.958097172740886,5.714338624743104,-0.11202979824571221,-0.048590135533798255,-0.4035546561068686,-0.49709231319488567,-18.848675822480082,0.9195977779145433,-0.49709231319488567,-18.848675822480082,5791114.029048992,2510418.1207100805,0.4733223865536635,0.9949749519443474,233121583.12174365,56617349.77645175,57594099.95470814,454021.9947803673,80962.12836193548,84439.82532359476,0.021479108482217724,690526.191113808,124328.57484506113,131225.6596973076,0.04386868975678856,2.5714002371451588,0.21842062595408115,0.23940597411334735,0.001260325779646485
0.0003675500147224675,0.9285997293764097,0.7877710023534432,-0.8602204704709338,15.319201488590283,-4.467484791478661,3.5839930425515525,-0.20253633715385672,-0.25097683342220845,-0.2020112416864305,-0.49961075512300845,-22.46972849442447,0.8602204704709338,-0.49961075512300845,-22.46972849442447,4336705.309974964,2653660.3731587785,0.40005708952660823,0.9994148686240526,152972024.22061932,35171783.062870435,36035962.43242231,405458.51310030307,73105.95516008142,76496.72225078984,0.000813384295522135,542472.9029132631,97602.10926938376,103551.45781369564,0.0002806272618213855,3.4208850375313933,0.25158685490340976,0.2929633028976209,0.003540771058556141
0.4578837221931711,0.11765763698327575,0.7426675978988809,-0.7152373903753869,10.728479443821033,-5.6153792418994755,2.3358277040486386,-0.4721076077297442,-0.43354040254350856,-0.3748615894312245,-0.4997128917175969,-6.561583052758243,0.7152373903753869,-0.4997128917175969,-6.561583052758243,5374332.422240219,5008031.473355314,0.41683624348982223,0.9995704896170334,106993869.29531185,23060542.69459507,23497367.915988293,271354.79327344324,48570.855437330414,50213.20839161434,2.1339916128906283e-06,414959.284786253,73774.8656183555,77248.71473075524,7.00898128312575e-06,2.509104142522338,0.3121411397188475,0.3232501437659962,0.001407027505778817
0.42634708949855255,0.9805296587405394,0.44798062671150574,-0.8808903222002322,17.590116420599315,-5.843001372018103,4.164843433060067,-0.3169255486719096,-0.26700955767665596,-0.4241819146268118,-0.4994167543956647,-0.2914319170273958,0.8808903222002322,-0.4994167543956647,-0.2914319170273958,5618422.049625386,3331267.575589538,0.47821187744549887,0.9986072209165839,175649310.6962375,41284544.43058136,41975140.47160711,350568.10846186697,62706.71253412056,64918.295034298375,0.0006800368127747382,534451.9041566143,95776.98607904468,100465.35436241413,0.0016877383799004722,2.4175327373902573,0.23145229390174407,0.24634647994409234,0.0005546369249848637
0.2398037137956361,0.07397325653341445,0.3346603747253585,-0.8696966871836675,16.997784128599488,-5.378880675795056,4.018783259671583,-0.28406277316981743,-0.23450019791405252,-0.3792498425907508,-0.4997870565920409,-12.062707308706875,0.8696966871836675,-0.4997870565920409,-12.062707308706875,5202009.997862097,3053374.3952168315,0.4636561404827071,0.9974786842015145,169632523.82682428,39802320.9014102,40435770.79102104,362864.2425230573,67822.42120310226,70146.48279275921,0.0016977041712521704,547523.3882462211,105254.59778910554,110001.99958598461,0.00450810137901306,2.655518730361432,0.23930831362183405,0.25619683747823313,0.0009738495014921047
0.09043389789426384,0.0009613360155124179,0.16985953446351398,-0.9169863349951617,23.599493547141524,-6.189518354745525,5.634306938368703,-0.13577248552680682,-0.057247610523524464,-0.42934499494177,-0.49659333132824324,-15.586016584388577,0.9169863349951617,-0.49659333132824324,-15.586016584388577,6025856.61999489,2610405.5742804767,0.47748554660187215,0.9947885595108076,235588443.46768856,55793072.79266319,56807489.0196834,441244.9155222182,79044.04537844798,82511.63793368454,0.016535584492505542,684742.6273155727,122747.33648044427,129734.25574529743,0.040254849684251165,2.4375384741383863,0.22189179798851288,0.24172373527671145,0.0013753385819191184
0.2400676170037856,0.867529924591721,0.30953378886361993,-0.9061459905090448,21.061979889623533,-5.727152047257966,4.954666592196969,-0.22199836317862184,-0.16137334494658187,-0.43994530020580835,-0.49959913344029017,-5.668266290283681,0.9061459905090448,-0.49959913344029017,-5.668266290283681,5575717.453800366,2506126.920810247,0.4850674033576165,0.9972188906086195,210241724.66090068,49111447.491418935,49881136.272141576,404250.8748418587,69123.15701927163,71618.39912370006,0.003676118555458306,618620.3891136555,106014.09514794481,111314.24550068835,0.011956260622773515,2.402495373952589,0.21509629621017634,0.2288930461024562,0.0007356570823736955
0.0014970230598068297,0.0738601926958245,0.3515018956490692,-0.8974964386024049,18.997462905763104,-5.043424458569275,4.6532324683390645,-0.1429556651210795,-0.14742388927417063,-0.2671910333579781,-0.4997870565920409,-25.211313144983567,0.8974964386024049,-0.4997870565920409,-25.211313144983567,4869260.0786149865,2884935.4386306773,0.4468683622219116,0.9970156400633762,189515231.7456095,45997523.29531504,46836958.94737734,433903.7640419249,80263.58316649465,83627.20366181972,0.008892495780389878,609470.6708460173,116045.21668245859,122290.38065837417,0.010971393664104642,3.175864992634564,0.23712279868516103,0.270129441597252,0.0018276679799694336
0.435823794555704,0.00032609632804144265,0.17601814099501217,-0.8903370269050305,21.29947685953204,-6.438361020403677,4.582322459676739,-0.2990822495450688,-0.18375790512369083,-0.5054793701168693,-0.48878931316317487,-2.060654407758871,0.8903370269050305,-0.48878931316317487,-2.060654407758871,6317559.967452051,2836952.3195059947,0.49746499722682264,0.996308360799203,212791534.71927416,45480483.52650851,46349357.90717846,363671.63971193397,61999.1726186574,64608.63065481817,0.0024129676643563384,602699.687091119,102117.15344779588,107798.36700954288,0.010220097388995266,2.0910663049436895,0.21123466970900504,0.22463843322395674,0.000965181249981548
0.23392965710781125,0.030543746232234437,0.7132698879561002,-0.7453295742968409,11.424057958988703,-5.308603958039753,2.5679204879671103,-0.3933529541147358,-0.3790928775401155,-0.29564680472026916,-0.4997870565920409,-15.736301791001768,0.7453295742968409,-0.4997870565920409,-15.736301791001768,5107141.811831527,4714776.186578151,0.40539572092023785,0.9993917207013778,113947749.49611393,25364296.727693763,25854265.066380557,310739.0210093741,55719.72730001122,57752.99570752724,1.957282028982051e-05,453172.0745837337,80819.41586770875,84892.44928910119,2.7496823518280575e-05,2.8893741014319603,0.31258288939637174,0.32915534972906313,0.0028134756044641317
0.5415286548511068,0.001761278172388957,0.976408127177579,-0.5718208365385192,8.46121574238404,-4.955110517569868,1.7443601990969437,-0.5355083111041263,-0.49136587081029964,-0.37486064098862154,-0.4997199203318132,-4.295844581048296,0.5718208365385192,-0.4997199203318132,-4.295844581048296,4866490.734197749,3710252.0060210936,0.3830056575542975,0.9998451798292615,84390895.87056461,17089206.173139695,17553743.574343983,237294.88626991445,42512.76600606502,44790.01307152916,1.0619915659566968e-06,371486.4716930648,65169.92870345134,69717.49991509743,2.3642937923543294e-06,2.4458043912613467,0.33404388349603575,0.35097476638555153,0.0006424090821553168
0.2377004820290938,0.03105744173767341,0.14339786418715422,-0.9108441749701737,23.80657614877721,-6.4206768244867085,5.4410854897693675,-0.1991820608656524,-0.0959028282480574,-0.4665055699412905,-0.494911135698646,-7.961093850978257,0.9108441749701737,-0.494911135698646,-7.961093850978257,6290591.417773705,2741346.5038304105,0.4910013085401143,0.9950138541518051,237693848.07484642,53997698.92141586,54922806.472465694,410872.5885486885,72839.8854937632,75748.71817129423,0.0083612487761816,662408.8660778231,115615.62195529472,121804.96803003301,0.028279029366930032,2.2446100349053157,0.23062329841242027,0.24490133496810643,0.0014816364514045341
0.030856914354253626,0.8641340231913403,0.7883213136512914,-0.8496128785556186,14.87580864699729,-4.503184764956579,3.468377527140207,-0.22781761288984062,-0.2669292200145037,-0.21879125122925566,-0.49959913344029017,-21.380008673476244,0.8496128785556186,-0.49959913344029017,-21.380008673476244,4368754.219525362,2762387.5620428887,0.40038841950672593,0.9994347071784949,148522260.24114457,34126653.769836485,34875225.58294886,393241.2570630985,70861.56462629983,73847.75800550541,0.00038730756787625734,531667.7545441774,95684.67181169562,101067.53896931683,0.00017584291734270112,3.3440112505547797,0.25711028116405227,0.2904537755310518,0.0033489056070585502
0.46434207289337937,0.9678077477051626,0.8628830931151232,-0.8027085493184598,13.019574908258225,-4.901894413535108,2.924101295532689,-0.40860086420684477,-0.3795859789544863,-0.38071476754333516,-0.4994752194210976,-1.9044790481120453,0.8027085493184598,-0.4994752194210976,-1.9044790481120453,4726818.637238892,3159069.6613048012,0.41835409599786366,0.9997326973444267,129866304.15903082,28811018.229034167,29354652.6841669,299972.3889850956,55815.83843250124,57762.934097140256,7.803781589125861e-06,448269.3212189274,83093.39145788173,87011.56472493573,1.5281442706761066e-05,2.5664084775389084,0.2610000927743146,0.2761201914133681,0.0008093490393644173
0.02779793347030929,0.9859030234899747,0.28734880249881056,-0.9263948595700778,24.13798407740793,-5.63404153496611,5.774808835820687,-0.09016961203542738,-0.05588094821592269,-0.38082168946622186,-0.4995949397307353,-14.051422341362901,0.9263948595700778,-0.4995949397307353,-14.051422341362901,5478878.868854801,2313705.993485934,0.47821481536165583,0.9963092402319482,240876371.75666666,56958940.76738879,58083070.67021504,477477.9694453051,76892.84832836191,80935.47739983267,0.029826531191337307,698906.0086918953,115978.50812745508,123613.21581511195,0.040672874829645884,2.678884570795606,0.20970878494850562,0.23570217036803975,0.0007727548354597141
0.5859860079100015,0.20735924871047756,0.7781726595621525,-0.7036334729470618,10.563349616956026,-5.679176248596272,2.23759031195647,-0.5020163967742601,-0.4550716210813741,-0.4091736883936427,-0.49964094438472706,-2.3724599730552614,0.7036334729470618,-0.49964094438472706,-2.3724599730552614,5427116.586728968,4915972.9472517315,0.42138179349644794,0.9996735137708948,105336755.68490617,22069580.102881923,22492648.595891293,257566.78813459614,45146.298180546604,46695.044629423835,8.182084046459274e-07,401399.5350893524,70037.81734884926,73368.81846924573,3.8241859000564935e-06,2.363472234822898,0.3003333802696858,0.30991083588039803,0.0009671979709763507
0.4595438517718475,0.005361140557598239,0.3020703482844469,-0.8565586681927131,16.43322816322661,-5.751253179783108,3.698612295330279,-0.3637060245715956,-0.27743895856370915,-0.4710882418368388,-0.4997128917175969,-2.8895227342356478,0.8565586681927131,-0.4997128917175969,-2.8895227342356478,5585622.920743613,3054697.930324605,0.48015259116298015,0.9977076500042351,164145955.57486317,36594687.403051175,37257888.830190144,328097.54891791235,57396.241952084565,59676.827220649735,0.000954573359726548,525012.5113407932,94884.74208835939,99696.82817072108,0.0031793454055272933,2.2634067619506517,0.20868870655536756,0.22359896924033212,0.0006164126980620978
0.32072151319659437,0.04313766400284761,0.9531845451049656,-0.6275043482649075,9.193570931802668,-4.603635626420858,1.9895557776848118,-0.4718406917223894,-0.44873263474201164,-0.3095713845879972,-0.4997870565920409,-11.712259275014423,0.6275043482649075,-0.4997870565920409,-11.712259275014423,4536667.897418723,3328463.5256661377,0.37347798592569265,0.9997848300173703,91720956.00353865,19587169.016439326,20033016.589505836,271257.6601471559,47512.03768043353,49835.67218412523,3.3051063737268284e-06,404432.4950230797,69705.51082699886,74201.96455456346,4.553640249614816e-06,2.7219358798783686,0.3530703759013037,0.36977161908735856,0.0020309234018274537
0.009597544355030352,0.975334511823577,0.8899910521132546,-0.8445369168951176,14.740857171870818,-4.211965939125415,3.3711029596959627,-0.2266685188660089,-0.2725462020385816,-0.21448083023264708,-0.49961075512300845,-21.754909107274322,0.8445369168951176,-0.49961075512300845,-21.754909107274322,4121536.0304382998,2324362.555040947,0.3857003770154299,0.9996118099548914,147182348.73173913,33088631.704042673,33933285.92847624,393860.1379802967,70144.54122632237,73713.62160285554,0.0003227923221313491,527792.051967194,93811.43555291426,99904.43401441148,0.000119738386598157,3.3704311073801536,0.2410600880460996,0.2825327324339262,0.00214899492851513
0.33606763124914335,0.2084274927088168,0.8376706308246504,-0.7080745872857638,10.60048498442421,-5.008808980212906,2.35319651413691,-0.4445939451373972,-0.4206593339507128,-0.3301870009861042,-0.4997870565920409,-10.270166343643536,0.7080745872857638,-0.4997870565920409,-10.270166343643536,4855646.898942753,3969853.4999691807,0.3966257301362061,0.999664185040418,105707817.05351517,23272271.201047976,23689467.547601815,285308.20006824064,50773.11523892712,52514.0689783862,2.537856016335026e-06,424109.96460284997,75072.17164112406,78621.26109608685,4.995563846930681e-06,2.698577484267683,0.32250239996865354,0.33484415853483207,0.001657284539357331
0.3823725824156432,0.031222410198065542,0.2207791470275276,-0.8841467626862182,19.407376471836464,-6.123343876121322,4.398444727894037,-0.3029940435005665,-0.2012935229410919,-0.4929210127637518,-0.49902582464481826,-4.483860179238794,0.8841467626862182,-0.49902582464481826,-4.483860179238794,5976430.212333684,2743365.693328328,0.48819255508789333,0.9966875176605248,193855197.01224834,43616457.969265275,44374920.86680697,360047.4439353892,62578.7705509421,65057.05803510868,0.002134775787133983,585702.8468895145,102163.57449393373,107519.57302563835,0.008142277420865943,2.1683507110473768,0.2073393425773089,0.2210722685571888,0.0008522010190712541
0.36541160023209596,0.11395831772329446,0.869441298670257,-0.6733582454840236,9.917465290672132,-4.989201693995345,2.1729978618499346,-0.46782003732261873,-0.4400048347715971,-0.3325330918604473,-0.4997870565920409,-9.673063753366417,0.6733582454840236,-0.4997870565920409,-9.673063753366417,4856044.740722966,3957099.059422487,0.39128480848747577,0.999713287332176,98891810.37993331,21463415.469515998,21877085.69313461,273108.9073107336,48646.77078504652,50468.97418439399,2.034546091343333e-06,409779.64028979075,72412.16391180769,76094.42098653779,3.9453696766436325e-06,2.658471898430886,0.3347669000344894,0.3478981314104693,0.001563969758378781
0.442439953406796,0.11628820824459549,0.2620325906133076,-0.8739082870001329,18.090776068642317,-5.948314658557987,4.0876698083163285,-0.33476037301089184,-0.2391717983157658,-0.49273920443164415,-0.4994686714748705,-2.91233943278653,0.8739082870001329,-0.4994686714748705,-2.91233943278653,5799087.112157423,2818044.2580717835,0.4875701332922667,0.9973015919472373,180727169.53615263,40548784.05459412,41221099.74774853,344666.14551166224,59420.53851354781,61641.39865212234,0.0013320548368272202,558065.0211992163,97554.07115169466,102387.35261431683,0.004948251752530287,2.176202652384844,0.20397550351952665,0.21640805780123312,0.0006827147992491375
0.07188161301469453,0.013824929872278464,0.7216056180957571,-0.7748678764155715,12.30675554654631,-4.939878622342987,2.796050285843171,-0.3124324596991573,-0.3283699483560241,-0.21245436764286615,-0.4997870565920409,-24.243958405236935,0.7748678764155715,-0.4997870565920409,-24.243958405236935,4781090.498002631,4179260.024275151,0.39347251884131673,0.9993036584770765,122810010.90084976,27592041.663604293,28186442.95395852,353389.1023254453,61666.28858919079,64326.240458814194,8.41064571367821e-05,491436.36190526665,85641.48035308557,90623.99861505492,6.1713752900065e-05,3.3056370607505587,0.2979242291945066,0.3248874714386126,0.005980713305992191
0.6748817068151415,0.019624633551472537,0.8678399342885565,-0.616800850339307,9.090606761896947,-5.660124322446495,1.8553117080660697,-0.5488823071363613,-0.49579818661267916,-0.41775744673576937,-0.4996337709586586,-1.0907743294205976,0.616800850339307,-0.4996337709586586,-1.0907743294205976,5457402.4735090295,4831077.207363604,0.4088553163669153,0.9997925166350053,90619814.9830076,18219158.40166157,18651868.152422886,232829.83566135255,40818.376947577985,42586.69814206288,5.230224507116305e-07,370819.6090265781,64503.501096887754,68193.20411772812,2.0428128794097814e-06,2.2955581852183484,0.3087236668957508,0.3209077250436881,0.0005885279854217525
0.5086637892962516,0.9292822333425786,0.911627167686585,-0.7844898410461191,12.537267529630528,-4.86602294472796,2.772633032733436,-0.4325159168736986,-0.39969404119767143,-0.3884728112793637,-0.4994752194210976,-0.7223386907775,0.7844898410461191,-0.4994752194210976,-0.7223386907775,4704053.2673147125,3129408.526248233,0.4127583891570215,0.9997901481343617,125039061.72664568,27331505.683612984,27847843.839495983,289571.5043091818,52529.06669489055,54531.3333895471,5.859624400632345e-06,436289.23824157723,78845.64624813029,82840.62569273807,1.1095040584496233e-05,2.5101224709138465,0.2680256429855095,0.28270810415549535,0.000663707423675904
0.09469427786813811,0.9582160270132907,0.8036977917771577,-0.8453805734963474,14.625684528760454,-4.546482849661455,3.4066600372410925,-0.2590429155800351,-0.2841146514238564,-0.25726557352240664,-0.49961075512300845,-16.33351458546618,0.8453805734963474,-0.49961075512300845,-16.33351458546618,4407402.094719224,2730861.7932893154,0.40421085299559967,0.9995015096205593,146009021.7625005,33496523.02693329,34226843.54115128,375948.5822831284,68896.55987923517,71697.74333547948,0.00020617256116624015,517466.37303818105,94536.26798511969,99702.46558472893,0.00012657386143458997,3.16669515353345,0.25434253814038293,0.2843570939750784,0.002266014328222404
0.2372102644241115,0.02074684953550083,0.16672768746975253,-0.9063104057647868,22.70588855177454,-6.330438690435258,5.246128404382499,-0.21427394578354766,-0.1144892254703564,-0.472396075442286,-0.48997113176597473,-7.938220010492286,0.9063104057647868,-0.48997113176597473,-7.938220010492286,6187168.1545317555,2699930.118301092,0.48724884037378186,0.9954022345885105,226700409.18177837,52037846.28463516,52927246.57867131,402895.01326679235,71654.76130900955,74505.74110767763,0.006701131254759804,647568.3222338896,113875.07508121069,119940.41033595437,0.02309183363561207,2.2372349579310296,0.22192630146587808,0.23676069337989375,0.0012898800013594893
0.030856914354253626,0.9334156980633141,0.7036502959517787,-0.8695548500658384,15.74058364833416,-4.82483540021827,3.713150791968081,-0.20254935687067718,-0.2422654405461189,-0.220178813572379,-0.49961075512300845,-21.008340828447924,0.8695548500658384,-0.49961075512300845,-21.008340828447924,4648133.04847621,3098056.228827482,0.41506995482372006,0.9992142767714443,157114410.8942301,36415160.08665886,37263197.60383321,404833.9224883559,73790.4640246615,76930.77145180084,0.0011686488754979432,547735.1567632601,99713.84373243812,105373.324290118,0.0005331628061008758,3.324752850054642,0.2644375497590072,0.29862716032952336,0.003797357164339541
0.4610963268498348,0.8579341464592705,0.9671575561857904,-0.7638291117718348,12.028825252520193,-4.6967151912474066,2.6346526402143464,-0.4392724222467142,-0.41035768203816864,-0.3772815122984488,-0.49945955323734703,-2.248359840014222,0.7638291117718348,-0.49945955323734703,-2.248359840014222,4566701.901400579,2927467.6123784445,0.39952927928986914,0.9998233554564226,119971468.50841649,25949050.40404902,26467073.39606128,288540.846629585,50302.68465616275,52559.64997732246,6.705540750762522e-06,432516.56372398307,74801.06724479175,79235.13674108447,1.0457273785910662e-05,2.5341165681287605,0.2805058255675022,0.2968882814218154,0.0006636911234304524
0.2988965292118366,0.03159230689758974,0.8674123981266588,-0.6688130852365585,9.856906448848582,-4.885211528102254,2.183437960379536,-0.4510903737740877,-0.4301312442862049,-0.3045527521199432,-0.4997870565920409,-13.026283883967698,0.6688130852365585,-0.4997870565920409,-13.026283883967698,4769816.956952019,3885032.9417162146,0.3854101267132573,0.9996901424258781,98315009.08085036,21565372.091317434,22002661.13083642,281303.23471702484,50133.453335465274,52144.96933164259,3.5195678244952685e-06,416657.09709956433,73506.17416894184,77485.84790970178,5.2860804716159125e-06,2.7755675207100605,0.3420919427999953,0.3577451113452164,0.0023714991604904022
0.4610963268498348,0.873763521762007,0.9671575561857904,-0.7663326591626258,12.081873186314265,-4.694710934980719,2.64738374040901,-0.4374089281647754,-0.4087033809872009,-0.3770700028039484,-0.49945955323734703,-2.2387097803474987,0.7663326591626258,-0.49945955323734703,-2.2387097803474987,4564128.1354076695,2915261.9016273897,0.39989945628360296,0.9998233267681454,120502608.25871463,26069482.00784354,26594055.667556956,289328.94558123656,50534.2841280968,52814.84004284299,7.056088772984777e-06,433506.9402268731,75088.53779212154,79562.35250660959,1.0887594895110699e-05,2.537149148065048,0.27918636319557016,0.29587351172991866,0.0006611404251191537
0.3142164375289322,0.01619203772257785,0.7131764682524989,-0.7302778606204824,11.045286497868828,-5.4775750328122355,2.4598256748872673,-0.4274091141441872,-0.40196541953623344,-0.3277829640784352,-0.4997870565920409,-12.130178918725772,0.7302778606204824,-0.4997870565920409,-12.130178918725772,5257558.555927646,4959291.740736588,0.4100997030838117,0.9994402905462828,110159565.82927148,24284299.8880265,24758754.509572994,293142.76337615406,52892.9858374063,54790.54829210301,1.0240953618006789e-05,436414.86660593905,78163.8097439194,82043.82956311919,1.9184605193402477e-05,2.7298344750492314,0.3149787858034324,0.3297360079649929,0.002077634016694484
0.037900400322655375,0.9815929543721108,0.45479838981902265,-0.9062476774184864,19.425455675583947,-5.466654710613836,4.863402886611034,-0.14357755867618235,-0.15658777533361817,-0.28072166869813764,-0.4995673833930999,-17.999611479681626,0.9062476774184864,-0.4995673833930999,-17.999611479681626,5245042.431688047,3136225.999403458,0.4539295565732283,0.9980047036651443,193896140.96276373,48084569.23385255,48993238.29560108,438476.6146485236,77823.27768351062,81273.39167252011,0.00936916088181723,611686.5943837173,110196.21260991429,116585.74749144143,0.008606173918129775,3.084822441238051,0.23098535620267804,0.26338863752462005,0.0012848574619156762
0.019035329839901444,0.04246928552091728,0.1749178967956186,-0.9257689165380535,24.30780943608333,-6.083319380018172,5.890399269172492,-0.08752773888258147,-0.02412396501176781,-0.40043943945248095,-0.49626411597717845,-20.392029240226474,0.9257689165380535,-0.49626411597717845,-20.392029240226474,5914356.208859571,2555748.844024043,0.47336814023684554,0.9945279350892108,242646122.37160957,58294441.69493839,59391440.49062335,466427.38445013395,82785.34862646194,86651.54292770539,0.028557436286180283,708287.9489748653,126909.06798712193,134429.01355748667,0.0538673069580215,2.571785506915706,0.2214252996053751,0.24465865257004765,0.001379641070846636
0.27885415721564016,0.013360471202240647,0.2594001195345347,-0.882183831844533,18.189505408958325,-5.695685801454828,4.304050537798812,-0.2803334271385711,-0.20162679312365084,-0.434922287687613,-0.49960589765577756,-9.740238849277159,0.882183831844533,-0.49960589765577756,-9.740238849277159,5531486.924403746,2685673.4524150994,0.4757978874888721,0.9968162039197525,181618236.49168363,42612400.999700755,43336227.72390643,367691.3035861879,66554.14440472993,69090.7533017949,0.0024200373930064107,576822.9098336302,106468.27548263808,111759.57093406573,0.007880776967215586,2.4333926546486038,0.2160799712297142,0.23290064833286633,0.0009152383553502021
0.08779276600694011,0.002250189618802023,0.20134332808736463,-0.9127373007409412,21.991520342269464,-5.918938969240589,5.356673880349032,-0.15116149075509597,-0.08260953194013006,-0.4102208438127083,-0.49733710469422543,-18.11132937707351,0.9127373007409412,-0.49733710469422543,-18.11132937707351,5749100.673767143,2533582.117904165,0.4726845527734643,0.9953185214738374,219526034.8523414,53021928.018819086,53973452.50923345,432551.52991356,78187.94197993501,81547.0577732187,0.013038572665383287,663443.6600826354,121026.9209337333,127750.80049610305,0.03135054606972338,2.5407664099153715,0.21721909231827669,0.23875772419492264,0.0012113212767012591
0.49034846790328934,0.05396778926760219,0.8505250328404967,-0.6528419457949859,9.540788785744565,-5.336631692295817,2.0357094293247977,-0.5049630343379037,-0.4647522606796924,-0.3710341948084025,-0.4997128917175969,-5.849693520116314,0.6528419457949859,-0.4997128917175969,-5.849693520116314,5163296.690528313,4476512.5928517515,0.40075453958465684,0.9997293916575031,95116927.58768646,20048127.830953673,20474264.78904549,254123.97831546117,45415.1936089293,47156.75946373165,9.645412450197978e-07,391795.5654557718,69398.24695982656,73000.36174587892,2.8136208322496827e-06,2.4919953194067155,0.32488304252754885,0.3374255215122531,0.0010296484429230014
0.06655837344767879,0.8946789257796999,0.18547377066508094,-0.9327150195612782,26.850365029038453,-5.862426712402366,6.259121690672413,-0.06825598771414669,-0.0031145557702396765,-0.4003392362000433,-0.365333936095128,-7.058880123929341,0.9327150195612782,-0.365333936095128,-7.058880123929341,5744966.636235829,2370790.500637129,0.4937281828082351,0.9949131605531593,267781620.85275972,61727809.460088685,62901085.96631795,490656.94525229785,77987.68532256178,81831.22364067705,0.03887143446364554,742794.3590100554,120678.0555759447,128239.56495323895,0.062389961373054054,2.5889969199028275,0.2139094413486845,0.23509319640226917,0.0009558745405686201
0.2452531344916214,0.9677183621918947,0.8704605475485556,-0.8171454400574875,13.472950495755452,-4.572797069330292,3.051050580007764,-0.34041372252844326,-0.33741827177453937,-0.32090627221256085,-0.49961075512300845,-9.60964138269697,0.8171454400574875,-0.49961075512300845,-9.60964138269697,4438387.574455089,2766783.852836079,0.4035346211203689,0.9996729110755244,134428731.55222246,30059341.59905555,30644656.97952652,334621.428236097,61781.26786354529,64059.17058474148,3.31312232081019e-05,478778.7070391711,88159.85364835148,92536.25269101284,3.303740983604419e-05,2.8534671883636666,0.26202831581956393,0.2811298513816785,0.0011618115989445765
0.4156404799798568,0.11213913288580887,0.26546019597756826,-0.8745511390754376,17.99527329974082,-5.887054523241519,4.106390187830113,-0.32810252663847217,-0.236012583753729,-0.48261777500294123,-0.4997128917175969,-3.884497507579937,0.8745511390754376,-0.4997128917175969,-3.884497507579937,5734522.473583613,2802346.818555144,0.4853441832985904,0.9972652181401361,179754052.50027448,40724649.95769717,41392283.807820514,347187.4433408762,60480.76546330024,62710.96023816498,0.0014216795528321157,558695.3440853212,98840.06615319563,103665.44866452036,0.0051675256099575,2.220469242307715,0.20709095645249956,0.21988326540687858,0.0007258873880283405
0.07053994377916928,0.9976249576740366,0.8606692082017711,-0.8410902146738889,14.534241728930956,-4.360522802157698,3.331635178042307,-0.2533449786464313,-0.2843634698889081,-0.24831668853919772,-0.4989721967494388,-17.560049629821584,0.8410902146738889,-0.4989721967494388,-17.560049629821584,4249392.589059452,2482189.027338545,0.3947251047524977,0.999591161002641,145098548.4975721,32733068.72510781,33499857.077804714,379096.78920886654,68868.62005797446,71963.33977764622,0.00019952458380396442,517536.7714457645,93825.52152801851,99344.20979055864,0.00010319453458186914,3.215299518609184,0.2455909422512827,0.27933457137869216,0.0018447122706088202
0.004826728531395014,0.0009613360155124179,0.16866431488426964,-0.9278169323743923,24.57406452962159,-6.122239809195732,5.931144965736099,-0.07658266165252792,-0.014675948703472153,-0.3949155686599249,-0.49347537218448834,-18.414530025832182,0.9278169323743923,-0.49347537218448834,-18.414530025832182,5950640.962523389,2576326.0891462155,0.4725190329211799,0.9943367293210001,245320391.19472003,58625379.11808071,59808912.54584245,471567.4820707997,83676.95067358178,87820.0922246223,0.032013163778550506,714315.1250995583,128092.66601259202,136035.41842865694,0.057808223909162126,2.5880676944779286,0.2232675829454777,0.24874723789946662,0.0014386766803726285
0.47051631312297243,0.0011583093491652865,0.9235588441744613,-0.6082405624400806,8.844601893056204,-5.025592122734292,1.8726025194804445,-0.5139274452733426,-0.4755298661441866,-0.3538049154704709,-0.4997128917175969,-7.019351377042622,0.6082405624400806,-0.4997128917175969,-7.019351377042622,4916310.650145505,3952612.745561908,0.38679936579162505,0.9997935939519441,88193163.42930259,18428670.056126095,18843416.950892236,248543.6383766355,44699.44462281444,46689.7691399287,1.1834081808424524e-06,382903.3577624358,67902.94266607476,71885.95312638886,2.5935662306824643e-06,2.5343149534557114,0.34383814493042786,0.3579324971149893,0.0010324742295509922
0.05618186367015092,0.6354716861378867,0.17020474817499143,-0.9313018329868145,26.660904474218853,-5.987429521582831,6.343200711375415,-0.06937974618270794,-0.000482374035966699,-0.410949797818376,-0.46978449475407436,-6.8903416528023405,0.9313018329868145,-0.46978449475407436,-6.8903416528023405,5862945.007112544,2456926.174836551,0.48955640529481914,0.99459700920703,265934389.38720158,62830631.51782687,63869659.447978675,486084.73966068355,80174.06857707507,83580.23030438433,0.0378869391083274,741285.0693176914,123538.73916563654,130411.74100962289,0.06546571751439237,2.5446725712585265,0.21604965307499144,0.23370460174933805,0.0011714303242986374
0.2420057943989752,0.17981770168268668,0.7207317307334058,-0.7610777284462567,11.8068608491099,-5.2548064019417895,2.6627916911967033,-0.38629954375708603,-0.3729430868655116,-0.3014098081859424,-0.4997870565920409,-14.44758539630965,0.7610777284462567,-0.4997870565920409,-14.44758539630965,5051399.182941494,4517307.966332186,0.408210387029437,0.999413212487655,117754561.82200532,26333045.153993174,26792573.69489336,314594.0533243257,56456.0361164687,58314.58598495688,1.3938410179563368e-05,457837.6576875485,81895.64375311612,85663.70098935178,2.254113902244767e-05,2.869768935010088,0.3115620456573828,0.3254001344986397,0.0026775207565878523
0.6829599181462106,0.034454432392932804,0.9285086747282408,-0.5893450553654941,8.741019015260717,-5.428433953349451,1.7788776925401206,-0.556325194309407,-0.5034685708216736,-0.4131912626923113,-0.4996337709586586,-0.9522752685994814,0.5893450553654941,-0.4996337709586586,-0.9522752685994814,5274407.684787878,4382539.912230987,0.4003027932858451,0.9998386515486503,87144447.9242012,17493557.471345965,17898167.79062083,228396.4850376733,40193.08449196021,42104.88726690743,5.640975136014072e-07,364503.3218545766,63464.784409549764,67369.37574470861,1.8355155635290816e-06,2.3033119247875526,0.3160777887461653,0.32855475750094504,0.0004989198741272223
0.07755571266748232,0.9945371682962643,0.6708298232533882,-0.871631884030708,15.927876558823645,-5.034163306748437,3.794175422414895,-0.21783687421759707,-0.24570430540722096,-0.2511317018848773,-0.4989721967494388,-16.733240508914637,0.871631884030708,-0.4989721967494388,-16.733240508914637,4834555.090680186,3280006.691819725,0.4243424264111578,0.9991496532222978,158965857.52851605,37235852.662992716,38059656.76654166,395932.31685404526,73137.71287082542,76122.88227016717,0.0010454581214781045,543612.0254772014,100280.01219998191,105768.42849447108,0.0006526971380877036,3.1834072905736788,0.26377518514126574,0.29362600851898246,0.0029489480759961606
0.026748828055668514,0.07468694721484267,0.14540323222774987,-0.9298831125698224,25.772062626935693,-6.282270580049704,6.132064510026693,-0.07299257373302542,-0.0009147375029232353,-0.407069196031729,-0.49345293802588097,-16.384002295220007,0.9298831125698224,-0.49345293802588097,-16.384002295220007,6124762.697684124,2637280.133494591,0.47893030206253606,0.9939824289556873,257265901.2902048,60722364.89615705,61849532.79048316,475152.41919923166,83419.92791991729,87305.09034618677,0.03393941455117234,728423.7914287851,128332.99919499781,135950.94005464565,0.06442410670049238,2.521264279495532,0.2303268082034421,0.2511803115698509,0.0015869418792192596
0.4610963268498348,0.0195939867039015,0.9608336068867293,-0.5954846685277944,8.716916375056442,-4.8541850372983495,1.8357095727789894,-0.5145823986064474,-0.4771774757669698,-0.35235486378054437,-0.4997128917175969,-6.961937899384258,0.5954846685277944,-0.4997128917175969,-6.961937899384258,4769341.313204925,3629239.4261580263,0.3807357606882096,0.9998203732376273,86939355.59258388,18036982.57990141,18472462.842567682,248347.36423834437,44319.502392399736,46509.37996125728,1.4313054745013505e-06,382231.3872318296,66988.53442589992,71327.02419068104,2.8019940393885574e-06,2.5358244649089077,0.3447375322392958,0.36018493861618833,0.0009395042962458777
0.1416343868210469,0.018995732229016182,0.7281230301293408,-0.7562741139479859,11.78160438662499,-5.0644661367617285,2.674649911732084,-0.3531813681151688,-0.35480449568590594,-0.250424480406686,-0.4997870565920409,-20.47343252298938,0.7562741139479859,-0.4997870565920409,-20.47343252298938,4893169.742118059,4355432.125448175,0.3969978126179392,0.9993682867875983,117550670.71363895,26424923.21094053,26956844.809677303,331924.2976861447,58654.38078918974,60981.5922299678,3.8877338203563375e-05,471586.94054301904,83042.90496712275,87542.01769630953,3.704851443848038e-05,3.111408141410297,0.307486907843376,0.32867922388445003,0.004374223062328392
0.09104023729290112,0.9944156836527634,0.8665308990621181,-0.8378791965378546,14.354687174583015,-4.372880640996274,3.2825058155588076,-0.2659121619245822,-0.29215885479601694,-0.25877975589023106,-0.4989721967494388,-15.983631757339738,0.8378791965378546,-0.4989721967494388,-15.983631757339738,4261009.573260409,2501433.7433384685,0.3950321464241959,0.9996090355786034,143294267.67564467,32269977.51211207,33002434.80387428,372742.34207096056,67815.0826996769,70779.34264898115,0.00014970920850537184,511919.3512971497,92949.89071633504,98286.78670231091,8.551793653463324e-05,3.1650963074672274,0.24752182084622795,0.27848886770553005,0.0016942463115855331
0.4578622642463089,0.9944156836527634,0.8462721346599894,-0.8092238352414873,13.22078005215237,-4.927294252734808,2.9890105983316015,-0.40090398835137414,-0.37274951361430225,-0.37936359984143664,-0.4982136538435472,-1.7361788551137234,0.8092238352414873,-0.4982136538435472,-1.7361788551137234,4746305.55649458,3165950.354569358,0.4210911500629402,0.9997123917898139,131882896.81645,29430236.223488834,29996730.800966367,303224.87702667975,56872.26961619302,58844.58776312765,9.321210612312195e-06,452363.567521415,84437.36116801515,88411.01459619835,1.8428659675358386e-05,2.5783651292963885,0.25850466375499576,0.27443816054683945,0.0008730678570485127
0.3047878679227048,0.867529924591721,0.9072854375736082,-0.791490803128654,12.718026995884651,-4.5821508501536306,2.843524251827903,-0.38056549239023163,-0.36791504718757423,-0.33803586471244823,-0.49959913344029017,-7.359063882729674,0.791490803128654,-0.49959913344029017,-7.359063882729674,4455087.118581859,2846021.6527772606,0.399218119046585,0.999734962008245,126856870.40045519,28065203.434530377,28570810.378335457,316176.1290786017,57175.88201291676,59250.71612534415,1.3954459333546094e-05,459380.39388024755,82943.39335526344,86987.86989480726,1.6911559365364098e-05,2.7453930302319174,0.27542777097536464,0.2906106556895399,0.0009843506009391003
0.010610657846102517,0.039497961492807855,0.26811858221032203,-0.9108852295669438,20.54254901562958,-5.281764182730766,5.082142768640937,-0.12466818050010663,-0.0981491877081591,-0.30732289021288156,-0.4997870565920409,-22.38664086246514,0.9108852295669438,-0.4997870565920409,-22.38664086246514,5111715.884505199,2460592.6698890794,0.4590034389768713,0.9960188965368836,205016711.06041676,50199937.43598213,51175705.53532622,444330.9877555807,81275.75984716715,84869.35134165849,0.015445380926734923,646049.7156548364,121870.04712382273,128659.44976451024,0.02499330225941029,2.9911641938391176,0.23413524164003435,0.26435966598937255,0.0011572201736135465
0.674602878221291,2.1324919787998886e-07,0.9903573854796155,-0.548336165529708,8.29849098331224,-5.160837476601072,1.6557643654149734,-0.5610954952918674,-0.5078663151048871,-0.4081328926981542,-0.4996337709586586,-1.2171569283672348,0.548336165529708,-0.4996337709586586,-1.2171569283672348,5056243.782843145,3893977.9973750473,0.38927271873136804,0.9998730673523701,82776371.23978451,16151728.846859198,16671638.784799896,224459.61060397828,39950.41254445265,42354.72927131523,7.652291804663299e-07,359811.1255780258,62584.97082758142,67444.44163354365,2.0103288333630255e-06,2.3171204609324265,0.31511002912592756,0.334305658989588,0.0004069682733486298
0.5262507912687042,0.11213913288580887,0.2489285272366411,-0.8725047144920092,18.52916088363828,-6.148975095672735,4.0282387436005855,-0.3522498763296824,-0.24610862964706554,-0.5196452666360363,-0.4994686714748705,-0.3080044243188831,0.8725047144920092,-0.4994686714748705,-0.3080044243188831,6012248.456487346,2878421.211066566,0.4945284645162199,0.9973903809878558,185169688.84520435,39991045.21753076,40695418.477141105,338383.87329015153,56406.75064449817,58645.54848240731,0.0011158436425254296,558018.1263674325,93942.21571155447,98883.69203784973,0.004397754560609279,2.058632027470768,0.1941118085941167,0.20591703684539023,0.0005331769468730144
0.026748828055668514,0.04012509602897203,0.14540323222774987,-0.9291104747988709,25.61542830342871,-6.290614849031005,6.086762652591447,-0.07552624042359314,-0.003383091134545859,-0.4068107370839339,-0.49345293802588097,-16.66940952450558,0.9291104747988709,-0.49345293802588097,-16.66940952450558,6130480.530249647,2643571.169269997,0.4781597468473542,0.9939842597750135,255715057.3996115,60238913.14163677,61392068.76751708,473270.81672935653,83372.8741571568,87339.65314270901,0.03286808140816026,725657.6446372129,128303.44491061739,136050.6968714223,0.06302074298703113,2.5197707033563312,0.23059933649093114,0.2522823843749356,0.0015962863809160666
0.23234998509319074,0.17981770168268668,0.7146894345292013,-0.7635222941830141,11.901350706336903,-5.25856110562125,2.684964397367573,-0.3806317413124135,-0.36858243838539523,-0.29787682491720274,-0.4997870565920409,-14.8889872871275,0.7635222941830141,-0.4997870565920409,-14.8889872871275,5054167.867550644,4530024.760298406,0.4085393487000132,0.9993931790919739,118694983.38266367,26549449.721277166,27012710.94091881,317478.09921459126,56963.51791158466,58843.093297634645,1.7005282030401204e-05,460947.1845408974,82467.89165082041,86270.15031719898,2.6339420995525743e-05,2.889239919379518,0.31053471155068246,0.32459046181587775,0.0027666110614471095
0.1737800369159528,0.9924541059015037,0.8841267954482536,-0.824388893662383,13.775358756545785,-4.442477265928023,3.125522357857191,-0.3100115787789863,-0.31949283509749604,-0.2949824604304405,-0.4989721967494388,-12.191218754817632,0.824388893662383,-0.4989721967494388,-12.191218754817632,4324597.782451033,2590416.0819893964,0.39747603232395934,0.9996657762607195,137471383.5157031,30767705.82711709,31408278.766666796,350280.9026051184,64125.74031812955,66713.24235395699,6.220521463653063e-05,492068.57224398473,89860.05818017719,94670.9036486456,4.7686858084485056e-05,2.9846155196365034,0.255423712498437,0.2788769789707808,0.0012772316583615942
0.3393074561634324,0.8470696140231154,0.9687774804080682,-0.77117496951938,12.228377460261868,-4.514905562941059,2.7198899421356173,-0.40570048700315897,-0.3893283919463756,-0.34673935290264113,-0.4996735465559766,-6.454233968588908,0.77117496951938,-0.4996735465559766,-6.454233968588908,4405731.042540017,2724123.298456882,0.39129691987456316,0.999800162136944,121976257.69133054,26804788.217861608,27331049.19037118,305651.0388291357,53270.72950321047,55635.884902633145,1.1966825914244099e-05,447713.13971954753,77444.62121603306,82010.26050019484,1.4363178206880177e-05,2.682085074661325,0.2803022184135795,0.29800367339420825,0.0008572529248192159
0.026748828055668514,0.002386628585280784,0.14540323222774987,-0.9276975083222344,25.439942957037072,-6.2984828227257585,6.035090601152928,-0.07828981074164489,-0.006121410604425473,-0.40634234701532845,-0.49345293802588097,-16.72983731454274,0.9276975083222344,-0.49345293802588097,-16.72983731454274,6135515.853101538,2650176.9083958413,0.47731872308623735,0.993986258274031,253976815.45288482,59682020.050357506,60869882.06424469,471226.307138218,83304.54696637411,87373.48972823903,0.03172984050001659,722603.8801531222,128246.8287907575,136155.92637142068,0.06146483134364515,2.518774436693336,0.2308395096776191,0.25359506285754413,0.0016056747583010065
0.5666150372488172,0.04313766400284761,0.9051174530940438,-0.6154919136171368,9.008072932891722,-5.286532485072575,1.8838307478556913,-0.5312102298042961,-0.48570739518428735,-0.38551409829672867,-0.49964094438472706,-4.012065820747973,0.6154919136171368,-0.49964094438472706,-4.012065820747973,5139487.948947565,4286582.896925777,0.3968025077296819,0.9997993420986847,89800046.24905041,18543086.751370907,18946844.738576714,240687.83623137829,42855.11649006311,44675.46618173645,7.218070104360507e-07,376563.3001870464,66397.44182198247,70119.13043430168,2.1132249451123057e-06,2.4164897176788247,0.32709809148638597,0.33951254325155666,0.000734146615740365
0.1381203657415956,0.9876590697852973,0.8841267954482536,-0.8279316537865178,13.94727613190508,-4.394143365206722,3.1703531618269047,-0.29388425654171335,-0.3100936096054041,-0.2804452739368738,-0.4995949397307353,-14.124413564802575,0.8279316537865178,-0.4995949397307353,-14.124413564802575,4281979.824602759,2535541.045275825,0.3951039787672679,0.9996529742966508,139200871.87607557,31201789.28221948,31868828.12076687,358718.43235353724,65340.44571454257,68069.27628450036,8.344556508430374e-05,499188.4147391912,90736.87111661458,95738.12462699298,5.693394895470521e-05,3.0573760186388528,0.25237093877194006,0.2782077181220222,0.0014058588957629292
0.015021513727894814,0.04635840388149165,0.18477722441493744,-0.924477144504622,23.87300237460404,-5.995531613469886,5.823573128309018,-0.08982815856363292,-0.030308279057774692,-0.3934784125619893,-0.4969720137260403,-20.380249835208385,0.924477144504622,-0.4969720137260403,-20.380249835208385,5824858.842465179,2525577.0444002887,0.47175245439459756,0.9946918881674706,238301716.5437466,57628586.19669666,58708952.679078855,465035.1869773837,82720.81563802215,86566.55807223982,0.027657462691428863,702973.2713513899,126556.69139666246,134012.52746318394,0.05123274352802048,2.608169816810883,0.22013337658540308,0.24405369711368777,0.0013256186485370756
0.3349438427501551,0.038061358014860075,0.9527732359759812,-0.6239932376911906,9.130996250867442,-4.633323006824819,1.9710656564627618,-0.47671826982634624,-0.45193893233964944,-0.31391902465747706,-0.4997870565920409,-11.208090795595023,0.6239932376911906,-0.4997870565920409,-11.208090795595023,4564204.427484093,3369534.177980376,0.37433914687359104,0.9997877271643356,91092791.90270714,19402069.13459772,19845269.22840361,268574.4267230292,47194.8874434796,49492.682155507,2.9897641049855563e-06,401837.30961189594,69466.76477221333,73926.68497999909,4.288915758258698e-06,2.7015287038111984,0.35311811165289997,0.3695756347742001,0.0018780872150875327
0.003085676879633863,0.0332271002716254,0.2305912338107713,-0.918366965112689,21.83633434791377,-5.557862165352592,5.419041831070988,-0.10436911848808139,-0.06462361213241984,-0.3418145416811994,-0.4995889868262873,-21.371248055624093,0.918366965112689,-0.4995889868262873,-21.371248055624093,5384942.576277806,2435191.3109148093,0.4639640879007099,0.9954252993702107,217957722.38200542,53554596.72562401,54593547.31597491,455908.10499737214,82318.24819568232,86117.79690698521,0.021905953186970886,673246.0698982523,124546.96958174986,131765.62930581873,0.03698696381712368,2.8395402829188097,0.22686179637878862,0.2551752396343979,0.0011817074160440809
0.0236411452132687,0.03398416435742371,0.16040544206707255,-0.9270809152830454,24.935861237672963,-6.198208727110204,5.980734668174685,-0.08298012569791803,-0.01471898219942057,-0.406200810709746,-0.49696667755325497,-17.192081351367147,0.9270809152830454,-0.49696667755325497,-17.192081351367147,6032526.504420922,2601275.3410353158,0.47560850034542385,0.9942712657458048,248924195.50820354,59185254.41194026,60313898.69827577,468995.9794096949,82992.72166525834,86914.5232819892,0.03019651910283482,716134.8411950903,127524.31082041808,135171.02569710044,0.05790996313929993,2.535129116772642,0.22513508406775948,0.24765304395446067,0.00147659079789223
0.23609714776203072,0.02097073825293222,0.26058974455985034,-0.885706421352165,18.440619588325536,-5.6280406985228595,4.411163017060413,-0.2603083536205589,-0.18786957866462833,-0.4179776895327484,-0.49960589765577756,-11.517331336082659,0.885706421352165,-0.49960589765577756,-11.517331336082659,5462194.918231319,2645810.5140403532,0.4732222641568706,0.9966976067658933,184103280.17767292,43671580.93185773,44406715.6979779,377008.0580418283,68810.97775914613,71411.27530812255,0.0029482373837752284,585319.2963030664,109002.7380523238,114380.98915509632,0.009186522103610156,2.510171535475607,0.21869015946064008,0.2364381132518712,0.0009594880397011214
0.6691065924567453,0.01095481222041956,0.9849368278726263,-0.5550261761076514,8.364543229091627,-5.170455959733335,1.6764312444006837,-0.5594327955200313,-0.5067537742276447,-0.407467983809631,-0.4996337709586586,-1.4710970893115705,0.5550261761076514,-0.4996337709586586,-1.4710970893115705,5062476.4047820205,3918777.007668255,0.3900344966690534,0.9998694878665849,83430062.14537233,16385945.207046922,16878815.360867705,225547.42639515776,40056.63884851516,42386.308263651816,7.535071379013514e-07,360880.4883487055,62750.119000735955,67456.96989470319,2.0018511570978823e-06,2.3205487973150665,0.3163796623521314,0.3342259623996707,0.0004217792915673221
0.26134158954497555,0.08488845054518569,0.6518686541113078,-0.7708890853381534,12.04930778127887,-5.546102134349249,2.704286805649305,-0.3857195608865849,-0.36597924381511016,-0.3144730965393622,-0.4997870565920409,-13.793385489865958,0.7708890853381534,-0.4997870565920409,-13.793385489865958,5309891.400895477,5053887.337929806,0.4177951046394513,0.9992493037090464,120142721.52775815,26690273.253171332,27176286.187833346,314322.31017823715,56833.12384788078,58759.63691198261,5.185138843504e-05,462129.9796319646,83163.15203412845,87097.9152040998,8.277705219852093e-05,2.826472016742234,0.3020209519970569,0.3163834051677634,0.0022497255150678674
0.431022059644357,0.057062581445467275,0.2715209132886837,-0.8694262792057055,17.51640271562617,-5.861663869610626,3.969556983024008,-0.3396496283599328,-0.24763610716090573,-0.48159949997536566,-0.4997128917175969,-3.2167237180012873,0.8694262792057055,-0.4997128917175969,-3.2167237180012873,5705585.510886219,2855936.2845711308,0.4841368205426088,0.9973652518435039,174975005.4303814,39333744.10169162,40009566.23860222,341171.9848273872,59352.21596029277,61637.50289779322,0.0012770315432040025,549289.1042008566,97617.40638255476,102515.29098298936,0.00453878063044307,2.224134604542953,0.20597672379246496,0.2196593388465003,0.0006866887598278108
0.47450627904229803,0.011924508108190623,0.6857085305494499,-0.7201562876444767,10.880454131118142,-5.867315280768762,2.3652539917943356,-0.4738726481002767,-0.4307528341230799,-0.38546988315473013,-0.4997128917175969,-6.466255126692511,0.7201562876444767,-0.4997128917175969,-6.466255126692511,5598721.4139112495,5492748.050117767,0.42411140264983593,0.9994727029011028,108508482.04534277,23325695.857218042,23789735.852262046,270211.2613309251,48514.866744233106,50261.854867522394,7.806454592662732e-06,416633.8797034569,74214.15851427914,77908.79957710224,2.1302613285820813e-05,2.475523347781921,0.30319528342824376,0.3156709251290484,0.0013385515512964103
0.4595438517718475,0.026223490164709325,0.3020703482844469,-0.8577218941214125,16.523353730983235,-5.756463747842479,3.7228440762098423,-0.36212285824915197,-0.2759486435217178,-0.4718161067085612,-0.4997128917175969,-2.8564638134823843,0.8577218941214125,-0.4997128917175969,-2.8564638134823843,5591681.354310218,3045134.5079906727,0.48061819317371307,0.9977072029779608,165046836.34395635,36848296.89026981,37503428.27233052,328994.80624469975,57546.08380860139,59791.52697976482,0.0009605200562955459,526389.0800187225,95007.54707076955,99762.4266885844,0.0032168060080873468,2.260612262222605,0.20883647450643006,0.22328721028612283,0.0006193037976118998
0.30090829200306124,0.0018416929952705732,0.16736731814575348,-0.9007555675919462,22.23459992061823,-6.378211978998427,5.026398367687903,-0.24481931875016974,-0.13859895036557154,-0.48489057838676225,-0.48997113176597473,-6.638050103756575,0.9007555675919462,-0.48997113176597473,-6.638050103756575,6241968.028513375,2745433.259331061,0.4905888644412209,0.9956784450653192,222032572.5383379,49857544.559608206,50741381.433115736,388294.8711740338,68423.2582827935,71186.06467866972,0.004645980495150848,631542.559517653,109997.37471508812,115929.53079450596,0.01775159988311692,2.1788259457685943,0.22001428668889,0.234326455535915,0.0012202377495342863
0.12148598733555832,0.9472302795617328,0.8608982099935444,-0.8301889818405003,14.058204791360572,-4.424590931619179,3.2098686201508952,-0.2853594356404201,-0.30422085226969175,-0.27253044974400903,-0.49961075512300845,-15.417750799552852,0.8301889818405003,-0.49961075512300845,-15.417750799552852,4306807.291964692,2600853.08053103,0.3967357277827626,0.9996130306983577,140316042.4779511,31611250.735637195,32268902.230383232,363224.1794122454,66146.24569533474,68816.45284171797,9.617792802941232e-05,503602.5237645226,91584.87294369617,96504.91177622856,6.383011877361653e-05,3.095615653820637,0.25395838354851774,0.2797132746621189,0.0016420347027347282
0.67274920444181,0.05155699798223788,0.9473172963570122,-0.5854063582578851,8.707356490505527,-5.324781682548123,1.7729296666066072,-0.5552941158914497,-0.5032006655736329,-0.41083211468205916,-0.4996337709586586,-0.9319390300768493,0.5854063582578851,-0.4996337709586586,-0.9319390300768493,5186344.281647556,4196392.96307379,0.39712286730642493,0.9998487145709216,86818877.02351205,17435564.97061744,17843410.096870404,228811.16113307758,40234.700565510495,42219.8680722844,6.239228110823177e-07,364650.79646700143,63337.39580750635,67371.37558181732,1.8892553727296327e-06,2.3118991521900316,0.3171140540550632,0.33008703577129916,0.0004821319281832194
0.29543223403066454,0.9380627438421244,0.8275726716293048,-0.8179982396507642,13.47515090755775,-4.755308165436784,3.0764921662464046,-0.3549512174850588,-0.34419632786400894,-0.3371517862966694,-0.49961075512300845,-7.295686532476448,0.8179982396507642,-0.49961075512300845,-7.295686532476448,4593776.941112095,3013562.8802325292,0.4126063802751177,0.9996324828000765,134443423.82875746,30309490.973730538,30878487.61285884,326922.2292857064,60917.88546083779,62983.73706117767,2.269260249720062e-05,473555.814256742,87888.59510714009,91983.2367879205,3.0101056386221533e-05,2.775412536177284,0.26461791953793845,0.28194501815977957,0.0012995535472594146
0.551502038572038,0.07194908736241018,0.3020703482844469,-0.8545962606138762,16.660771670995313,-5.90784254417749,3.668327507897181,-0.3831479350615019,-0.2887003142423632,-0.5031762643944429,-0.49966968684370716,-0.1712776035907803,0.8545962606138762,-0.49966968684370716,-0.1712776035907803,5749986.1695414735,3102481.0305875996,0.48719381037697995,0.9979030358823311,166469475.19538927,36334007.82103385,36987624.98418077,320867.97276819457,54293.64036034536,56459.92392554677,0.0007547743117607038,521816.4721000903,90929.14456623454,95604.23551571894,0.002679280487308687,2.1322235513009047,0.194290797078473,0.20742947259265687,0.00043211458070776366
0.46434207289337937,0.9919128682332938,0.8628830931151232,-0.805768155594729,13.099804749068724,-4.897456940399822,2.947207485017604,-0.4057360250684993,-0.3770384076519635,-0.38027876243776193,-0.49821306561858913,-1.746410524815321,0.805768155594729,-0.49821306561858913,-1.746410524815321,4722420.031540558,3132588.7999504507,0.4189053729815056,0.9997326316768536,130671691.17156307,29026074.92276878,29584638.350368224,301083.4007001927,56210.96029517243,58200.08458114459,8.741518197190463e-06,449659.83844393695,83586.61179055797,87576.14882675529,1.666026790642715e-05,2.5705201613999615,0.2594190625061917,0.2751943111782744,0.0008033876653588984
0.1054890655296779,0.9742014758277402,0.8188283218320221,-0.8427115917508945,14.505539196776208,-4.5167739764085235,3.3629205783293075,-0.26618922770583386,-0.2890619098636691,-0.26366071871812846,-0.49961075512300845,-15.807831587349604,0.8427115917508945,-0.49961075512300845,-15.807831587349604,4382667.7687356835,2682668.2917881724,0.4029133169422414,0.9995354422818733,144804992.1928122,33066950.26708688,33788569.27818872,372169.56256175827,68300.68570870272,71087.48264563718,0.00016952700862528594,513666.6240573185,93981.8360432391,99121.33983843232,0.0001073735194061943,3.1383332635585095,0.2527456409523641,0.28221626963786617,0.002014139809870468
0.6829599181462106,0.010830942600695538,0.9817236964208544,-0.5541915025433604,8.369073148696605,-5.210638208664046,1.6741120979643596,-0.5615425394295417,-0.5080962167266166,-0.4104703513877158,-0.4996337709586586,-1.1175111842711813,0.5541915025433604,-0.4996337709586586,-1.1175111842711813,5097897.432299271,3974549.7940817312,0.39141961777644907,0.9998697391446745,83473029.87568894,16373296.559279513,16856376.307901807,224597.16343998452,39833.176118181844,42135.60787588096,7.186246982099892e-07,360037.41332579637,62569.54848194099,67224.23307257387,1.959306346839108e-06,2.308938067758075,0.3154247268303642,0.3327161047809901,0.0004127862054308682
0.24204293242824382,0.08275422145910896,0.18924297703719406,-0.9027630805212856,21.798092600361986,-6.188265283926562,5.132964161020798,-0.22504770924655354,-0.1299478817314983,-0.4716988937399916,-0.49709231319488567,-7.312129408971045,0.9027630805212856,-0.49709231319488567,-7.312129408971045,6040969.595896431,2647417.228393585,0.4855679276635409,0.9957683862252416,217626460.82110155,50944048.92208384,51755955.95591825,397717.20654763473,70747.66798681894,73408.28991068722,0.005571070579469503,636226.3606841551,112250.72879070794,117956.59363743049,0.01927571979743672,2.2579794391358763,0.21643409530266108,0.23057002395243342,0.0011439115446708458
0.31231006065508005,0.04729601334289338,0.1941914458022199,-0.8955460498229494,21.016271983859493,-6.22769223188564,4.836298188705114,-0.2614694005077545,-0.15992473091844575,-0.48597463263196,-0.49709231319488567,-6.522140892355553,0.8955460498229494,-0.49709231319488567,-6.522140892355553,6084100.070035307,2702223.8945103344,0.48828569531293964,0.9961087346242166,209869593.28756696,47987436.29300821,48790248.916279964,380122.9742751956,66928.94675685618,69514.83237593537,0.003587569464815484,615672.004290797,107656.8634042465,113244.51846771507,0.013608151125746887,2.19174939594404,0.21370737493400893,0.22747826223386466,0.0010477955374982955
0.4370992404385496,0.1876059759857784,0.24113326408550612,-0.8823431629062366,19.230210812351185,-6.082674873782696,4.344769786984285,-0.3183151870173788,-0.21787104593367723,-0.5027024551008807,-0.4994686714748705,-2.2515064247403433,0.8823431629062366,-0.4994686714748705,-2.2515064247403433,5944830.954012083,2759483.466131729,0.4919773910117901,0.9970733624819607,192116016.0422994,43158127.92254923,43846173.235133514,354010.47679811483,60593.67053739886,62783.80724113657,0.001596596342279105,576941.6386040584,98799.49668433965,103657.2093982698,0.006310458695160432,2.1295519038160644,0.20468754221637983,0.2159350289857623,0.0007341483025833036
0.003085676879633863,0.15482480061811627,0.2305912338107713,-0.9199084346173979,22.48676629471253,-5.59301710227165,5.597509392523675,-0.09662061572038602,-0.05565241823098005,-0.3526143640527472,-0.4995889868262873,-20.658402535138592,0.9199084346173979,-0.4995889868262873,-20.658402535138592,5424422.089857289,2410353.7859875276,0.4666629371580568,0.9954203104442875,224433957.4526128,55424451.58342272,56391198.76215842,461779.2624646844,82424.20399884711,85982.56683545535,0.024885897091657803,682851.6556674276,124711.97453246283,131565.1798688535,0.041083261069169,2.801274043746482,0.22444882782260211,0.24885140312873805,0.001150763580264521
0.5616991335962285,0.1839330936236928,0.6948717088432007,-0.7342383912499955,11.277633363333345,-5.9112229997032175,2.4299045843553295,-0.48248310077120415,-0.4348621514574294,-0.40965074358823805,-0.49966968684370716,-3.344483010631881,0.7342383912499955,-0.49966968684370716,-3.344483010631881,5626279.871054031,5372514.205626873,0.43194763447450174,0.9995347999609043,112474996.47228925,23991627.114414964,24429379.70740013,267065.02495635557,47306.7357061829,48869.97515755888,3.865438599039302e-06,415304.43919692043,73228.40638764105,76613.07308396255,1.4530903652111718e-05,2.3787630480413444,0.29471331031964265,0.3046302152393718,0.0011743397174233546
0.2790533825387844,0.004368387848058042,0.6857085305494499,-0.7438774863723299,11.392581347686258,-5.497769968211893,2.543211523054907,-0.4081401434090594,-0.3861787601767569,-0.316957563928144,-0.4997870565920409,-13.657659286598978,0.7438774863723299,-0.4997870565920409,-13.657659286598978,5273392.093372008,5023186.173925397,0.41186165346284365,0.9993539977817122,113613638.2699587,25096799.431492165,25586332.22712378,302892.85810091253,54644.80892928572,56626.61845767736,2.3298928883476646e-05,447646.62255509605,80236.91055992927,84261.43052804815,3.777009784705522e-05,2.7940583494685116,0.3095689048786873,0.3252008228106233,0.002263814887772569
0.27655838184960085,0.010002134270434282,0.6736532259791186,-0.7510250879892487,11.535392114213995,-5.527327192851173,2.5758225584616667,-0.40373448676893103,-0.3817360382418102,-0.3172973253122221,-0.4997870565920409,-13.600240655692614,0.7510250879892487,-0.4997870565920409,-13.600240655692614,5298272.453377356,5068804.944791357,0.41368695397920957,0.9993212601964843,115031747.87523966,25415119.02952102,25906439.554825626,305117.05779066536,55082.16696456218,57065.1096377462,3.0376320259177873e-05,450807.47888741386,80874.5718753189,84906.20997564869,4.883148463067134e-05,2.7984710619883906,0.3070807349817298,0.32256570799167444,0.002234226098394659
0.32592128641606555,0.0007320462383194962,0.7142082486290388,-0.7257244657142488,10.944873196819247,-5.502246084865383,2.4327507712251575,-0.4332428724294047,-0.40620644253958926,-0.331794551180136,-0.4997870565920409,-11.880243806418004,0.7257244657142488,-0.4997870565920409,-11.880243806418004,5280472.196455533,5001647.564757354,0.41031366690157073,0.9994493782034907,109159434.1306413,24010304.04415872,24487461.12086197,290122.21165800834,52376.31161573178,54277.1676580189,9.484428120374551e-06,433317.3206954727,77605.87856730627,81497.55512343453,1.819574054953521e-05,2.7090908831694165,0.3152238329944414,0.33009838527800006,0.0019966023997234237
0.5631954838380955,0.006400528213090314,0.7232514462807018,-0.6935121368840856,10.362280797455035,-5.922898097297764,2.2018460550375574,-0.5042425521856679,-0.45528075445578875,-0.4074762802539955,-0.49964094438472706,-4.063736804595767,0.6935121368840856,-0.49964094438472706,-4.063736804595767,5649195.623310372,5499424.162526972,0.42374004055629305,0.9995853420387594,103360645.82353003,21691445.532057438,22156807.89724977,255642.70492851903,45239.45186257382,46959.52467274351,2.6189491981399934e-06,400267.3574003884,70260.12322183342,73926.78671825356,8.88903766497198e-06,2.3715254532466377,0.2995551864852921,0.31180714142751137,0.0010513823432836617
0.42427890250023825,0.1678235829540804,0.19677082566970033,-0.8925127726407617,21.109551062325203,-6.31358006171911,4.724873181671923,-0.2936392880456043,-0.18441395694001064,-0.5055238447139984,-0.49560247125178747,-1.414508579281782,0.8925127726407617,-0.49560247125178747,-1.414508579281782,6193789.378702783,2771757.836687129,0.49741985525604127,0.996527937569139,210871797.76195806,46990014.67736006,47748926.5436881,366989.7609242142,62623.17509134668,64931.26994827427,0.002322576408334233,604074.7548019299,101708.40628039815,106866.88480522312,0.009721124416397959,2.102011171569319,0.2109101513546706,0.22205402346074352,0.0008968852298338544
0.0236411452132687,0.05512841667954563,0.16040544206707255,-0.9273858753522715,25.040669751219678,-6.1956450970474455,6.0104138988227565,-0.08147082035914778,-0.013171870761734667,-0.4067234542277688,-0.49696667755325497,-16.75606189045214,0.9273858753522715,-0.49696667755325497,-16.75606189045214,6031433.453216148,2597276.368898452,0.47607927830293295,0.9942701956524633,249963549.87497792,59501491.8306677,60613667.747121826,470121.30686959217,83022.58274451406,86892.73208156468,0.030805386187781576,717853.686299425,127547.75034216837,135113.3044654335,0.0587501946020332,2.534329879452306,0.22502479302146025,0.2469601364079629,0.0014716150848206962
0.2790533825387844,0.08278641820511645,0.6857085305494499,-0.7555292177287555,11.642053832368259,-5.480940708447096,2.6054455075804013,-0.4017760224514613,-0.3808395800703736,-0.3182301829474996,-0.4997870565920409,-13.285620967154832,0.7555292177287555,-0.4997870565920409,-13.285620967154832,5254184.544996722,4947558.156755757,0.4136677461333701,0.9993534937308158,116092486.92935498,25733099.3511378,26202453.86616018,306293.0015133993,55277.66862172679,57159.49969978486,2.128590650786287e-05,451607.9956410166,81110.92900680013,84957.30541514723,3.6920191498651225e-05,2.7919473257217438,0.30957868099115604,0.32357159977834,0.0022722669966538872
0.007453748343125871,0.8469654399633003,0.34793648233904667,-0.91850906962242,21.656815086455335,-5.4022070638242425,5.327252924196356,-0.10369061788325597,-0.09658246232339181,-0.3220803553380467,-0.4996735465559766,-18.129768500225488,0.91850906962242,-0.4996735465559766,-18.129768500225488,5224949.605462507,2547126.162177685,0.4649264543282018,0.9969729039826674,216119054.91540843,52741287.455609754,53635768.34177501,464090.2346595112,79226.31378343291,82735.41232322482,0.022377838555825463,659989.0326534797,116131.96053963095,122688.45795894349,0.025793127083162476,2.9340051126050937,0.22334943006785085,0.24878653486894822,0.0009311588521682624
0.435823794555704,0.11174862951992888,0.17601814099501217,-0.8942029866292616,21.760170317876486,-6.4110709403262565,4.782670719903944,-0.29009222604374424,-0.17639786828461884,-0.5031795814365514,-0.48878931316317487,-0.8124534736948941,0.8942029866292616,-0.48878931316317487,-0.8124534736948941,6300649.151218271,2817077.558767128,0.49998707254814667,0.9963046222834007,217373914.46281263,47565874.528669246,48375636.26226949,368814.3483626351,62809.01495319462,65225.57012000509,0.0025516052903519822,610108.7522938909,102475.36229991504,107839.81234243645,0.010943052799877775,2.103402071404192,0.21345644185763746,0.22518810609880763,0.000990342654111331
0.4372468319963742,0.17613687648212217,0.8323333154326633,-0.6913505562700606,10.242335456244092,-5.240148599238234,2.225670676496258,-0.4780169549810334,-0.4433264874492723,-0.3622218538633463,-0.4997128917175969,-7.126093411709791,0.6913505562700606,-0.4997128917175969,-7.126093411709791,5060738.928624084,4300311.046967688,0.403089005078351,0.9996918861148194,102117048.2285748,21970444.2524449,22385992.98280143,268386.79996284604,47769.350756178326,49424.40059628279,1.232850872969676e-06,407895.3998272562,72165.047478951,75607.29493312951,3.4883289779493106e-06,2.550569972504849,0.3188453584600714,0.3301725526341825,0.0012256296022826896
0.4183490938685066,0.9805911478016619,0.8363232885584564,-0.8124363914693202,13.290241570832272,-4.899343052096222,3.0147650806132953,-0.3904291799326462,-0.3658573834806412,-0.3705986508308527,-0.4994167543956647,-3.5457851051889695,0.8124363914693202,-0.4994167543956647,-3.5457851051889695,4720681.066686039,3146458.0561736547,0.419854739501869,0.9996880649624579,132579354.75466537,29685032.697640203,30250910.333730362,308512.74413205584,57895.11901084888,59864.57779708751,1.1030545489122411e-05,457330.3715065902,85409.06293957529,89376.28816604138,2.0632560497701778e-05,2.6191465006318317,0.2604561873942103,0.27647319475186344,0.000984906144913549
0.005522044948879451,0.8584952442753757,0.7883131952019086,-0.8536652124716694,15.057377506527942,-4.467659407155944,3.5108747470163904,-0.2122816180329439,-0.25813455829922133,-0.20293910786222077,-0.49959913344029017,-22.858132929422993,0.8536652124716694,-0.49959913344029017,-22.858132929422993,4337539.9234852,2721196.650868661,0.3986580195072247,0.9994196304145492,150346888.9813058,34525168.500825174,35312298.05032083,401335.3363090842,71998.0977709956,75166.74782174756,0.0005583871542278307,538282.5159346353,96465.43946484516,102086.73472443176,0.00021264329539681846,3.4172838755170116,0.25569453332986863,0.2925423946258099,0.0037307991090869326
0.226190974237599,0.16578753563320636,0.30953378886361993,-0.881368367578297,17.95410658565309,-5.4345764329736985,4.285263543746712,-0.26321894906483567,-0.20815972420374282,-0.3906263091229696,-0.4997870565920409,-12.455839114476277,0.881368367578297,-0.4997870565920409,-12.455839114476277,5265807.564620929,2805957.5516888117,0.46859623638184855,0.9971997352383235,179195067.05513623,42478773.08683851,43125110.76503416,374605.8610735494,69354.89505359817,71647.36622986887,0.0022818467174960705,568559.9306623273,107965.04899819408,112710.92392534079,0.006568930058559236,2.6206304782399585,0.23158530130894323,0.24715508660469393,0.0009569421877183475
0.6768376600711634,0.027451908069501374,0.8361467230485959,-0.6339577583168101,9.35290509505888,-5.7724183303614485,1.9091560683325228,-0.5442372585522408,-0.49060819354916924,-0.42338001354822463,-0.4996337709586586,-0.9655585096135171,0.6339577583168101,-0.4996337709586586,-0.9655585096135171,5542085.993481254,5036368.941200127,0.41403089133073456,0.9997649869038264,93246904.66727483,18748085.440744884,19192795.6501992,235746.80345897883,41082.55957520907,42812.15015003633,5.567434294743966e-07,375376.50659739185,64948.479257227875,68598.09289976313,2.3736005038485333e-06,2.281061949616711,0.3027561487626057,0.31453641766991786,0.000627127796193579
0.6838724058991039,0.0210650119828784,0.835244228227403,-0.632295492810744,9.331006558014302,-5.792455468772393,1.9004735389873155,-0.5458058767961677,-0.4916765126002587,-0.42515358689713967,-0.4996337709586586,-0.9702314218062561,0.632295492810744,-0.4996337709586586,-0.9702314218062561,5559881.716960936,5065719.906077381,0.4144589712864495,0.9997659121974679,93029924.0582079,18658660.801122766,19105889.914907034,234988.47555022765,40912.705344371905,42651.21382028986,5.55578474974969e-07,374673.4803848635,64759.89075873442,68428.70491673167,2.381450055792744e-06,2.2738535280405263,0.3019470123117324,0.31380611116188717,0.0006162045795128799
0.019035329839901444,0.04246928552091728,0.1834538959892164,-0.9241351724703244,23.872036130088855,-6.010923056496352,5.815802365383362,-0.0922664376199307,-0.03146912034231622,-0.3959436220350985,-0.4970621002204839,-20.345119123403407,0.9241351724703244,-0.4970621002204839,-20.345119123403407,5840522.383562121,2531761.3323491937,0.47210296145642733,0.9946874003523996,238293137.0951025,57553726.74589551,58631051.17206071,463748.718977707,82535.70998898422,86361.38035102091,0.02692040043550584,702195.0155448386,126388.57128164776,133822.80152444573,0.05070333664030463,2.5965911146393896,0.2201597469971161,0.24381700241182125,0.0013310350381387438
0.4370992404385496,0.1752039361945468,0.29941027717165847,-0.8678053260505364,17.29696426027521,-5.771365917807671,3.9413839289353176,-0.34292755771865185,-0.25871767018978625,-0.4715548016086533,-0.4997128917175969,-3.13739824857341,0.8678053260505364,-0.4997128917175969,-3.13739824857341,5612692.030364127,2935334.1764019956,0.4829885591156364,0.9976304852627281,172767824.59798318,39086509.574700415,39711104.808501735,339035.4148804213,59505.62074707282,61578.47039030431,0.001089721041954357,540462.825140363,96950.17574580757,101432.35968190942,0.003787271854683651,2.262238679655792,0.2119721420223392,0.22415806268701194,0.0006752568590668611
0.23414099188477644,0.031305341383655205,0.7731109705014464,-0.7213475849357555,10.933804799728417,-5.095182648817545,2.4806172945741944,-0.40688820071551235,-0.3938738219586156,-0.2892369205650319,-0.4997870565920409,-15.739562178206217,0.7213475849357555,-0.4997870565920409,-15.739562178206217,4928999.809090028,4334191.546465004,0.39611027171552715,0.9995187013954403,109086424.3012613,24535907.50050036,25010518.113130834,304004.3718019586,54262.19882971689,56298.617625032035,9.353935737129492e-06,442939.75323071633,78479.46945262501,82524.00935578583,1.2763514202061298e-05,2.8977337294460175,0.3215908793935678,0.338320393266933,0.002957687206701377
0.5605194629436165,0.0011300018720222897,0.8980248162228434,-0.6094836399757635,8.89264099944686,-5.316364026497408,1.8565921542236614,-0.5318114630746212,-0.48627997681874113,-0.38207357467192277,-0.49966968684370716,-4.2282388204264345,0.6094836399757635,-0.49966968684370716,-4.2282388204264345,5168012.148185049,4369779.452851841,0.39654003057247944,0.9997923126362878,88650407.5955992,18256639.1071455,18672114.791461866,239944.5631070868,43002.845912341865,44853.6593840037,7.371546908041321e-07,375586.0546029739,66570.44757623975,70350.28993170505,2.139669841332784e-06,2.4280296337112324,0.3292632358237648,0.3423849904776733,0.0007665030260855748
0.30090829200306124,0.02716575331276451,0.16736731814575348,-0.9014869810815851,22.346049887711743,-6.373185550384983,5.070327248910561,-0.24292333052608217,-0.1369363770244089,-0.484894216235814,-0.48997113176597473,-6.581938404152621,0.9014869810815851,-0.48997113176597473,-6.581938404152621,6239175.019583889,2741236.552757048,0.4911581966932743,0.9956774604246694,223138982.03749767,50317740.152135625,51185523.67633199,389460.9551635479,68569.37602709375,71280.18219436958,0.004735508467557652,633290.9519821623,110065.44593815359,115910.95583905229,0.018068441392773728,2.179653746928038,0.22035710835900307,0.23418527741508482,0.0012228659090875158
0.39825968657701344,0.14182340220938905,0.8486631436245984,-0.6830305483936695,10.085198847626888,-5.120408237996226,2.2035888957835086,-0.47226967033658523,-0.44114439562703833,-0.34693308917730903,-0.4997870565920409,-8.63267277925,0.6830305483936695,-0.4997870565920409,-8.63267277925,4963390.1958453925,4144339.737910019,0.397282951006595,0.999699171941456,100555395.66346875,21759684.97804315,22174730.51056734,271005.22728397796,48314.160004920835,50044.82032228003,1.5938074530328343e-06,409104.97889900516,72426.62252937966,75976.79324397871,3.7042885178635645e-06,2.607612133143356,0.32644279231743034,0.3386840909620303,0.0013642474864796002
0.5488146140618242,0.00148745613535363,0.6520569804853744,-0.7251686778120932,11.085480698181772,-6.0579754157391354,2.378459989421634,-0.48645228237114263,-0.43575275000576813,-0.41165927498981203,-0.49966968684370716,-3.968886273122649,0.7251686778120932,-0.49966968684370716,-3.968886273122649,5765928.372693167,5726423.872006128,0.43348232406319154,0.999443428425312,110563445.4637229,23439023.73552302,23915519.987126183,264521.1408404559,47038.252821935144,48785.68251512797,1.3647330668141513e-05,414109.6989224208,73036.85779845263,76777.18149306117,3.95502973272388e-05,2.379880978195325,0.28748977511986473,0.29966174878159735,0.0010776466115693666
0.19000343923216995,0.007349439498619048,0.23104293931326775,-0.8956303398138988,19.747019021902975,-5.783025230761677,4.7679615698313516,-0.22511438589637767,-0.14944460765167802,-0.42467928691829765,-0.4995889868262873,-9.663409042806846,0.8956303398138988,-0.4995889868262873,-9.663409042806846,5616983.137200613,2574626.538494494,0.4745322838016889,0.9961682965814378,197138730.6997899,47210614.47270892,48014038.30691179,395021.1687181526,71834.3114900953,74657.14781406289,0.004876614862156522,614553.1389904191,113110.94867984475,118933.45678713438,0.014878398424493386,2.4823844254519933,0.21546022098558168,0.234075302329088,0.0010446597917897398
0.49034846790328934,0.04259753044243629,0.8172749647671498,-0.6657714329490374,9.754972798355853,-5.460969176139234,2.086373999272205,-0.5004433522517083,-0.45967643644446765,-0.374933929125049,-0.4997128917175969,-6.040104069017465,0.6657714329490374,-0.4997128917175969,-6.040104069017465,5262384.269353772,4715033.512051617,0.4056522532617806,0.9996911947348538,97266827.01634525,20547611.757728558,20986881.2298628,256564.0870152523,45861.26713400043,47584.65022028508,1.0639168246501703e-06,395703.48376505316,70085.54466674037,73679.47307982482,3.3479161194475865e-06,2.483486442299991,0.3205456953669424,0.3329224615262904,0.0010976243912041476
0.23414099188477644,0.9708146206702015,0.7731109705014464,-0.83713346921675,14.204034961283236,-4.836601199239482,3.321491656988207,-0.31799958308468923,-0.31678112468320563,-0.3155034257625955,-0.49961075512300845,-9.688994575979153,0.83713346921675,-0.49961075512300845,-9.688994575979153,4659914.391082962,3079175.2149849455,0.4178947441687866,0.9995141385249056,141748973.19166264,32681065.85042933,33326778.4671271,344958.7626943267,64604.524696315115,66858.03737751365,6.670877195491609e-05,492621.4154973535,91704.60870445936,96127.13732447299,7.583622439869167e-05,2.881339672003247,0.2644740564700331,0.28540475428568773,0.0018092471825644297
0.5427326823122911,0.006918527411011288,0.8559852948268221,-0.6337401586010338,9.241088060407195,-5.443312129856076,1.942638906604092,-0.5217804749685182,-0.4771201584254969,-0.38325347341926774,-0.4997199203318132,-4.299337074088843,0.6337401586010338,-0.4997199203318132,-4.299337074088843,5264139.569450921,4626835.525949703,0.40210768760710197,0.9997496540915749,92125715.75197653,19098944.870710403,19534141.162168987,245448.29144539757,43886.12919963199,45661.29131669943,7.834482255423292e-07,382723.5617419884,67758.63290317994,71433.8974706293,2.4841817988240133e-06,2.4349433543081687,0.323086957636557,0.3360699611830142,0.0008710159600188968
0.3316220282631443,0.07155604521179959,0.7126342754040336,-0.7359823228028827,11.171337509019173,-5.497048992932065,2.485774520074481,-0.4292774724779377,-0.4023899787767362,-0.3351903866455664,-0.4997870565920409,-11.014789865039461,0.7359823228028827,-0.4997870565920409,-11.014789865039461,5271103.329740501,4946890.127331333,0.412544534556985,0.9994488702452258,111408586.37704735,24553456.90148285,25011264.602596343,292367.24714173324,52754.99204447411,54560.243549963445,8.25934883830364e-06,436282.13443829824,78222.38097024501,81946.44869325735,1.7398434283981076e-05,2.6979784893669216,0.314421061959168,0.32774707643436346,0.001973177593136397
0.008082625559200168,0.9569847876602268,0.24346492156275507,-0.931048182857978,26.003252367566926,-5.736372125274851,6.130268701580478,-0.059115090970543016,-0.015122151661484387,-0.38904402638992436,-0.4923150256327484,-12.84753155713423,0.931048182857978,-0.4923150256327484,-12.84753155713423,5592626.65516383,2281028.9474063,0.4829103183068734,0.995611339621835,259437667.36328077,60353556.955870576,61622705.466608554,496122.3072069665,78033.9587140121,82387.00858032108,0.042247737779113746,732151.9390809798,119192.7461944783,127367.40640804944,0.05722954707585773,2.6399615112118253,0.21012252865791795,0.23674052175725294,0.0008088010995704704
