rn,rs,r_theta,neg_eta_V,Qs_s,neg_sg_s,g_q_stag,g_q_shldr,g_n_max,g_pitch,g_nose,eta_V,g_pitch_stable,g_trim_on_nose,Qs,q_stag_max,q_shldr_max,n_max,sg,P_slow,P_cap
2.2688802616472643e-06,0.24877147881206457,0.08398202737790311,-0.9423431606053367,28.66146746578523,-10.192412335347273,-0.2841265560701258,-0.2546994578789093,-0.44001067736157723,-0.0076340565937161875,-11.458541509185967,0.9423431606053367,-0.0076340565937161875,-11.458541509185967,286614674.6578523,501111.4107509119,745300.5421210907,2.799946613192114,10192412.335347272,0.4494071882668835,0.9994716667208412
0.7190973974279774,3.248615569259594e-13,0.9999999999996958,-0.5385222380404902,8.964671015303075,-10.447822817496732,-0.7587527718640262,-0.7244215854920419,-0.5739172599133588,-0.4996554442916762,-0.07831386832299156,0.5385222380404902,-0.4996554442916762,-0.07831386832299156,89646710.15303075,168873.0596951816,275578.4145079581,2.1304137004332055,10447822.817496732,0.040738727900958005,0.9999941609453087
1.998037932194417e-06,0.24877147881206457,0.08398202737790311,-0.9423368936677395,28.66147116231157,-10.192412909078428,-0.2841264124705676,-0.25469936489637185,-0.4400105625835683,-0.0076340565937161875,-11.458541509185967,0.9423368936677395,-0.0076340565937161875,-11.458541509185967,286614711.6231157,501111.5112706027,745300.6351036282,2.7999471870821586,10192412.909078429,0.44940706708743255,0.9994716665658869
0.6474836817731593,7.254183365112965e-12,0.5572541125704027,-0.7554160994552294,12.953314765778316,-26.145697200150316,-0.6510283495235172,-0.6079906370621813,-0.5621452093801164,-0.49964094438472706,-1.1192619314326513,0.7554160994552294,-0.49964094438472706,-1.1192619314326513,129533147.65778317,244280.155333538,392009.3629378187,2.189273953099418,26145697.200150315,0.2121786449100632,0.9999618292213478
0.016162083503675373,2.8666988487885403e-13,0.953036704417877,-0.6992537755232464,11.242860279612719,-6.424296246002052,-0.614427040112755,-0.6312770252873567,-0.31147607287856766,-0.4997870565920409,-27.691956682605593,0.6992537755232464,-0.4997870565920409,-27.691956682605593,112428602.79612719,269901.0719210715,368722.9747126433,3.4426196356071617,6424296.246002052,0.014480704499605816,0.9999848639526643
1.998037932194417e-06,0.39662702865267635,0.49422999156638947,-0.8819812313002829,17.88489223722879,-18.968627445732107,-0.452785593701583,-0.4731745078405701,-0.33484942331376394,-0.4996664703155559,-24.678858706646157,0.8819812313002829,-0.4996664703155559,-24.678858706646157,178848922.3722879,383050.0844088919,526825.4921594299,3.3257528834311803,18968627.445732106,0.12613421213579445,0.9999001300915671
0.3182271247485301,0.0006115335080172923,0.983098921244276,-0.6031721422785136,9.462843657607419,-7.814422378776927,-0.7126583391781429,-0.696535906136542,-0.4854918619530134,-0.4997870565920409,-11.884997672775205,0.6031721422785136,-0.4997870565920409,-11.884997672775205,94628436.57607418,201139.16257529997,303464.09386345797,2.572540690234933,7814422.378776927,0.02171142442884261,0.9999903437660423
0.5088589292505588,0.027141254187684427,0.7599779056158333,-0.686547917234074,10.975932088398544,-18.02846018551437,-0.7064357918836222,-0.6806029628223946,-0.5304605331675849,-0.4997128917175969,-5.556444168298841,0.686547917234074,-0.4997128917175969,-5.556444168298841,109759320.88398544,205494.94568146448,319397.0371776053,2.3476973341620755,18028460.185514368,0.07948392198819777,0.9999805390718506
2.5260912702922855e-05,0.9935712385443276,0.35724708419369294,-0.9216501819201203,22.943771931627687,-12.739313873535787,-0.3597515682596714,-0.3737286470485055,-0.42264182732736844,-0.4989721967494388,-16.505585413537386,0.9216501819201203,-0.4989721967494388,-16.505585413537386,229437719.31627688,448173.90221823,626271.3529514945,2.886790863363158,12739313.873535788,0.28411232335428155,0.9998246345933721
8.442293809351087e-06,0.9961018219941884,0.3890437250706533,-0.9184838201845053,22.136200878963088,-13.454605973772175,-0.3731239465547278,-0.3915066801713352,-0.40584932491140907,-0.4989721967494388,-16.56531579798385,0.9184838201845053,-0.4989721967494388,-16.56531579798385,221362008.7896309,438813.2374116905,608493.3198286648,2.9707533754429547,13454605.973772176,0.2564609884319632,0.9998458892892201
8.442293809351087e-06,0.9960068547690848,0.44787966597473683,-0.9109109262661075,21.05686051795294,-14.726362370448122,-0.39401541760318387,-0.41860836854697475,-0.37713775913923675,-0.4989721967494388,-18.663568128556907,0.9109109262661075,-0.4989721967494388,-18.663568128556907,210568605.17952943,424189.2076777713,581391.6314530253,3.1143112043038164,14726362.370448122,0.2096261395610879,0.9998786704039903
7.66964122584869e-06,0.950443482463141,0.5069916853298321,-0.9031124017772917,19.77857311568099,-15.884079257302583,-0.4145274943887148,-0.44341686744231856,-0.3562571631269858,-0.49961075512300845,-21.20107931757979,0.9031124017772917,-0.49961075512300845,-21.20107931757979,197785731.15680993,409830.75392789964,556583.1325576814,3.218714184365071,15884079.257302582,0.1649837312047142,0.9999046314589758
5.586825533837329e-06,0.09485361021488847,0.15221345818300452,-0.9320450127605954,26.52573110158781,-11.601075031564122,-0.33768439514984,-0.3057963165793278,-0.481676712611522,-0.4886807278098968,-17.032507283089995,0.9320450127605954,-0.4886807278098968,-17.032507283089995,265257311.01587808,463620.923395112,694203.6834206722,2.59161643694239,11601075.031564122,0.3518833865368479,0.9996002410522856
0.5781687062502063,2.3877427434591485e-14,0.9858930443551458,-0.5617400484652376,9.052720360293796,-9.72698904806991,-0.7491054107537252,-0.7203047659238482,-0.5535422568117964,-0.49964094438472706,-4.051398728732632,0.5617400484652376,-0.49964094438472706,-4.051398728732632,90527203.60293795,175626.2124723924,279695.23407615186,2.232288715941018,9726989.048069911,0.0338680413316962,0.9999927962109547
0.011033380953190976,0.9932326788392377,0.42198489932557404,-0.9134106326957652,21.37772626540722,-14.265261348139267,-0.3910235863348445,-0.4108212329300875,-0.3946721799683396,-0.4989721967494388,-18.663568128556907,0.9134106326957652,-0.4989721967494388,-18.663568128556907,213777262.6540722,426283.48956560885,589178.7670699125,3.026639100158302,14265261.348139267,0.23263414327909615,0.9998668071674685
0.02448595968449019,0.030669316565393023,0.9177664291280423,-0.7160513517195153,11.673301419290706,-7.251983784723029,-0.6119479002744744,-0.6287328734036753,-0.3145475674066314,-0.4997870565920409,-27.224163615184516,0.7160513517195153,-0.4997870565920409,-27.224163615184516,116733014.19290707,271636.4698078679,371267.12659632467,3.427262162966843,7251983.784723029,0.017510395417508196,0.9999826816645633
0.012689271024279664,0.10257478895290154,0.1664268441062733,-0.9277678051361805,25.707417438068987,-11.711551596622614,-0.3501977470267545,-0.3179842422954346,-0.48271838201992356,-0.48997113176597473,-17.653757053491248,0.9277678051361805,-0.48997113176597473,-17.653757053491248,257074174.38068986,454861.57708127185,682015.7577045654,2.5864080899003823,11711551.596622614,0.3438643529770866,0.9996277951858006
0.3525105998249135,0.0038048991108604463,0.9274195839974048,-0.6252469030978515,9.711832149591666,-9.596143730635498,-0.7159925327629107,-0.6987652554355618,-0.4926051580110783,-0.4997870565920409,-10.888879938038858,0.6252469030978515,-0.4997870565920409,-10.888879938038858,97118321.49591666,198805.22706596248,301234.7445644382,2.5369742099446086,9596143.730635498,0.029447486210852296,0.9999883320015486
0.0028013307821851234,0.021164672695973233,0.1839955459821891,-0.9257024474859713,24.501301027518494,-11.893810617782027,-0.3634117975572244,-0.33619905913851794,-0.4624413142694787,-0.4970621002204839,-21.0393145011766,0.9257024474859713,-0.4970621002204839,-21.0393145011766,245013010.27518493,445611.74170994293,663800.940861482,2.6877934286526064,11893810.617782027,0.3106756964068618,0.9996500086776053
0.544276738106433,0.042148084850784966,0.6370574988128974,-0.737670303514853,12.258761139257814,-24.159208927210138,-0.6715641670150575,-0.6401196184587467,-0.5403823829294884,-0.49966968684370716,-3.9246565741814274,0.737670303514853,-0.49966968684370716,-3.9246565741814274,122587611.39257814,229905.08308945975,359880.38154125336,2.2980880853525583,24159208.927210137,0.13865452584541166,0.9999691263801816
0.0022197487704089525,0.01389208284871827,0.9299818099149322,-0.7167238336064613,11.656937788417531,-6.805655197907003,-0.6045046111452066,-0.6244837650991794,-0.2974176528557771,-0.4997870565920409,-27.93682850178629,0.7167238336064613,-0.4997870565920409,-27.93682850178629,116569377.88417532,276846.7721983554,375516.23490082065,3.5129117357211146,6805655.197907003,0.01577653975717902,0.9999831212507087
0.3679323781815626,0.00044919106082432023,0.8209279794850023,-0.6724902106109913,10.524317255954443,-13.609817008558808,-0.7036309899233546,-0.6853906104159864,-0.49208164253558406,-0.4997870565920409,-10.043277618467306,0.6724902106109913,-0.4997870565920409,-10.043277618467306,105243172.55954443,207458.30705365178,314609.3895840136,2.5395917873220797,13609817.008558808,0.04768908117553376,0.9999823094184946
0.004485406051781077,0.14651982052337825,0.4882385536628725,-0.8703699430444035,17.081958883229355,-19.780283274063795,-0.4737391323783349,-0.48936793833172193,-0.32956429013761734,-0.4997870565920409,-26.232817421063956,0.8703699430444035,-0.4997870565920409,-26.232817421063956,170819588.83229354,368382.60733516555,510632.06166827807,3.352178549311913,19780283.274063796,0.112221885525813,0.9998984283974189
7.590621928172346e-06,0.9978152802330861,0.3330216437924467,-0.9242458536476967,23.731177347651744,-12.212476680628411,-0.34780730208054944,-0.3580113796682489,-0.43611093267279044,-0.4989721967494388,-15.292842322649618,0.9242458536476967,-0.4989721967494388,-15.292842322649618,237311773.47651744,456534.8885436154,641988.6203317511,2.819445336636048,12212476.680628411,0.3072113868873308,0.9998064756488254
0.016370678969834174,0.37218067443953073,0.506533471808175,-0.8753115502161338,17.400040859205856,-19.4781911622466,-0.4666915024076087,-0.4838471455254465,-0.3420856754856538,-0.4996664703155559,-24.519782385703287,0.8753115502161338,-0.4996664703155559,-24.519782385703287,174000408.59205857,373315.9483146739,516152.8544745535,3.289571622571731,19478191.1622466,0.12160851987151709,0.9999066956015302
0.0002544988122760311,0.996010334485756,0.32194986503142353,-0.9255085127826644,24.121977523206553,-11.997045138297242,-0.342450296877472,-0.35079315584159304,-0.4421508521922388,-0.4989721967494388,-15.058722323494466,0.9255085127826644,-0.4989721967494388,-15.058722323494466,241219775.23206553,460284.7921857696,649206.844158407,2.789245739038806,11997045.138297241,0.31766539503086927,0.9997976255831134
6.162400298447846e-06,0.003411812943469955,0.5660357733360132,-0.8431432459773734,15.353515040657141,-19.621566891329888,-0.5057073385192113,-0.5230952043202144,-0.30116536157132623,-0.4997870565920409,-27.38381958692905,0.8431432459773734,-0.4997870565920409,-27.38381958692905,153535150.40657142,346004.86303655204,476904.7956797856,3.4941731921433687,19621566.89132989,0.07450105499220006,0.9999257173543392
0.5523924483805506,0.011038058141490392,0.6162952903706944,-0.7409848297209295,12.375051694929406,-24.94620272427572,-0.6677761098433085,-0.6340521118489029,-0.5419717324512907,-0.49966968684370716,-3.8409412753467462,0.7409848297209295,-0.49966968684370716,-3.8409412753467462,123750516.94929406,232556.72310968404,365947.8881510971,2.2901413377435467,24946202.724275723,0.14931545221259127,0.9999667122364955
0.0016640234130417771,0.9600458996712314,0.34291602151424266,-0.9224385640094178,23.27017801544253,-12.509192823221703,-0.3566582436204925,-0.3679303773423184,-0.42851542268127885,-0.49961075512300845,-16.24628142136512,0.9224385640094178,-0.49961075512300845,-16.24628142136512,232701780.1544253,450339.2294656553,632069.6226576816,2.8574228865936058,12509192.823221702,0.2932473019328327,0.9998145103741974
0.5523924483805506,0.011038058141490392,0.6377545428143364,-0.7322421454817748,12.13512393455876,-24.227198211077706,-0.6753697025750524,-0.6432123826580562,-0.5420392553328794,-0.49966968684370716,-3.9165261601139294,0.7322421454817748,-0.49966968684370716,-3.9165261601139294,121351239.3455876,227241.20819746336,356787.61734194384,2.289803723335603,24227198.211077705,0.13755059476477163,0.9999694931279094
0.232829014927628,0.0021254921041320186,0.6061763293418966,-0.7824367755388464,13.234345498117774,-22.14404822174349,-0.6149073763701595,-0.6013804705709543,-0.4450032868325747,-0.4997870565920409,-15.236994560241131,0.7824367755388464,-0.4997870565920409,-15.236994560241131,132343454.98117775,269564.8365408884,398619.5294290456,2.7749835658371267,22144048.22174349,0.0929106820837919,0.9999509691482201
0.3643234703372063,0.020441874554982142,0.7810091839743576,-0.6946611232957705,11.025608501491359,-15.362768072798902,-0.6929769986307629,-0.6751022553020498,-0.4931136754358866,-0.4997870565920409,-9.960896980554978,0.6946611232957705,-0.4997870565920409,-9.960896980554978,110256085.01491359,214916.100958466,324897.7446979502,2.534431622820567,15362768.072798902,0.05683403251134647,0.9999791065940243
0.10558780827121317,0.011826434189390287,0.49440898253667453,-0.8399796910643033,15.63124103370224,-21.56747993672386,-0.5339993362210423,-0.5301928705186844,-0.389230770893057,-0.4997870565920409,-20.987670603037504,0.8399796910643033,-0.4997870565920409,-20.987670603037504,156312410.3370224,326200.4646452704,469807.1294813156,3.053846145534715,21567479.936723858,0.11886774178357257,0.9999113451655226
0.08481246815733302,0.011826434189390287,0.49440898253667453,-0.8450594952868111,15.79895750785459,-21.254858005905614,-0.5251761117335959,-0.5245428268014626,-0.37659746155937013,-0.4997870565920409,-22.371313820142714,0.8450594952868111,-0.4997870565920409,-22.371313820142714,157989575.0785459,332376.7217864829,475457.17319853744,3.1170126922031494,21254858.005905613,0.1149891782590423,0.9999093271870715
3.2560417512872257e-06,0.9727955778085426,0.362523457166553,-0.9207961346163677,22.73429956274086,-12.912785254850071,-0.3638221040078051,-0.37851625195839816,-0.4182970237897372,-0.49961075512300845,-16.578522910453724,0.9207961346163677,-0.49961075512300845,-16.578522910453724,227342995.6274086,445324.5271945364,621483.7480416019,2.908514881051314,12912785.25485007,0.276544959497628,0.9998283886036556
0.6474128584068352,0.018765155216667783,0.964448737438302,-0.570323995373925,9.201675189271578,-11.061040126983817,-0.7513443058980332,-0.7206083560810522,-0.5642990824126104,-0.49964094438472706,-1.6043632261899639,0.570323995373925,-0.49964094438472706,-1.6043632261899639,92016751.89271578,174058.98587137667,279391.64391894784,2.178504587936948,11061040.126983818,0.04239860425114587,0.999992706673424
0.08263319175732567,0.007944792007708042,0.572503709166134,-0.821996465054424,14.58260471577959,-20.885902584082622,-0.5488099656867572,-0.5517524059364963,-0.36051064360151297,-0.4997870565920409,-22.975982003185763,0.821996465054424,-0.4997870565920409,-22.975982003185763,145826047.1577959,315833.0240192699,448247.59406350367,3.197446781992435,20885902.584082622,0.08348167294447913,0.9999338373784019
0.6361579197778555,2.830474838508131e-12,0.9849985813616999,-0.5554077279058987,9.030718494831456,-10.233495950899437,-0.7534165373734052,-0.7224883629700807,-0.5628049416773624,-0.49964094438472706,-2.122964851612525,0.5554077279058987,-0.49964094438472706,-2.122964851612525,90307184.94831456,172608.42383861632,277511.6370299193,2.1859752916131883,10233495.950899437,0.03761613630104552,0.9999932102401514
0.12391308897875142,0.16988694872342228,0.5324883107735685,-0.8382918025155829,15.397063087090606,-21.883387076761682,-0.5399289336623626,-0.5368381324132836,-0.3976308687877149,-0.4997870565920409,-19.356135553526787,0.8382918025155829,-0.4997870565920409,-19.356135553526787,153970630.87090605,322049.7464363462,463161.8675867164,3.0118456560614253,21883387.07676168,0.11565882399804728,0.9999254293530816
0.0017814785668708987,0.9249329293634971,0.5271940178915696,-0.8992569421635105,19.19625324502572,-16.207811166469135,-0.4226623398732196,-0.45229427016645785,-0.35195609225952185,-0.49961075512300845,-21.36993285515447,0.8992569421635105,-0.49961075512300845,-21.36993285515447,191962532.45025718,404136.3620887463,547705.7298335421,3.240219538702391,16207811.166469134,0.15114141921473342,0.9999123423943745
0.0001567968025988055,0.9997020552602827,0.45903707558656826,-0.9106204277301638,20.886151755378403,-14.918597283717782,-0.39734021137762865,-0.422915840934445,-0.372968808880796,-0.4989721967494388,-19.53786413044725,0.9106204277301638,-0.4989721967494388,-19.53786413044725,208861517.55378404,421861.85203565995,577084.159065555,3.1351559555960202,14918597.283717781,0.20193418477302985,0.9998840644493079
0.0007671101270367783,0.9352681854449546,0.5225219299198103,-0.9004284950181027,19.35500728659382,-16.10954849131161,-0.420198899442226,-0.44985478669933393,-0.352681586681888,-0.49961075512300845,-21.36993285515447,0.9004284950181027,-0.49961075512300845,-21.36993285515447,193550072.86593822,405860.7703904418,550145.2133006661,3.23659206659056,16109548.49131161,0.15450054363629553,0.9999105538183168
0.028904584458841975,0.0008528292040794454,0.6411672956478478,-0.8125189176037847,14.14604450920391,-17.604784728550875,-0.5466948712423989,-0.5629472510441177,-0.31949810142896135,-0.4997870565920409,-26.284420485489733,0.8125189176037847,-0.4997870565920409,-26.284420485489733,141460445.0920391,317313.59013032075,437052.74895588227,3.4025094928551933,17604784.728550874,0.05708667636784042,0.9999469560135154
0.004083195851112137,0.950443482463141,0.5173235700642853,-0.9012660317096898,19.50947900025421,-16.011201554844362,-0.4194508933115505,-0.44822804167279673,-0.35646916578758975,-0.49961075512300845,-21.216261274610446,0.9012660317096898,-0.49961075512300845,-21.216261274610446,195094790.0025421,406384.37468191463,551771.9583272033,3.217654171062051,16011201.554844363,0.1597134642225453,0.9999089568006586
0.0025546046233932774,0.001657042985795422,0.9120914667508044,-0.7200507748568932,11.808854644657393,-7.166834883568835,-0.6033778082155439,-0.6235187976087786,-0.29627365243766784,-0.4997870565920409,-27.927895163040915,0.7200507748568932,-0.4997870565920409,-27.927895163040915,118088546.44657393,277635.5342491193,376481.2023912215,3.5186317378116607,7166834.8835688345,0.016939088379930814,0.9999818568043857
0.6942850737823804,7.44667115259707e-12,0.9849985813616999,-0.5491435666890213,9.015989396912476,-10.72517034563188,-0.7568079337612404,-0.7237916603121843,-0.5707948660695429,-0.4996679820182366,-0.6872292337945786,0.5491435666890213,-0.4996679820182366,-0.6872292337945786,90159893.96912476,170234.4463671317,276208.3396878157,2.1460256696522855,10725170.34563188,0.041611531463458966,0.9999936246551053
4.925766372773882e-05,0.9821971666594829,0.39578330833742514,-0.9172318292705732,21.947661595837765,-13.656970395990323,-0.3768756644885277,-0.39602184896647347,-0.401475345856013,-0.4995673833930999,-17.702485774285392,0.9172318292705732,-0.4995673833930999,-17.702485774285392,219476615.95837766,436187.0348580306,603978.1510335265,2.992623270719935,13656970.395990323,0.24903364947201787,0.9998500821707664
0.5084607042780098,0.0841487474814096,0.4656075140286654,-0.8085067454993888,14.513022966796985,-23.956659762561685,-0.6024002717894091,-0.5645375659561441,-0.5397629645544747,-0.4997128917175969,-4.400674250354126,0.8085067454993888,-0.4997128917175969,-4.400674250354126,145130229.66796985,278319.8097474136,435462.43404385593,2.3011851772276266,23956659.762561686,0.2501701960361782,0.9999355348321388
0.4299560384451231,0.00029246899309287935,0.9573568098605657,-0.5969260715572196,9.338202886586608,-9.351071721795275,-0.7311093660811504,-0.7092997515086301,-0.5190892674415581,-0.4997128917175969,-8.211125335955803,0.5969260715572196,-0.4997128917175969,-8.211125335955803,93382028.86586608,188223.4437431947,290700.2484913698,2.4045536627922095,9351071.721795276,0.0295628407951142,0.9999905008697086
0.6487569870319158,0.02738623144451304,0.5826049192419682,-0.7479449075189529,12.75657661148182,-25.91165918201938,-0.6579054474704727,-0.6169794181628258,-0.5595204870240181,-0.49964094438472706,-1.0362174689264365,0.7479449075189529,-0.49964094438472706,-1.0362174689264365,127565766.11481822,239466.18677066904,383020.5818371742,2.2023975648799095,25911659.182019383,0.19712267291131352,0.999965604764747
0.3732513366638017,0.014840609277446688,0.7393667323975026,-0.7104341614780246,11.431893957411665,-17.49497687537617,-0.6850928507994511,-0.6664317783545326,-0.4967504120341153,-0.4997870565920409,-9.954282742984669,0.7104341614780246,-0.4997870565920409,-9.954282742984669,114318939.57411665,220435.00444038422,333568.22164546745,2.5162479398294235,17494976.875376172,0.06844636317914557,0.9999754921742938
0.00014470257475050828,0.9507924586172675,0.3745671196068695,-0.9189341362442279,22.349500150493416,-13.259345970199883,-0.37090697491027297,-0.387210888636458,-0.41052050802163575,-0.49961075512300845,-17.28844282494163,0.9189341362442279,-0.49961075512300845,-17.28844282494163,223495001.50493416,440365.1175628089,612789.111363542,2.947397459891821,13259345.970199883,0.26310050257698714,0.9998366498280449
0.18544582536287368,0.26358802216831856,0.5418990868149655,-0.8335108020514759,15.188919412827016,-22.32984224902324,-0.5563871754103124,-0.5471843170798993,-0.4327567088866419,-0.4997518418288539,-15.225377254265558,0.8335108020514759,-0.4997518418288539,-15.225377254265558,151889194.12827015,310528.9772127814,452815.6829201007,2.8362164555667904,22329842.24902324,0.1298607815482088,0.9999327912655234
0.02448595968449019,0.03010294096914684,0.6473856869826508,-0.8142845045308995,14.202171870337375,-17.31340644510522,-0.5440213635878698,-0.5618913369473804,-0.3170820938432768,-0.4997870565920409,-26.557686215561368,0.8142845045308995,-0.4997870565920409,-26.557686215561368,142021718.70337376,319185.04548849113,438108.6630526196,3.414589530783616,17313406.445105217,0.05622300985708277,0.9999480161026135
0.4187394324264523,0.0271507647095785,0.6029923045112509,-0.7618375603492952,12.771394618038162,-24.358860251730505,-0.6489923785581478,-0.6215540470039989,-0.5124802721538149,-0.4997128917175969,-8.43045818919851,0.7618375603492952,-0.4997128917175969,-8.43045818919851,127713946.18038161,245705.33500929654,378445.9529960011,2.437598639230926,24358860.251730505,0.12881625118456616,0.9999593808949959
0.0027974559622907296,0.01468007597099974,0.1792597358084171,-0.9263363577471224,24.711107517354165,-11.895354135511793,-0.3617180084990607,-0.33348627783901336,-0.4661271322227001,-0.49686549352352183,-21.0393145011766,0.9263363577471224,-0.49686549352352183,-21.0393145011766,247111075.17354167,446797.3940506575,666513.7221609866,2.6693643388864996,11895354.135511793,0.3142833296060905,0.9996432300033264
0.009689119589320005,0.05368454213774968,0.170242317614482,-0.9274556198368299,25.301890809671818,-11.822723637102946,-0.35616493062310894,-0.32491214908001353,-0.47754503657895275,-0.49659333132824324,-18.04093261204781,0.9274556198368299,-0.49659333132824324,-18.04093261204781,253018908.0967182,450684.54856382374,675087.8509199865,2.612274817105236,11822723.637102947,0.33151844187337315,0.9996325161952463
0.08699102297550797,0.33513349579787766,0.5393136009996832,-0.8537661804327785,16.085072733712767,-20.77478190233194,-0.5125305975264652,-0.5179661128188381,-0.3811391967450805,-0.4996664703155559,-20.00354319535071,0.8537661804327785,-0.4996664703155559,-20.00354319535071,160850727.3371277,341228.5817314743,482033.88718116196,3.0943040162745974,20774781.90233194,0.11704134412598988,0.9999243799717473
0.000327196044988487,0.009727213658439947,0.15204353969859735,-0.9309670908456359,26.138021771427905,-11.790530062529907,-0.34744155256036763,-0.31473266326565924,-0.48035725553065234,-0.4886807278098968,-17.68398886775035,0.9309670908456359,-0.4886807278098968,-17.68398886775035,261380217.71427906,456790.9132077427,685267.3367343408,2.5982137223467383,11790530.062529907,0.3392927853567171,0.9996004581996311
0.09632825613944368,0.9423080837318984,0.6069724866264445,-0.8761666679306898,16.985809901166917,-16.535322083688197,-0.48596165371922745,-0.5028025597481668,-0.39518450577325065,-0.49961075512300845,-16.170132729700725,0.8761666679306898,-0.49961075512300845,-16.170132729700725,169858099.01166916,359826.8423965408,497197.44025183324,3.024077471133747,16535322.083688196,0.130193269230275,0.9999427812979043
0.0007671101270367783,0.9087278443210118,0.5548397025506132,-0.8949603109506205,18.488128067145162,-16.326792518915738,-0.4307560047154971,-0.4622044664795543,-0.3454772761954761,-0.49959913344029017,-21.674903732139907,0.8949603109506205,-0.49959913344029017,-21.674903732139907,184881280.67145163,398470.79669915204,537795.5335204457,3.2726136190226196,16326792.518915739,0.13449472106155347,0.9999215872192326
0.5523924483805506,0.011038058141490392,0.4497386285648255,-0.8038742388185657,14.395625823849588,-23.76883809437406,-0.606040204328253,-0.5657153138158447,-0.5499130586694295,-0.49966968684370716,-3.2231290130655044,0.8038742388185657,-0.49966968684370716,-3.2231290130655044,143956258.2384959,275771.8569702229,434284.68618415535,2.2504347066528525,23768838.09437406,0.26965166983984495,0.9999344850159526
0.6839706233105564,0.0014291525992060818,0.7866091830928356,-0.6515204362726238,10.446278479584825,-18.571236247892376,-0.7258398281744848,-0.6922554790038618,-0.5606320809285881,-0.4996337709586586,-1.1211574086429281,0.6515204362726238,-0.4996337709586586,-1.1211574086429281,104462784.79584825,191912.1202778607,307744.5209961382,2.19683959535706,18571236.247892376,0.09373478225507097,0.9999855577986915
0.18451721992070597,0.19690873123542402,0.541173556186205,-0.8286513939879842,14.982168494365311,-22.582255259561364,-0.5617978071186651,-0.5517078692588069,-0.4302084475623314,-0.4997870565920409,-15.707977005106885,0.8286513939879842,-0.4997870565920409,-15.707977005106885,149821684.9436531,306741.53501693445,448292.1307411931,2.848957762188343,22582255.259561364,0.12506770608850712,0.9999325717042103
0.08263319175732567,0.020617832559144955,0.5835868583501176,-0.8195648922536474,14.461136231102508,-20.62104211883791,-0.5514309258676219,-0.5553226356645643,-0.36030528088745195,-0.4997870565920409,-23.005182692381492,0.8195648922536474,-0.4997870565920409,-23.005182692381492,144611362.31102508,313998.3518926647,444677.3643354356,3.1984735955627404,20621042.118837908,0.08039832832527928,0.9999367438146467
0.18533567742670484,0.007636132604312756,0.506533471808175,-0.8240422023443688,14.876623563915047,-22.851920957249366,-0.5671456355581044,-0.5530396558531948,-0.42970840767494395,-0.4997870565920409,-16.272098313985907,0.8240422023443688,-0.4997870565920409,-16.272098313985907,148766235.63915047,302998.05510932696,446960.34414680523,2.85145796162528,22851920.957249366,0.12831567522891507,0.9999225970845801
0.6779841106983661,9.49343685260895e-14,0.9978786547255298,-0.5439331257704703,8.97792229435399,-10.177200713088078,-0.756550082214558,-0.7237331962537462,-0.568836082173601,-0.4996337709586586,-1.11281656470599,0.5439331257704703,-0.4996337709586586,-1.11281656470599,89779222.9435399,170414.9424498094,276266.80374625383,2.155819589131995,10177200.713088078,0.038277862462198,0.999993842093421
0.0009370025625492565,0.9415032876254806,0.5768807533652998,-0.8933917625830151,18.127366389060047,-15.997570218870614,-0.4347624785129501,-0.4678758572590187,-0.3429186489816919,-0.49961075512300845,-21.49584360444011,0.8933917625830151,-0.49961075512300845,-21.49584360444011,181273663.89060047,395666.26504093496,532124.1427409813,3.2854067550915405,15997570.218870614,0.12587537484680317,0.9999282961286637
0.367971679609463,0.17371078226544645,0.6160837457515668,-0.7801105143908842,13.199453647672605,-23.19695625828348,-0.6321483871749589,-0.6107884090647092,-0.49977945579441024,-0.4997870565920409,-8.770620480475781,0.7801105143908842,-0.4997870565920409,-8.770620480475781,131994536.47672606,257496.12897752874,389211.59093529085,2.501102721027949,23196956.258283477,0.12308385565992253,0.9999592463339853
3.832931621695495e-08,0.04084624529729165,0.13563520431621598,-0.9334380568821827,27.03657043420924,-11.579685670218565,-0.33551187864367865,-0.3010633267852897,-0.48229967733820106,-0.48631289204654615,-16.939987401369834,0.9334380568821827,-0.48631289204654615,-16.939987401369834,270365704.3420924,465141.68494942493,698936.6732147103,2.5885016133089946,11579685.670218565,0.36055847841304706,0.9995726191760553
0.5146637474631729,0.061461365810832495,0.4993609753207727,-0.7944135537652994,13.980880746745763,-25.113890266999544,-0.6171723173489555,-0.5787524187120588,-0.5385255145970186,-0.4997128917175969,-4.47624935160714,0.7944135537652994,-0.4997128917175969,-4.47624935160714,139808807.46745762,267979.3778557311,421247.58128794114,2.307372427014907,25113890.266999543,0.22228909352501128,0.9999441898790995
0.5872991113640689,2.8666988487885403e-13,0.9602796925257437,-0.5740892115243846,9.157007251413084,-10.615002378035571,-0.7484026381521675,-0.7198336996761096,-0.5537211105780163,-0.49964094438472706,-3.392379599989683,0.5740892115243846,-0.49964094438472706,-3.392379599989683,91570072.51413085,176118.15329348278,280166.3003238904,2.2313944471099183,10615002.378035571,0.03842113968762003,0.9999920843413832
1.998037932194417e-06,0.10414683680339165,0.7137242930740348,-0.8071204299073736,14.094299692669043,-14.004748451082412,-0.5463214781331455,-0.5717043637379408,-0.29925259064466436,-0.4997870565920409,-27.283661687607356,0.8071204299073736,-0.4997870565920409,-27.283661687607356,140942996.92669043,317574.96530679817,428295.6362620592,3.503737046776678,14004748.451082412,0.042639085242084186,0.9999592054212184
0.2853053822406503,0.0011702190619559336,0.6022056464929273,-0.7758723375947493,13.066409988974085,-22.96835229096491,-0.6271640869224442,-0.6086183170362062,-0.46780891881282444,-0.4997870565920409,-12.988914208666896,0.7758723375947493,-0.4997870565920409,-12.988914208666896,130664099.88974085,260985.13915428903,391381.6829637938,2.6609554059358778,22968352.29096491,0.10278756241721757,0.9999529256276305
0.3551284089870448,0.0033499515464333884,0.9125812452988158,-0.6318982273435649,9.811112819916975,-10.088000823115413,-0.715051478337347,-0.6977475598905937,-0.4919085539801126,-0.4997870565920409,-10.888879938038858,0.6318982273435649,-0.4997870565920409,-10.888879938038858,98111128.19916975,199463.96516385715,302252.4401094063,2.5404572300994372,10088000.823115414,0.031535965884191754,0.9999876416472109
0.010335767709862644,0.36451788119147893,0.49422999156638947,-0.8785623489120784,17.668120453554348,-19.256551115499132,-0.46091429465272304,-0.47868423192710985,-0.3407093509568349,-0.4996664703155559,-24.879676622383215,0.8785623489120784,-0.4996664703155559,-24.879676622383215,176681204.53554347,377359.99374309386,521315.7680728902,3.2964532452158255,19256551.11549913,0.12582359450495598,0.9999012748920005
0.010263474198193734,0.06422608386855003,0.9299818099149322,-0.7216626561632364,11.809216039741397,-6.948509408220388,-0.6041352132125354,-0.6235178158564234,-0.3050800804447163,-0.4997870565920409,-27.700215467372526,0.7216626561632364,-0.4997870565920409,-27.700215467372526,118092160.39741397,277105.3507512252,376482.1841435766,3.4745995977764186,6948509.408220388,0.016543643839914454,0.9999832589399726
0.2894424033921167,4.024838941367264e-06,0.9675468732190304,-0.6164039591869082,9.621867252276243,-7.971653674977811,-0.7059836489642576,-0.6922169801112309,-0.4726080834017338,-0.4997870565920409,-13.482184149301073,0.6164039591869082,-0.4997870565920409,-13.482184149301073,96218672.52276243,205811.44572501964,307783.01988876914,2.636959582991331,7971653.674977811,0.022074959410090966,0.9999893877534423
0.0022600889076901907,0.9669380695635088,0.3235491383730748,-0.9243751170955489,23.9508241618745,-12.090127318631058,-0.3467411583140711,-0.3547246786652363,-0.4398316989822467,-0.49961075512300845,-15.499460397985285,0.9243751170955489,-0.49961075512300845,-15.499460397985285,239508241.618745,457281.1891801502,645275.3213347637,2.8008415050887665,12090127.318631059,0.31270415345917185,0.9997994338475171
0.27642833763941027,0.0028965287884004653,0.7746458885267888,-0.7071967034471386,11.360374892936186,-14.574156705467365,-0.6749873201143757,-0.6631921959864191,-0.46244297725995864,-0.4997870565920409,-13.886468677698488,0.7071967034471386,-0.4997870565920409,-13.886468677698488,113603748.92936186,227508.875919937,336807.8040135809,2.687785113700207,14574156.705467366,0.04967132432252732,0.9999764212091588
0.0023868173433198763,0.09055682299820028,0.08500903644671273,-0.9404150744345844,28.41785899694327,-10.706103294973598,-0.3050888511488588,-0.2691814316388522,-0.4536860654742587,-0.3677306607142944,-14.495019351226398,0.9404150744345844,-0.3677306607142944,-14.495019351226398,284178589.9694327,486437.8041957988,730818.5683611478,2.7315696726287064,10706103.294973599,0.4232831780684707,0.9994760865790926
2.456200193063317e-06,0.9939695891563305,0.4073297626684349,-0.9162874402076903,21.750068527466958,-13.877575168954362,-0.3802996527425144,-0.40084173610358537,-0.3961771289938584,-0.4989721967494388,-17.656502448408066,0.9162874402076903,-0.4989721967494388,-17.656502448408066,217500685.2746696,433790.2430802399,599158.2638964147,3.019114355030708,13877575.168954361,0.24094210580017766,0.9998569311002378
2.446510684977881e-05,0.11303230706740008,0.13666945698153576,-0.9341020085452104,27.26851393935398,-11.402442601046426,-0.32763971542812137,-0.2943460678334166,-0.4820690837629405,-0.48424271805465924,-15.65556264094408,0.9341020085452104,-0.48424271805465924,-15.65556264094408,272685139.3935398,470652.19920031505,705653.9321665834,2.5896545811852976,11402442.601046426,0.370711698455843,0.9995741031989857
0.321415356336197,0.003991694598938764,0.946992092813848,-0.6212665446601124,9.665018749817282,-8.760714241686902,-0.7114623951262478,-0.6959541483285476,-0.4833839245685259,-0.4997870565920409,-11.885925606968364,0.6212665446601124,-0.4997870565920409,-11.885925606968364,96650187.49817282,201976.32341162657,304045.8516714524,2.5830803771573705,8760714.241686901,0.025612243415573204,0.9999888552091138
0.10878360345414662,0.9412573568707043,0.5853789057785224,-0.878866852073576,17.273720742713483,-16.933737788755973,-0.484939144945215,-0.4987697147681966,-0.40434844822454546,-0.49961075512300845,-15.34158406105977,0.878866852073576,-0.49961075512300845,-15.34158406105977,172737207.42713484,360542.5985383495,501230.2852318034,2.9782577588772727,16933737.788755972,0.1441761143854815,0.999938369461535
2.1034705895668067e-06,0.9853672161242658,0.343695585888826,-0.9230664696824752,23.336566401781475,-12.462437598003076,-0.35407014347976606,-0.36592561995214967,-0.42931932430652564,-0.4995949397307353,-15.795413649385278,0.9230664696824752,-0.4995949397307353,-15.795413649385278,233365664.01781476,452150.89956416376,634074.3800478503,2.853403378467372,12462437.598003076,0.295422874680668,0.9998147152127506
0.07844452407644742,0.38869071353897366,0.5744236463309786,-0.8504198385788653,15.70918413855899,-20.081060134866373,-0.5145585307903113,-0.5245163784218284,-0.3742058270652785,-0.4996664703155559,-20.425635485412855,0.8504198385788653,-0.4996664703155559,-20.425635485412855,157091841.3855899,339809.0284467821,475483.6215781716,3.1289708646736076,20081060.13486637,0.10367138429466352,0.9999337913653413
1.998037932194417e-06,0.21480721528642763,0.6759033558349421,-0.8280559791364351,14.68685135831854,-15.78520445080337,-0.524036801466487,-0.5506804123435831,-0.30324500540212596,-0.4997870565920409,-26.60033391723147,0.8280559791364351,-0.4997870565920409,-26.60033391723147,146868513.5831854,333174.2389734591,449319.587656417,3.4837749729893703,15785204.45080337,0.05373596819148242,0.9999523705322358
0.321415356336197,0.003991694598938764,0.9691115531954035,-0.6103666800133913,9.533923696075211,-8.179914154640045,-0.7126271567853769,-0.6967015122907902,-0.485420872486351,-0.4997870565920409,-11.889692292340397,0.6103666800133913,-0.4997870565920409,-11.889692292340397,95339236.96075211,201160.99025023612,303298.48770920985,2.572895637568245,8179914.154640044,0.023259875683828413,0.9999898136512075
0.3427269905614806,0.003142183466928017,0.9675468732190304,-0.6070250854262702,9.480367103980731,-8.37892253199664,-0.7168580688865889,-0.699622477726497,-0.49298318773876587,-0.4997870565920409,-11.124452589167939,0.6070250854262702,-0.4997870565920409,-11.124452589167939,94803671.0398073,198199.35177938777,300377.522273503,2.5350840613061707,8378922.531996639,0.024303314313832258,0.9999899827280269
0.5146637474631729,0.0008505849022394776,0.4993609753207727,-0.7882620380792408,13.753725704896308,-25.38571687428876,-0.6229085464792224,-0.5839905540773669,-0.5389616559166763,-0.4997128917175969,-4.753737876354131,0.7882620380792408,-0.4997128917175969,-4.753737876354131,137537257.04896307,263964.0174645443,416009.4459226331,2.3051917204166186,25385716.87428876,0.21535010324115764,0.9999442250694025
0.36800766345555036,0.1754847652826282,0.5968019749365825,-0.7867962739363421,13.438564083058584,-23.75792700636316,-0.6253713681187661,-0.6025275650709467,-0.4995105686254025,-0.4997870565920409,-8.72223704220026,0.7867962739363421,-0.4997870565920409,-8.72223704220026,134385640.83058584,262240.0423168637,397472.43492905336,2.5024471568729876,23757927.00636316,0.13282491450914788,0.9999559242268347
0.4174922386746253,0.027141254187684427,0.7599779056158333,-0.6976196615723217,11.141294859867447,-17.00040992626941,-0.6958771192720158,-0.6748276917529764,-0.5088453541459814,-0.4997128917175969,-8.815540712291307,0.6976196615723217,-0.4997128917175969,-8.815540712291307,111412948.59867446,212886.01650958895,325172.3082470236,2.455773229270093,17000409.92626941,0.06820549187956418,0.999978514079102
0.5441720992452902,0.07611121912832981,0.504905568327242,-0.7916181901110251,13.927558808610588,-25.198167645149333,-0.6195812781675302,-0.5798259479568764,-0.5439381116564772,-0.49966968684370716,-3.3216937977509082,0.7916181901110251,-0.49966968684370716,-3.3216937977509082,139275588.08610588,266293.10528272885,420174.0520431237,2.280309441717614,25198167.64514933,0.22900092841137157,0.999947142542639
0.5872991113640689,2.8666988487885403e-13,0.9899429039058689,-0.5584933200520616,9.03385655165316,-9.680754504342119,-0.7500257085050048,-0.7207571235602644,-0.5552504661340414,-0.49964094438472706,-3.3876849804244915,0.5584933200520616,-0.49964094438472706,-3.3876849804244915,90338565.5165316,174982.00404649656,279242.8764397355,2.223747669329793,9680754.504342118,0.033816670690338634,0.9999929835972207
0.012515937214132078,0.014844296025695567,0.5782530332033556,-0.8371670438148282,15.089924433902764,-19.579333556669972,-0.5156321427792249,-0.5314608647352315,-0.30988398879750456,-0.4997870565920409,-27.423869211311445,0.8371670438148282,-0.4997870565920409,-27.423869211311445,150899244.33902764,339057.5000545426,468539.1352647685,3.4505800560124773,19579333.556669973,0.0728450457104461,0.9999302596547102
0.4935165895787068,0.09160885377457192,0.7308483546155378,-0.7119226111385965,11.556744503252611,-19.34940273070891,-0.6914030393952783,-0.6666622575172312,-0.5281512967470177,-0.4997128917175969,-5.568674945735254,0.7119226111385965,-0.4997128917175969,-5.568674945735254,115567445.03252612,216017.87242330523,333337.74248276884,2.359243516264912,19349402.73070891,0.09080103004231632,0.9999777103358668
0.4640308438435994,0.013781618112060474,0.8446269991646853,-0.650488716420134,10.13530769107449,-13.735539942657754,-0.720750203464502,-0.6975300108460062,-0.516221493186263,-0.4997128917175969,-7.004302282306302,0.650488716420134,-0.4997128917175969,-7.004302282306302,101353076.91074489,195474.85757484855,302469.98915399384,2.418892534068685,13735539.942657754,0.051304973638275006,0.9999855208407541
0.45738987000408504,0.024103041189091373,0.833431080938274,-0.6587516508119453,10.286943669330748,-14.144995138906568,-0.7170245698040993,-0.6941497522455372,-0.5149684738432352,-0.4997128917175969,-6.96106476876616,0.6587516508119453,-0.4997128917175969,-6.96106476876616,102869436.69330747,198082.8011371305,305850.2477544627,2.425157630783824,14144995.138906568,0.05353437953946441,0.9999847355268453
0.2806817637602201,0.05858021404460138,0.5787832095033735,-0.791047584845265,13.561351293601051,-23.558010349528743,-0.6129969036750691,-0.5938400957860698,-0.4672653024686088,-0.4997870565920409,-12.943721759885353,0.791047584845265,-0.4997870565920409,-12.943721759885353,135613512.9360105,270902.16742745164,406159.9042139302,2.663673487656956,23558010.349528745,0.11588723914213597,0.9999479318993895
4.453663939550309e-05,0.9969516460285627,0.3784212628914538,-0.9196533665740346,22.38672835808702,-13.208941647469366,-0.36873817923301855,-0.38573664579210293,-0.41155880889555696,-0.4989721967494388,-16.56531579798385,0.9196533665740346,-0.4989721967494388,-16.56531579798385,223867283.58087018,441883.274536887,614263.3542078971,2.942205955522215,13208941.647469366,0.2657318854193809,0.9998390942389214
4.0664682739747376e-05,0.9981335115635663,0.4983810780943787,-0.9051330221804316,20.14765933614848,-15.518582688222503,-0.40907028999034556,-0.43786493398233584,-0.36045151798142105,-0.4989721967494388,-20.52734912017659,0.9051330221804316,-0.4989721967494388,-20.52734912017659,201476593.3614848,413650.7970067581,562135.0660176642,3.1977424100928946,15518582.688222503,0.17491871811124027,0.9999011887431084
0.7190973974279774,3.248615569259594e-13,0.7553928435706356,-0.6630372974586061,10.7404398384899,-20.284769561934755,-0.7190733735159729,-0.6834180752947265,-0.5667398948579581,-0.4996554442916762,-0.08665471225992934,0.6630372974586061,-0.4996554442916762,-0.08665471225992934,107404398.384899,196648.63853881898,316581.9247052735,2.1663005257102097,20284769.561934754,0.11235189953670821,0.999984216145784
0.4392595036375811,0.025508401388970616,0.5455783625422261,-0.7809886584095709,13.448351944183422,-25.465283861808143,-0.630874471232678,-0.5979627422457408,-0.5187770905177764,-0.4997128917175969,-7.139904127684627,0.7809886584095709,-0.4997128917175969,-7.139904127684627,134483519.4418342,258387.87013712534,402037.25775425934,2.406114547411118,25465283.861808144,0.16532373966172043,0.9999498313319091
2.446510684977881e-05,0.10551871676251234,0.12400549143938566,-0.935736073324635,27.693611146838236,-11.264912404729666,-0.32206168682856295,-0.28772878243145267,-0.47863385279716086,-0.4755841657212626,-13.90826297715167,0.935736073324635,-0.4755841657212626,-13.90826297715167,276936111.46838236,474556.81922000594,712271.2175685473,2.606830736014196,11264912.404729666,0.38280500516052757,0.9995516471077475
0.32097321695397435,0.9932326788392377,0.9577434853627591,-0.7961425908981625,13.662778252387612,-9.391969593291476,-0.6196081379101327,-0.612655289914688,-0.4739212088362977,-0.4989721967494388,-6.071726511153781,0.7961425908981625,-0.4989721967494388,-6.071726511153781,136627782.52387613,266274.30346290715,387344.710085312,2.6303939558185117,9391969.593291476,0.046311130053900265,0.9999892162787585
0.5575451021366635,0.14247667289437405,0.8424187708767374,-0.6673496084077772,10.59667941878829,-15.0910891811027,-0.7177468211714747,-0.691284631474845,-0.5359007104376554,-0.49966968684370716,-3.735766555441868,0.6673496084077772,-0.49966968684370716,-3.735766555441868,105966794.18788289,197577.2251799677,308715.368525155,2.3204964478117227,15091089.181102699,0.0658565039893395,0.9999867802709268
0.5869919306233806,2.8666988487885403e-13,0.953036704417877,-0.5779054034976023,9.193822016916927,-10.856923285577409,-0.7478349700849467,-0.7193838717858113,-0.5530801041443754,-0.49964094438472706,-3.38861291461765,0.5779054034976023,-0.49964094438472706,-3.38861291461765,91938220.16916928,176515.52094053736,280616.12821418874,2.234599479278123,10856923.285577409,0.03961265725556774,0.9999918450818595
0.0013832274859355799,0.10590983378957036,0.14778216517658369,-0.9326487710908419,26.75833411699553,-11.537982076153998,-0.3348221077390105,-0.3022622276055891,-0.48305736465118454,-0.48892634458102213,-16.515107910899452,0.9326487710908419,-0.48892634458102213,-16.515107910899452,267583341.1699553,465624.52458269265,697737.7723944109,2.5847131767440774,11537982.076153997,0.358681590982917,0.9995935371592268
7.590621928172346e-06,0.9964865099226324,0.2787544412907953,-0.9296244896002167,25.87731311545265,-11.238101552793202,-0.31866918945139633,-0.3205711748644947,-0.4645466233676124,-0.4989721967494388,-13.690515310807005,0.9296244896002167,-0.4989721967494388,-13.690515310807005,258773131.1545265,476931.5673840226,679428.8251355053,2.677266883161938,11238101.552793201,0.36082071776669533,0.9997587194839692
0.6887482579418673,4.9913038408191945e-05,0.8029557483671714,-0.6429337481073223,10.276974113622492,-17.904655421549922,-0.7299549920534617,-0.6964125377280556,-0.5606788529884388,-0.4996337709586586,-0.9160725837109642,0.6429337481073223,-0.4996337709586586,-0.9160725837109642,102769741.13622491,189031.50556257681,303587.4622719444,2.196605735057806,17904655.421549924,0.08833577054785129,0.9999865563162339
0.31661133053464097,0.03634944237743881,0.913878499845389,-0.6452506321495869,10.064379039900166,-9.769494641847391,-0.7050905404618447,-0.6905358267330961,-0.4796436184409344,-0.4997870565920409,-11.76237364093835,0.6452506321495869,-0.4997870565920409,-11.76237364093835,100643790.39900166,206436.6216767087,309464.17326690385,2.601781907795328,9769494.64184739,0.029947120488031297,0.9999871783834012
0.28007960730912496,1.283416699861381e-05,0.9675468732190304,-0.6183028761504703,9.653212807205861,-7.902924907528242,-0.7038391475891428,-0.6907459488003665,-0.468724337024363,-0.4997870565920409,-13.76782347498548,0.6183028761504703,-0.4997870565920409,-13.76782347498548,96532128.07205862,207312.59668760002,309254.05119963334,2.656378314878185,7902924.907528242,0.02171255563786317,0.9999892795539522
0.5836387976098075,0.0009017319757327084,0.6411672956478478,-0.7263317563901616,12.035474193718658,-24.31449822020226,-0.6793323364087804,-0.6457614633362982,-0.5473308630774711,-0.49964094438472706,-3.7332108978002965,0.7263317563901616,-0.49964094438472706,-3.7332108978002965,120354741.93718658,224467.36451385368,354238.5366637017,2.2633456846126445,24314498.22020226,0.14169155261939853,0.9999709179877386
0.5737753105723175,0.019250644644961887,0.5522661102568729,-0.7655629523160826,13.144387754871444,-26.00668814091959,-0.6443102380759226,-0.6046953487559157,-0.5485565583484904,-0.49964094438472706,-3.374396536950082,0.7655629523160826,-0.49964094438472706,-3.374396536950082,131443877.54871444,248982.83334685417,395304.6512440843,2.2572172082575483,26006688.14091959,0.19624066150300498,0.9999578006801865
0.053445739353704835,4.024838941367264e-06,0.658705855683824,-0.8002045670823541,13.772403286073978,-17.20132004145289,-0.5647583200491454,-0.577516089068727,-0.33791939655840075,-0.4997870565920409,-24.98694235785516,0.8002045670823541,-0.4997870565920409,-24.98694235785516,137724032.86073977,304669.1759655982,422483.910931273,3.3104030172079963,17201320.041452892,0.055258043823125484,0.9999519026500572
2.446510684977881e-05,0.1503346678391082,0.12400549143938566,-0.9361988328518865,27.823027664952242,-11.133575965836284,-0.3167450971010028,-0.2834061382825575,-0.47740464906587093,-0.4719374422976633,-13.90826297715167,0.9361988328518865,-0.4719374422976633,-13.90826297715167,278230276.6495224,478278.43202929804,716593.8617174425,2.6129767546706453,11133575.965836285,0.3899215351547299,0.99955143804321
0.08481246815733302,0.030863683773486535,0.49440898253667453,-0.8464323746077954,15.859463365049008,-21.248666841925928,-0.5237160213876286,-0.5233367175470397,-0.37722994765802087,-0.4997870565920409,-22.330893182982102,0.8464323746077954,-0.4997870565920409,-22.330893182982102,158594633.65049008,333398.78502866,476663.2824529603,3.1138502617098958,21248666.841925927,0.1162931826523786,0.9999093092229377
0.4187394324264523,0.07657986871707406,0.6677437229761052,-0.743350836631698,12.238381550969974,-21.724921807509297,-0.6660179958611707,-0.6434983565537855,-0.5134419144709595,-0.4997128917175969,-8.312869809101597,0.743350836631698,-0.4997128917175969,-8.312869809101597,122383815.50969975,233787.40289718052,356501.64344621456,2.432790427645202,21724921.807509296,0.10271267790273277,0.9999687655641603
0.014124387444647295,0.11033129338138786,0.5255301955630884,-0.8558478635728759,16.195622116786314,-20.31412198123193,-0.49221922733559614,-0.5064718483905227,-0.3242597209018756,-0.4997870565920409,-26.18901827021063,0.8558478635728759,-0.4997870565920409,-26.18901827021063,161956221.16786313,355446.5408650827,493528.1516094773,3.378701395490622,20314121.98123193,0.09608158716851732,0.9999136547817417
0.5075791346531269,0.10640137447619108,0.48906474058862714,-0.8028667995571882,14.28801169433967,-24.591636358856842,-0.608695399499902,-0.570901880315047,-0.5374674176861379,-0.4997128917175969,-4.325457083547762,0.8028667995571882,-0.4997128917175969,-4.325457083547762,142880116.9433967,273913.2203500686,429098.119684953,2.3126629115693103,24591636.358856842,0.2334165963224135,0.9999413284879727
1.3173750416852793e-05,0.9823790032224285,0.4606806618730677,-0.9100194421208371,20.797529357531346,-15.033303179295702,-0.3989523369073905,-0.4245437127450183,-0.37142130117312666,-0.4995673833930999,-19.527734432958226,0.9100194421208371,-0.4995673833930999,-19.527734432958226,207975293.57531345,420733.36416482663,575456.2872549817,3.1428934941343667,15033303.179295702,0.19885763615376417,0.999884839283239
0.5083095686776808,0.04821732857765072,0.9751615410523365,-0.5893033437666543,9.375159248182722,-9.594948798621012,-0.7380525689085935,-0.7127599645862337,-0.5410930590849572,-0.4997128917175969,-5.525361195363536,0.5893033437666543,-0.4997128917175969,-5.525361195363536,93751592.48182723,183363.20176398449,287240.03541376634,2.2945347045752142,9594948.798621012,0.03239121857937864,0.9999918792315323
0.5414313670581687,0.15777457032095066,0.5968019749365825,-0.7685231562423585,13.126576406572138,-24.923883594466417,-0.6454177658014474,-0.6123030692207723,-0.5388769297001593,-0.4997199203318132,-3.2317308617199454,0.7685231562423585,-0.4997199203318132,-3.2317308617199454,131265764.06572138,248207.5639389869,387696.93077922775,2.3056153514992035,24923883.594466418,0.17157728841316713,0.9999634808123221
0.6487569870319158,0.00020229825496840062,0.5826049192419682,-0.7451097125601398,12.658853951641532,-26.004392413464053,-0.6606215387606365,-0.6194268384208156,-0.5599963900887999,-0.49964094438472706,-1.1862429874866596,0.7451097125601398,-0.49964094438472706,-1.1862429874866596,126588539.51641533,237564.92286755444,380573.1615791844,2.2000180495560007,26004392.413464054,0.19425694046617148,0.9999656144934639
0.5201519437960124,0.007934338955862314,0.6519928641392493,-0.7289840153784378,12.006312868852978,-23.41931600339748,-0.678215816410225,-0.6485392787536117,-0.536335122188748,-0.4997128917175969,-5.2965803527042565,0.7289840153784378,-0.4997128917175969,-5.2965803527042565,120063128.68852977,225248.92851284254,351460.7212463882,2.31832438905626,23419316.00339748,0.12349660177823933,0.9999701863399951
0.41079185199144064,0.00029246899309287935,0.9569380489042725,-0.6001108744562345,9.374368039713815,-9.20402260358701,-0.7282493594147349,-0.707405595316886,-0.5136780689240356,-0.4997128917175969,-8.895506181668106,0.6001108744562345,-0.4997128917175969,-8.895506181668106,93743680.39713815,190225.44840968557,292594.4046831141,2.4316096553798223,9204022.603587009,0.02863670599197744,0.999990285050538
0.006538794591125274,0.9844418160871995,0.4073297626684349,-0.9153037044062465,21.65856132198029,-13.947211671454406,-0.3842646219734868,-0.40338854564587623,-0.3990362846840772,-0.4995673833930999,-17.646372750919042,0.9153037044062465,-0.4995673833930999,-17.646372750919042,216585613.2198029,431014.7646185592,596611.4543541238,3.004818576579614,13947211.671454405,0.24193792601814917,0.9998579546444677
0.3551284089870448,0.004495047919889444,0.9125812452988158,-0.6321596943504088,9.816226512329473,-10.090769287574757,-0.7149609636972337,-0.6976682684323495,-0.49194645396461006,-0.4997870565920409,-10.888879938038858,0.6321596943504088,-0.4997870565920409,-10.888879938038858,98162265.12329473,199527.3254119364,302331.73156765045,2.5402677301769496,10090769.287574757,0.03155939876178526,0.9999876414999386
0.0011859410346572894,0.9270422132325615,0.5371405320924967,-0.8981926255176127,18.97051064030843,-16.22653794425016,-0.4249545412270896,-0.4554185414125053,-0.3497034366056958,-0.49961075512300845,-21.458147093664813,0.8981926255176127,-0.49961075512300845,-21.458147093664813,189705106.4030843,402531.8211410373,544581.4585874947,3.251482816971521,16226537.944250163,0.1455738230062051,0.9999157597936116
0.000128353268777112,0.1750997405171026,0.11532808757779424,-0.9378656147797627,28.11286471167592,-10.930249231359028,-0.3093735611813017,-0.2764117049134809,-0.47174297607366533,-0.45844019741452313,-13.82260793112079,0.9378656147797627,-0.45844019741452313,-13.82260793112079,281128647.1167592,483438.5071730888,723588.2950865191,2.6412851196316733,10930249.231359027,0.4032054456257044,0.9995352716592583
0.232829014927628,0.0021254921041320186,0.6796357113769139,-0.7548825147713375,12.46871944765967,-18.804755399741374,-0.6385193868483353,-0.6292986777872174,-0.44543344165209514,-0.4997870565920409,-15.539922193819542,0.7548825147713375,-0.4997870565920409,-15.539922193819542,124687194.4765967,253036.42920616522,370701.3222127826,2.7728327917395243,18804755.399741374,0.06871738562399075,0.9999636272515288
0.42045165862021033,0.00029246899309287935,0.9832374178033981,-0.5851912629565154,9.231522459334455,-8.559837271429911,-0.7308587125959808,-0.7089109431491831,-0.5185723273952891,-0.4997128917175969,-8.890811562102913,0.5851912629565154,-0.4997128917175969,-8.890811562102913,92315224.59334455,188398.90118281342,291089.05685081676,2.407138363023554,8559837.271429911,0.02598372422282269,0.9999913610304226
0.47414160517238535,0.008903135592988219,0.6063654319668285,-0.7522997323212329,12.576733454828757,-24.72831317610597,-0.6582150245003818,-0.6276945249959031,-0.5261119471310747,-0.4997128917175969,-6.265600007686922,0.7522997323212329,-0.4997128917175969,-6.265600007686922,125767334.54828757,239249.48284973274,372305.4750040969,2.3694402643446266,24728313.176105972,0.1372204902565146,0.9999622753793569
0.002754554708213137,0.07219852808307996,0.18056480395763408,-0.9269905208923218,24.960820467634846,-11.805417125815264,-0.356101604946366,-0.3282344287472829,-0.46792061442966937,-0.4970621002204839,-20.53066470559786,0.9269905208923218,-0.4970621002204839,-20.53066470559786,249608204.67634845,450728.8765375438,671765.571252717,2.6603969278516533,11805417.125815265,0.3213557189402842,0.9996448882964076
0.014124387444647295,0.08921051836629018,0.5064225713089564,-0.8608574053473508,16.46529038386273,-20.246467286202073,-0.4884015083592103,-0.5016531339710723,-0.3284487374915349,-0.4997870565920409,-26.243848141370194,0.8608574053473508,-0.4997870565920409,-26.243848141370194,164652903.83862728,358118.9441485528,498346.86602892773,3.3577563125423255,20246467.286202073,0.10244188776100802,0.9999067012218598
0.02504100626136373,0.8976386438719476,0.47784227083841335,-0.9017274440921452,19.967147229503304,-15.98504017825206,-0.42211131307054134,-0.4430566726282636,-0.3765844512806842,-0.49959913344029017,-19.959993892506446,0.9017274440921452,-0.49959913344029017,-19.959993892506446,199671472.29503304,404522.08085062105,556943.3273717364,3.117077743596579,15985040.17825206,0.18519031851018405,0.9998955642378078
0.5688746723230773,0.06048790701539308,0.9617880414329829,-0.5917275998351891,9.451024012587203,-10.560059427502472,-0.7420503011434338,-0.7146782592421651,-0.5524937708942144,-0.49964094438472706,-3.8099009099167658,0.5917275998351891,-0.49964094438472706,-3.8099009099167658,94510240.12587203,180564.7891995963,285321.7407578349,2.237531145528928,10560059.427502472,0.03843833771836513,0.99999196905539
0.007236559799182186,0.02051513586573464,0.506533471808175,-0.8585546056860512,16.317518058076672,-20.146674899962807,-0.49006150292126804,-0.5036437652652019,-0.3207738053313073,-0.4997870565920409,-27.179263601002734,0.8585546056860512,-0.4997870565920409,-27.179263601002734,163175180.5807667,356956.9479551124,496356.2347347981,3.3961309733434635,20146674.89996281,0.09714623898935111,0.9999061119355377
0.000561226130963868,0.9981335115635663,0.42014647857026755,-0.9150790433313549,21.521635127687023,-14.147613230181175,-0.38487670870371454,-0.40669977224903053,-0.3902519741228329,-0.4989721967494388,-18.663568128556907,0.9150790433313549,-0.4989721967494388,-18.663568128556907,215216351.27687022,430586.3039073998,593300.2277509695,3.0487401293858354,14147613.230181174,0.23130766575250708,0.9998642701665539
0.3205804398739468,0.011133484797676826,0.473850517534513,-0.817008643786715,14.671167830099899,-23.642568153294082,-0.5899149619245997,-0.5631906012315562,-0.49186290779987124,-0.4997870565920409,-10.88923061396349,0.817008643786715,-0.4997870565920409,-10.88923061396349,146711678.300999,287059.52665278025,436809.3987684439,2.5406854610006437,23642568.153294083,0.17900079823659848,0.999923644448033
0.47306464218724176,0.011038058141490392,0.6090509042499433,-0.7516269449851408,12.553508660912566,-24.63719064866027,-0.6588675173787132,-0.6286442100356465,-0.5258952342920533,-0.4997128917175969,-6.296487168225408,0.7516269449851408,-0.4997128917175969,-6.296487168225408,125535086.60912566,238792.7378349008,371355.78996435343,2.3705238285397336,24637190.64866027,0.13574652246087737,0.9999626405900987
0.5134177679039013,0.002907125131774483,0.8481163613151743,-0.6402194705335624,9.987968525578616,-14.108271368199956,-0.7276214346187342,-0.7020341855257624,-0.526726388393379,-0.4997128917175969,-5.627882273620161,0.6402194705335624,-0.4997128917175969,-5.627882273620161,99879685.25578617,190664.9957668861,297965.81447423756,2.3663680580331046,14108271.368199956,0.054636827894108134,0.9999864700708346
0.017038655595751937,0.34776790720407247,0.4577514317512739,-0.8840592629618539,18.289990859691144,-18.571953665002525,-0.45635580605485404,-0.471530069230952,-0.35660042348348664,-0.4996664703155559,-24.250657893390795,0.8840592629618539,-0.4996664703155559,-24.250657893390795,182899908.59691146,380550.9357616022,528469.930769048,3.2169978825825667,18571953.665002525,0.14496596778611837,0.999886342658573
5.266160499724183e-05,0.9902352927252215,0.3385164754439338,-0.9235178386627976,23.520541342038275,-12.34198293401429,-0.35117849837729825,-0.3622184830898563,-0.4325350282632391,-0.4995949397307353,-15.8055433468743,0.9235178386627976,-0.4995949397307353,-15.8055433468743,235205413.42038274,454175.05113589123,637781.5169101437,2.8373248586838047,12341982.93401429,0.300963084542493,0.9998107741669041
0.0015585826305805099,0.0052520176654597545,0.08500903644671273,-0.9397720098536082,28.23543668934263,-10.962078514567148,-0.3149247912730649,-0.27683212812769936,-0.4584508751311577,-0.38269304373692814,-15.311176099135444,0.9397720098536082,-0.38269304373692814,-15.311176099135444,282354366.8934263,479552.64610885456,723167.8718723006,2.7077456243442115,10962078.514567148,0.4090379732448442,0.9994760815566347
0.012788313184915988,0.0010095240850454684,0.16612925141741486,-0.9272634836071508,25.206545178045648,-11.913013603908864,-0.3613340748823227,-0.32859587926032974,-0.47943496406457886,-0.48997113176597473,-18.414530025832182,0.9272634836071508,-0.48997113176597473,-18.414530025832182,252065451.78045648,447066.1475823741,671404.1207396702,2.602825179677106,11913013.603908863,0.32901578454466446,0.9996277782378239
0.5538836744592214,0.019387153405096613,0.8520148242543326,-0.6371575707629314,9.98348419323438,-14.428155155380137,-0.730464433699219,-0.7032915794318215,-0.5350331395667918,-0.49966968684370716,-4.143615479769588,0.6371575707629314,-0.49966968684370716,-4.143615479769588,99834841.93234381,188674.89641054667,296708.4205681785,2.324834302166041,14428155.155380137,0.05819176625858607,0.9999872518660647
0.0001567968025988055,0.9835465087750764,0.4665120311829515,-0.9092094316723276,20.70135340409907,-15.131926734566477,-0.4007165378423452,-0.4267774871360811,-0.36945833009849255,-0.4995673833930999,-19.527734432958226,0.9092094316723276,-0.4995673833930999,-19.527734432958226,207013534.0409907,419498.4235103584,573222.5128639189,3.152708349507537,15131926.734566476,0.1949059654781345,0.999887553108531
0.32541135707624325,0.003991694598938764,0.9578226590762978,-0.6152052271243631,9.585445558607388,-8.500026587408701,-0.7129189802515844,-0.6969730993175253,-0.48586181373336235,-0.4997870565920409,-11.889692292340397,0.6152052271243631,-0.4997870565920409,-11.889692292340397,95854455.58607388,200956.71382389087,303026.9006824748,2.5706909313331883,8500026.587408701,0.02460563853467057,0.9999893813428008
0.45738987000408504,0.1518635278660049,0.833431080938274,-0.6839457126186813,10.813741867650371,-14.36663078762711,-0.7054919580604299,-0.6837124132725538,-0.5159483295003776,-0.4997128917175969,-6.149331592223147,0.6839457126186813,-0.4997128917175969,-6.149331592223147,108137418.67650372,206155.6293576991,316287.5867274461,2.420258352498112,14366630.78762711,0.05803958114113773,0.9999847152181586
0.4994989901334459,0.04697467694472107,0.5265265614360368,-0.7845696852058537,13.640539049454963,-25.597529864585162,-0.6274180742365654,-0.5904429375625543,-0.5340410109719544,-0.4997128917175969,-5.018780492792979,0.7845696852058537,-0.4997128917175969,-5.018780492792979,136405390.49454963,260807.34803440422,409557.06243744574,2.3297949451402276,25597529.86458516,0.19611104423620368,0.9999492048713337
5.109120731735769e-05,0.9908361231726426,0.3376332508832803,-0.9236265617959891,23.55200653930016,-12.32222235215529,-0.35069439626098925,-0.36159575460138127,-0.4330627499260714,-0.4995949397307353,-15.717089931639416,0.9236265617959891,-0.4995949397307353,-15.717089931639416,235520065.3930016,454513.9226173075,638404.2453986187,2.834686250369643,12322222.35215529,0.30187751620419745,0.9998100921169533
0.4677145962217095,0.1481648717246143,0.833431080938274,-0.6820374204686074,10.782895974906785,-14.476076517332974,-0.7070339417909024,-0.6847061317776585,-0.5181622331501834,-0.4997128917175969,-6.266689279230453,0.6820374204686074,-0.4997128917175969,-6.266689279230453,107828959.74906784,205076.24074636833,315293.8682223415,2.409188834249083,14476076.517332973,0.0589311556149337,0.99998488582494
3.2560417512872257e-06,0.9727955778085426,0.3689964584988633,-0.919923155022168,22.558099694863085,-13.062335404343635,-0.3666605236117694,-0.38228817680855015,-0.4148804754676273,-0.49961075512300845,-16.597985272536743,0.919923155022168,-0.49961075512300845,-16.597985272536743,225580996.94863084,443337.6334717614,617711.8231914499,2.9255976226618636,13062335.404343635,0.27080076935816944,0.9998328449800389
0.23751781585924175,0.020700724189421538,0.7810091839743576,-0.7144444745307824,11.539797483521117,-13.851977813331555,-0.6650172842441112,-0.6567325549986308,-0.4462862937101278,-0.4997870565920409,-15.739562178206217,0.7144444745307824,-0.4997870565920409,-15.739562178206217,115397974.83521117,234487.9010291222,343267.4450013692,2.768568531449361,13851977.813331556,0.04572873263037655,0.9999760295778773
0.15754059688686373,0.24397552476179185,0.4505902354496588,-0.8595348937254083,16.84714477121113,-20.421504956173465,-0.5220615059762632,-0.5137248105212069,-0.4362356320881652,-0.4997870565920409,-16.215000811800202,0.8595348937254083,-0.4997870565920409,-16.215000811800202,168471447.71211132,334556.9458166157,486275.18947879307,2.818821839559174,20421504.956173465,0.1739141016016079,0.9998996155008241
0.017257274615757927,0.41786128874832024,0.5064491344353741,-0.8774385666855499,17.561459672566365,-19.26752395913309,-0.46336833951493,-0.48104385354943985,-0.34473290458700756,-0.4996664703155559,-24.459591377175588,0.8774385666855499,-0.4996664703155559,-24.459591377175588,175614596.72566366,375642.162339549,518956.14645056013,3.276335477064962,19267523.95913309,0.12513139917678845,0.9999067088785584
0.3643234703372063,0.02513966738731871,0.7802254201109775,-0.6957801411932267,11.051041706670635,-15.407546923467123,-0.6923878893549473,-0.6745605540272593,-0.4931791783460824,-0.4997870565920409,-9.960896980554978,0.6957801411932267,-0.4997870565920409,-9.960896980554978,110510417.06670634,215328.47745153686,325439.44597274065,2.534104108269588,15407546.923467124,0.057191315325983046,0.999979038891397
0.5811196709376834,0.07736686249287555,0.7810091839743576,-0.679035747117096,10.87028505427861,-17.86888862201045,-0.7123317425640324,-0.6837410117429698,-0.5430391439871707,-0.49964094438472706,-3.6157690064500057,0.679035747117096,-0.49964094438472706,-3.6157690064500057,108702850.54278609,201367.78020517732,316258.9882570303,2.2848042800641464,17868888.622010447,0.08479026917262353,0.9999834705639392
0.5189124769575917,0.0008505849022394776,0.51415208758057,-0.782475376992575,13.579827743765264,-25.673834287777698,-0.6286326925378795,-0.5897733941536889,-0.5390885803174406,-0.4997128917175969,-4.79912409536026,0.782475376992575,-0.4997128917175969,-4.79912409536026,135798277.43765265,259957.11522348435,410226.6058463111,2.3045570984127974,25673834.2877777,0.2056538752630272,0.9999477211043604
1.1051860342482789e-05,0.000822642165265064,0.6021366188641251,-0.8324886382670945,14.841124731506023,-18.640716401282077,-0.5180130964336542,-0.5375863513008879,-0.29769630835237504,-0.4997870565920409,-27.41493587256607,0.8324886382670945,-0.4997870565920409,-27.41493587256607,148411247.31506023,337390.832496442,462413.64869911195,3.511518458238125,18640716.401282076,0.064018912566808,0.9999358585701149
0.00899354068141716,0.27478499940482737,0.655470050838218,-0.8360553159476801,14.945842937330225,-16.77587183522403,-0.5166453302011978,-0.5418522993268367,-0.3137934923491709,-0.4997518418288539,-26.013608000330553,0.8360553159476801,-0.4997518418288539,-26.013608000330553,149458429.37330225,338348.26885916153,458147.70067316334,3.4310325382541453,16775871.835224032,0.06175801673579291,0.9999487149098938
0.232829014927628,0.9392059548444044,0.6064107122429775,-0.8640697184561312,16.422354000154964,-17.704526298401664,-0.5308148873452024,-0.5293038320817279,-0.4548774037337142,-0.49961075512300845,-9.145716310076695,0.8640697184561312,-0.49961075512300845,-9.145716310076695,164223540.00154966,328429.5788583583,470696.167918272,2.725612981331429,17704526.298401665,0.16083846705065857,0.999950535831736
0.3689427597803664,0.1552149434248352,0.6158161290447908,-0.777960774228511,13.139820074113304,-23.264033299200012,-0.6340072423116138,-0.6123330269644115,-0.49990662637869904,-0.4997870565920409,-8.807645294406267,0.777960774228511,-0.4997870565920409,-8.807645294406267,131398200.74113305,256194.9303818704,387666.9730355885,2.5004668681065048,23264033.299200013,0.12206882877962556,0.9999592527163971
0.3205804398739468,0.011133484797676826,0.603835501893422,-0.7715252139115426,12.95672965282732,-23.33976793172461,-0.6345329687469435,-0.6134727945108748,-0.48159460954840877,-0.4997870565920409,-11.395449558893004,0.7715252139115426,-0.4997870565920409,-11.395449558893004,129567296.52827321,255826.92187713954,386527.2054891252,2.592026952257956,23339767.931724608,0.10876216476363884,0.9999549852714558
0.1478910138701116,0.0274488836929786,0.5548397025506132,-0.8165422808391146,14.454926683711788,-22.24622951207242,-0.5680486065625854,-0.5608122793421898,-0.4031920453478451,-0.4997870565920409,-17.798816038350452,0.8165422808391146,-0.4997870565920409,-17.798816038350452,144549266.83711788,302365.9754061902,439187.7206578102,2.9840397732607746,22246229.51207242,0.10101178929423484,0.9999337505940887
0.03792304094128344,0.001444804407150238,0.5073781437810599,-0.8488977552862123,15.954940479637795,-20.65358976063261,-0.5077547503729376,-0.5151749001646438,-0.3416231646426793,-0.4997870565920409,-25.613893179338305,0.8488977552862123,-0.4997870565920409,-25.613893179338305,159549404.79637796,344571.6747389437,484825.0998353561,3.2918841767866036,20653589.760632608,0.10061584209039215,0.9999095111141059
0.6231732099003302,0.007296337442329182,0.7683520476328873,-0.6660762066353705,10.691852799906194,-18.800014737007857,-0.7183046387458824,-0.6871313176872101,-0.5514694041143554,-0.49964094438472706,-2.2911139538434906,0.6660762066353705,-0.49964094438472706,-2.2911139538434906,106918527.99906194,197186.7528778823,312868.6823127899,2.242652979428223,18800014.737007856,0.09167463397465112,0.9999833849801972
0.41531198754460197,0.0012559775898844938,0.6162952903706944,-0.7537914349827086,12.535892598368067,-23.9080608887272,-0.6556102033409281,-0.6290829700861003,-0.5116231377025404,-0.4997128917175969,-8.542523987813178,0.7537914349827086,-0.4997128917175969,-8.542523987813178,125358925.98368067,241072.85766135028,370917.0299138997,2.441884311487298,23908060.8887272,0.11979231080149992,0.9999613864827408
0.41079185199144064,0.00029246899309287935,0.9707064745186619,-0.593133637271751,9.302669241646264,-8.817421847957574,-0.7289463248199904,-0.7078188012235354,-0.5148632779911424,-0.4997128917175969,-8.895506181668106,0.593133637271751,-0.4997128917175969,-8.895506181668106,93026692.41646263,189737.57262600664,292181.19877646473,2.425683610044288,8817421.847957574,0.026975501923068967,0.9999908138941923
0.020502610819463196,0.3998855066405742,0.1257660023499284,-0.9366737332031375,27.978259880190503,-10.338061286670229,-0.29883719320838864,-0.27003097708420026,-0.47414478959091755,-0.3413566813375224,-9.190182106671706,0.9366737332031375,-0.3413566813375224,-9.190182106671706,279782598.80190504,490813.96475412796,729969.0229157998,2.6292760520454124,10338061.286670228,0.43749684035055986,0.9995632716047513
0.6474128584068352,2.8666988487885403e-13,0.9978786547255298,-0.547269011821435,8.985579094999114,-9.929160463806214,-0.7547039730152172,-0.7229739409922114,-0.5646979131016485,-0.49964094438472706,-1.6953729860389397,0.547269011821435,-0.49964094438472706,-1.6953729860389397,89855790.94999114,171707.21888934798,277026.05900778866,2.1765104344917576,9929160.463806214,0.03629405694901536,0.9999936347146734
0.012689271024279664,0.005153722644529367,0.11845064963361429,-0.9340969191162842,27.398160303856958,-11.47442553822539,-0.3372083400801234,-0.2984369946630469,-0.4839108041533762,-0.4755841657212626,-15.311176099135444,0.9340969191162842,-0.4755841657212626,-15.311176099135444,273981603.03856957,463954.1619439136,701563.0053369531,2.580445979233119,11474425.53822539,0.3782029344635434,0.9995481303893806
0.0014882495755265263,0.057765096835878105,0.49407046383332004,-0.8650739812977097,16.71608766439468,-19.919411092049625,-0.48057328876678523,-0.49562827017942307,-0.3220760031781219,-0.4997870565920409,-26.523370707615815,0.8650739812977097,-0.4997870565920409,-26.523370707615815,167160876.64394683,363598.69786325033,504371.7298205769,3.3896199841093906,19919411.092049625,0.10347959554005505,0.999900577282191
0.36842924908482105,0.006397352611117152,0.5963210751744936,-0.7677176559954314,12.89944048343418,-24.095691733174668,-0.6411434012609178,-0.6160553907988339,-0.49753064628359356,-0.4997870565920409,-9.505258703021676,0.7677176559954314,-0.4997870565920409,-9.505258703021676,128994404.83434181,251199.61911735754,383944.6092011661,2.512346768582032,24095691.733174667,0.12062205203927807,0.9999559357456584
8.306184804662484e-05,0.0939883560688356,0.4941548374715903,-0.8658562840936692,16.843136505962306,-19.875186380975613,-0.477033822410973,-0.4929139060781562,-0.3223694047230531,-0.4997870565920409,-26.236506272159097,0.8658562840936692,-0.4997870565920409,-26.236506272159097,168431365.05962306,366076.32431231893,507086.0939218438,3.3881529763847347,19875186.38097561,0.10547657612042245,0.999900422434885
0.41013403122966424,0.00029246899309287935,0.9557513030124354,-0.6008127613712994,9.382299472534823,-9.233000693282134,-0.7280782493931153,-0.7072887598607752,-0.5133794100063078,-0.499764186422366,-8.895506181668106,0.6008127613712994,-0.499764186422366,-8.895506181668106,93822994.72534823,190345.22542481928,292711.24013922486,2.4331029499684607,9233000.693282135,0.02875121923546033,0.9999902311070211
0.0005978275016047599,0.008142508463081455,0.6086908436990593,-0.8309408695381297,14.773658484269202,-18.438614046136014,-0.5199665726102807,-0.5399548209390047,-0.29815720437171256,-0.4997870565920409,-27.41493587256607,0.8309408695381297,-0.4997870565920409,-27.41493587256607,147736584.84269202,336023.39917280356,460045.1790609954,3.509213978141437,18438614.046136014,0.06263701533415764,0.9999375799193845
0.007100037875342096,0.0004706602484671682,0.15204353969859735,-0.9297631058898287,26.010904382152223,-11.825114878218471,-0.35172874376669744,-0.31768415404812966,-0.4831958670767122,-0.4886807278098968,-17.68398886775035,0.9297631058898287,-0.4886807278098968,-17.68398886775035,260109043.82152224,453789.8793633118,682315.8459518703,2.584020664616439,11825114.878218472,0.3406495825297842,0.99960341634942
0.6520349859972983,0.015756657909755657,0.957058823199582,-0.5728214398723034,9.220634028857598,-11.352616129003655,-0.7512916488009791,-0.7204697981542081,-0.5644161627219847,-0.49964094438472706,-1.5562751491785853,0.5728214398723034,-0.49964094438472706,-1.5562751491785853,92206340.28857598,174095.8458393147,279530.20184579195,2.1779191863900764,11352616.129003655,0.04402469195580039,0.9999925220142823
0.008004090811189836,0.000822642165265064,0.6029923045112509,-0.8300316514501742,14.75820551927141,-18.74823365886489,-0.5226793979160631,-0.5407095694326423,-0.30398184046286714,-0.4997870565920409,-27.41493587256607,0.8300316514501742,-0.4997870565920409,-27.41493587256607,147582055.1927141,334124.42145875585,459290.43056735775,3.4800907976856643,18748233.65886489,0.06465898826290065,0.999936632412099
0.015034213239168925,0.07209088947513975,0.48936078998692145,-0.8641340750061904,16.71415815345909,-20.05949845192742,-0.485468340143803,-0.4979358456775471,-0.3339358342640543,-0.4997870565920409,-26.03248377929695,0.8641340750061904,-0.4997870565920409,-26.03248377929695,167141581.53459087,360172.1618993379,502064.1543224529,3.3303208286797283,20059498.45192742,0.1087055949846423,0.9999001169837182
0.38883402882798385,0.021290820236673363,0.9623303849032523,-0.6061797254663654,9.48488322794338,-8.922499414051726,-0.7234211846359976,-0.7038338335641334,-0.5083458493845818,-0.4997870565920409,-9.500479142582224,0.6061797254663654,-0.4997870565920409,-9.500479142582224,94848832.2794338,193605.1707548017,296166.1664358666,2.458270753077091,8922499.414051726,0.027285784337116627,0.9999902647579245
0.4854405193698378,0.09519404703901957,0.7590103440805026,-0.7016636632595714,11.281204079341785,-17.885669897903163,-0.697488483596502,-0.6734437927223998,-0.525285338617076,-0.4997128917175969,-5.977458416597089,0.7016636632595714,-0.4997128917175969,-5.977458416597089,112812040.79341786,211758.06148244857,326556.20727760025,2.37357330691462,17885669.897903163,0.08003852119631943,0.9999799461214285
0.3679323781815626,0.015087172631852615,0.8209279794850023,-0.6752862458595144,10.579247640626054,-13.641835782046005,-0.702388260706684,-0.6842924694029275,-0.49231976045051323,-0.4997870565920409,-10.020969345318406,0.6752862458595144,-0.4997870565920409,-10.020969345318406,105792476.40626054,208328.2175053212,315707.53059707244,2.538401197747434,13641835.782046005,0.04813632415874194,0.9999823067234246
0.00021207708897837282,0.5270383218133625,0.47086107469980404,-0.8919674702432586,18.854695850813076,-17.814519931822343,-0.4363518758859894,-0.45754860599902564,-0.3476747457654762,-0.49961909219525635,-24.167318733914662,0.8919674702432586,-0.49961909219525635,-24.167318733914662,188546958.50813076,394553.68687980744,542451.3940009744,3.261626271172619,17814519.93182234,0.14886609760344516,0.9998900536896506
0.6845185494542628,0.0014291525992060818,0.791133430870561,-0.6492948034307672,10.400803550557825,-18.378033499034984,-0.7269357542849808,-0.6933979171863239,-0.560518044286963,-0.4996337709586586,-1.1476406300867055,0.6492948034307672,-0.4996337709586586,-1.1476406300867055,104008035.50557825,191144.9720005134,306602.0828136761,2.197409778565185,18378033.499034986,0.09211580029653872,0.9999858294160495
0.41079185199144064,0.00029246899309287935,0.9820573760590265,-0.5873428152235447,9.252997622634622,-8.51713262078597,-0.7293527912109405,-0.7079264200726967,-0.5157639749091831,-0.4997128917175969,-8.890811562102913,0.5873428152235447,-0.4997128917175969,-8.890811562102913,92529976.22634622,189453.0461523416,292073.57992730336,2.4211801254540846,8517132.62078597,0.025676778777209544,0.9999912281613081
7.66964122584869e-06,0.9975563174787914,0.5069916853298321,-0.9049982531958639,19.957638317206552,-15.613303653980099,-0.4115478290998604,-0.44100110853778884,-0.3582530192502976,-0.4989721967494388,-20.52734912017659,0.9049982531958639,-0.4989721967494388,-20.52734912017659,199576383.17206553,411916.5196300977,558998.8914622111,3.208734903748512,15613303.653980099,0.16937704709552745,0.9999045846929185
0.0022600889076901907,0.9859601636949339,0.3669341570309304,-0.9203967766263981,22.627345460165568,-12.986851222538734,-0.3658241061609051,-0.3807224447876938,-0.4179788920917232,-0.4995949397307353,-16.49545571604836,0.9203967766263981,-0.4995949397307353,-16.49545571604836,226273454.6016557,443923.1256873664,619277.5552123062,2.910105539541384,12986851.222538734,0.27518791468743714,0.999831826435431
0.3172340076489366,0.018337484132042142,0.6022056464929273,-0.7734042530603762,13.009481605182348,-23.354535737950336,-0.6326459346119767,-0.6118106796907596,-0.48049300508856946,-0.4997870565920409,-11.320291281797939,0.7734042530603762,-0.4997870565920409,-11.320291281797939,130094816.05182348,257147.84577161632,388189.3203092404,2.5975349745571528,23354535.737950336,0.10935006372227926,0.9999545180310351
0.0011772532417569633,0.005964520830683898,0.13563520431621598,-0.9329004992632084,26.880405414188488,-11.667092828093645,-0.34010636767314656,-0.3050414052529705,-0.4828112588763764,-0.48631289204654615,-16.99482752462185,0.9329004992632084,-0.48631289204654615,-16.99482752462185,268804054.14188486,461925.5426287974,694958.5947470295,2.585943705618118,11667092.828093646,0.3556773096278196,0.999573318551703
0.6474128584068352,0.0006555508969181181,0.8045803267451982,-0.6461293447266052,10.2791101644046,-17.409768897407066,-0.7285784896491335,-0.6967831493646537,-0.5534575048608157,-0.49964094438472706,-1.7301970514196547,0.6461293447266052,-0.49964094438472706,-1.7301970514196547,102791101.644046,189995.0572456066,303216.85063534626,2.2327124756959216,17409768.897407066,0.08198211467752715,0.9999860330282997
0.0023251498752666355,0.23934375478443531,0.09181132192504932,-0.9411448297740049,28.554976842470605,-10.343263811733296,-0.2905831546990488,-0.2598826616693854,-0.4494164419420154,-0.07477338314566262,-11.458541509185967,0.9411448297740049,-0.07477338314566262,-11.458541509185967,285549768.42470604,496591.79171066586,740117.3383306146,2.752917790289923,10343263.811733296,0.4402532449373522,0.9994895457328302
0.006538794591125274,0.9844418160871995,0.64196738104535,-0.8856578260300118,17.240674594548373,-14.7153952906462,-0.45260306011988605,-0.4873944789369851,-0.3383029123204537,-0.4995673833930999,-21.133632489622748,0.8856578260300118,-0.4995673833930999,-21.133632489622748,172406745.94548374,383177.85791607975,512605.52106301486,3.3084854383977316,14715395.2906462,0.1006864916515104,0.999945274189955
0.44781965348969405,0.0006115335080172923,0.9806902505050229,-0.5823515130878311,9.200067187413794,-8.837772868174,-0.7346709680686584,-0.7114775492348426,-0.5256904419682117,-0.4997128917175969,-7.43656894726906,0.5823515130878311,-0.4997128917175969,-7.43656894726906,92000671.87413794,185730.3223519392,288522.4507651573,2.3715477901589415,8837772.868174,0.027574933117169985,0.9999915261050195
0.5740898536448458,0.00020229825496840062,0.7928951979328298,-0.6591257566083858,10.44242207512953,-17.15051664465171,-0.7218338092088064,-0.6930277719588327,-0.5411508433529062,-0.49964094438472706,-4.086222794113346,0.6591257566083858,-0.49964094438472706,-4.086222794113346,104424220.7512953,194716.33355383555,306972.22804116725,2.294245783235469,17150516.64465171,0.0761086512540741,0.9999841426146932
0.000618588886741208,0.966223643585386,0.32194986503142353,-0.924886838166671,24.026144604869543,-12.054977899942257,-0.3451398903541669,-0.3532048090908613,-0.43992980389824005,-0.49961075512300845,-15.499460397985285,0.924886838166671,-0.49961075512300845,-15.499460397985285,240261446.04869545,458402.07675208314,646795.1909091386,2.8003509805088,12054977.899942257,0.3134984642599812,0.9997977680687805
0.12391308897875142,0.16988694872342228,0.471574729753813,-0.854448925264557,16.419600843070413,-21.019132505991784,-0.5221887085192443,-0.5175569603472918,-0.4110718382788356,-0.4997870565920409,-19.09743052171513,0.854448925264557,-0.4997870565920409,-19.09743052171513,164196008.43070412,334467.904036529,482443.0396527082,2.944640808605822,21019132.505991783,0.14650870200724653,0.9999044772222417
