design_id,isamp,rn,rs,r_theta,gamma0_deg,V0,k_CD,k_CL,Qs,sg,q_stag_max,q_shldr_max,n_max,feasible,g_q_stag,g_q_shldr,g_n_max,g_pitch_stable,g_trim_on_nose,t_final,captured
0,0,0.5,0.5,0.5,-2.2608478279245143,7853.014085025692,1.010981445100528,1.061365077556289,140488411.9844727,5342829.060214055,261388.9071376321,402217.3412114613,2.2475096998304287,1.0,-0.6265872755176684,-0.5977826587885388,-0.5504980600339142,-0.002839518039989365,-2.2984924158131896,886.68951665237,1.0
0,1,0.5,0.5,0.5,-1.6959674404494893,7770.73630175272,0.9187952688024181,0.9653143373041384,174900102.82274762,6312462.184090714,328423.45217753836,506449.7603121857,2.296515336058181,1.0,-0.5308236397463738,-0.4935502396878143,-0.5406969327883637,-0.002839518039989365,-2.2984924158131896,4783.5509364398695,1.0
0,2,0.5,0.5,0.5,-1.6074877696621768,7874.436257517294,0.9667838396610273,1.0529759800097251,184863975.6438419,2944241.4654318145,258113.7973368335,397181.1330956668,2.202682550403936,1.0,-0.6312660038045236,-0.6028188669043333,-0.5594634899192128,-0.002839518039989365,-2.2984924158131896,6703.143118022097,1.0
0,3,0.5,0.5,0.5,-1.817895547234295,7911.994786459223,0.9485528782998618,1.0297043132087698,182027834.67070377,2316133.506263277,292693.046348309,450458.58168416616,2.175419417435268,1.0,-0.5818670766452728,-0.5495414183158339,-0.5649161165129464,-0.002839518039989365,-2.2984924158131896,6602.217635446102,1.0
0,4,0.5,0.5,0.5,-1.7230716656083058,7892.428466678374,0.9697315792529996,1.0673105806651373,182004825.59943175,2544823.25275314,276640.6996098903,425728.1368461875,2.172549822593365,1.0,-0.6047990005572996,-0.5742718631538125,-0.565490035481327,-0.002839518039989365,-2.2984924158131896,6636.949449959036,1.0
0,5,0.5,0.5,0.5,-1.6497266865271472,7822.935159942529,1.0638163294045146,0.9994769214740039,162290791.94201377,1771616.2063373018,280157.33426946285,431639.01664837246,2.487173511757024,1.0,-0.5997752367579102,-0.5683609833516275,-0.5025652976485951,-0.002839518039989365,-2.2984924158131896,6172.652197619775,1.0
0,6,0.5,0.5,0.5,-2.282577825537979,7834.563892740656,0.985887760682283,0.9426014352016753,127550334.62290774,4450387.782648163,290503.1263066038,447112.1000866499,2.375620943152188,1.0,-0.5849955338477089,-0.5528878999133501,-0.5248758113695624,-0.002839518039989365,-2.2984924158131896,752.8464507384913,1.0
0,7,0.5,0.5,0.5,-2.0202642097010854,7801.7439384205845,1.0099986147595286,0.9771553830224743,141561898.44045138,5699271.8405305045,263464.83731496433,406671.8403958375,2.3877755517955337,1.0,-0.6236216609786224,-0.5933281596041624,-0.5224448896408933,-0.002839518039989365,-2.2984924158131896,926.3013243211681,1.0
0,8,0.5,0.5,0.5,-1.480206380641981,7830.4478202155515,0.9341275736650453,1.001107344121397,190924718.73290324,3450306.909549864,270274.8928560451,417126.99852900096,2.2459503035689083,1.0,-0.6138930102056499,-0.5828730014709991,-0.5508099392862184,-0.002839518039989365,-2.2984924158131896,6686.027465569204,1.0
0,9,0.5,0.5,0.5,-2.7857373230846263,7810.95451266615,0.8987448627677581,1.1238202899788543,104148501.30272421,3037096.468411111,420309.07220909843,647491.1172860747,2.0080128633759893,1.0,-0.3995584682727165,-0.35250888271392533,-0.5983974273248022,-0.002839518039989365,-2.2984924158131896,570.9875882522135,1.0
0,10,0.5,0.5,0.5,-2.717538269220693,7821.409676137033,1.0536726593315942,0.9846624290045021,90950747.92750666,2792226.991059139,411269.6793577496,633724.2507327343,2.4204710851438307,1.0,-0.4124718866317863,-0.3662757492672657,-0.5159057829712339,-0.002839518039989365,-2.2984924158131896,507.8943080530609,1.0
0,11,0.5,0.5,0.5,-1.4851005326445845,7721.6866387194395,0.9932622646711188,0.9720891187501443,169750023.53706372,5577898.195653701,303637.4349698595,468200.2595796589,2.435694496428379,1.0,-0.5662322357573436,-0.5317997404203411,-0.5128611007143242,-0.002839518039989365,-2.2984924158131896,4878.545628220145,1.0
0,12,0.5,0.5,0.5,-2.290905575244519,7859.717385683056,0.956097141834271,1.075272417277323,149242477.10076812,5676466.226481936,266260.1670466029,409708.26308789005,2.151263391309125,1.0,-0.6196283327905673,-0.5902917369121099,-0.569747321738175,-0.002839518039989365,-2.2984924158131896,939.8747068279084,1.0
0,13,0.5,0.5,0.5,-2.1150204391671887,7749.526991211809,0.9894040475604723,1.0156144946392693,115529651.37900798,4040239.4187091277,308421.865197308,475144.34797574417,2.3659526770128205,1.0,-0.5593973354324171,-0.5248556520242559,-0.5268094645974359,-0.002839518039989365,-2.2984924158131896,701.6135850009853,1.0
0,14,0.5,0.5,0.5,-2.3911911872269576,7869.040626804687,0.9255356239956005,1.051268078709079,145687346.57619387,5172788.000831356,294373.3258078623,453008.92803852377,2.1270917234550253,1.0,-0.5794666774173396,-0.5469910719614762,-0.574581655308995,-0.002839518039989365,-2.2984924158131896,873.0675549566006,1.0
0,15,0.5,0.5,0.5,-2.472990402789062,7806.088796741337,1.0817500464082297,0.947694485126038,96303111.54101637,3145892.9350953423,367261.4518622697,565873.8167495466,2.5953515716788735,1.0,-0.4753407830539004,-0.43412618325045343,-0.4809296856642253,-0.002839518039989365,-2.2984924158131896,556.4006073000555,1.0
0,16,0.5,0.5,0.5,-1.3998773652256398,7815.636376606374,0.9745871928052996,1.004917866163551,185086380.0003164,3433646.8012180347,267032.72685824195,412119.4952609575,2.3038497692179525,1.0,-0.6185246759167972,-0.5878805047390425,-0.5392300461564095,-0.002839518039989365,-2.2984924158131896,6654.181181593453,1.0
0,17,0.5,0.5,0.5,-1.5577799629558093,7814.006254420121,1.037821150382398,1.0084982818237551,167383284.93353912,2152279.3468176387,254147.22718500323,391373.73445089004,2.357917507355592,1.0,-0.6369325325928525,-0.60862626554911,-0.5284164985288816,-0.002839518039989365,-2.2984924158131896,6327.155192387281,1.0
0,18,0.5,0.5,0.5,-1.1298512797389793,7849.836666728625,1.050556407049035,0.9312533958522276,186952054.62632173,5106437.661096311,291266.2647306338,449320.0583045852,2.5530893542287343,1.0,-0.5839053360990946,-0.5506799416954147,-0.48938212915425316,-0.002839518039989365,-2.2984924158131896,7016.779555020243,1.0
0,19,0.5,0.5,0.5,-1.6847843293820166,7853.871015297021,0.9974357599395881,1.0265311896642708,173663054.53173274,2172597.642377946,265571.9675700856,408740.0724636735,2.250309688298094,1.0,-0.6206114748998777,-0.5912599275363265,-0.5499380623403811,-0.002839518039989365,-2.2984924158131896,6414.239884283521,1.0
0,20,0.5,0.5,0.5,-2.0728866707993254,7824.748621343928,0.9531352398790898,0.9711252651135243,154478710.2742754,6401010.273155675,281012.49855870014,433647.1157101317,2.3185586981106745,1.0,-0.5985535734875712,-0.5663528842898683,-0.5362882603778651,-0.002839518039989365,-2.2984924158131896,1026.0813398577757,1.0
0,21,0.5,0.5,0.5,-2.1899874315711076,7818.184158755908,1.0283895505761786,1.0344119805836738,130110415.92811006,4818704.027542484,265105.22932881897,407984.6041790351,2.2827365128125074,1.0,-0.6212782438159729,-0.5920153958209649,-0.5434526974374985,-0.002839518039989365,-2.2984924158131896,810.1061617879336,1.0
0,22,0.5,0.5,0.5,-2.646199748827213,7846.193159821134,1.0027806010339728,1.0576583216707058,106239755.53233188,3332139.5598908626,372942.0124991175,574299.4845675855,2.3469336839629724,1.0,-0.4672256964298321,-0.4257005154324145,-0.5306132632074055,-0.002839518039989365,-2.2984924158131896,601.2862944642103,1.0
0,23,0.5,0.5,0.5,-2.5205443883300678,7870.256725350028,0.9430187308281237,1.0726822720932945,131735143.35892004,4376498.64168224,329827.7391594178,507659.1656884134,2.081110873104251,1.0,-0.528817515486546,-0.4923408343115866,-0.5837778253791498,-0.002839518039989365,-2.2984924158131896,763.2184301979277,1.0
0,24,0.5,0.5,0.5,-1.9405986830163289,7787.36895694096,1.0215522053366703,0.9945489070053791,144015737.5471835,6073386.844474237,266485.01461965946,411267.07361433835,2.388126452530588,1.0,-0.6193071219719151,-0.5887329263856615,-0.5223747094938824,-0.002839518039989365,-2.2984924158131896,977.957319850836,1.0
0,25,0.5,0.5,0.5,-1.8859579288672168,7766.948883873104,1.0726690567268786,1.047859436285273,136615713.4627871,5791214.283277939,252948.43950951495,390421.9288674351,2.3728584284675605,1.0,-0.6386450864149786,-0.6095780711325649,-0.525428314306488,-0.002839518039989365,-2.2984924158131896,940.6878735764042,1.0
0,26,0.5,0.5,0.5,-1.9917938905263177,7733.324000236789,1.0054344902407693,1.0334945168989687,118919227.50186694,4344651.0282854615,285181.2236901846,439322.16375435883,2.323173397103708,1.0,-0.5925982518711649,-0.5606778362456412,-0.5353653205792585,-0.002839518039989365,-2.2984924158131896,745.6284129323992,1.0
0,27,0.5,0.5,0.5,-1.7478354773043494,7885.337981037891,1.0559197224528105,0.9865224045622689,162154944.4391221,1897672.8669096124,288914.7943563763,444770.8217294486,2.4687980297092516,1.0,-0.5872645794908911,-0.5552291782705514,-0.5062403940581497,-0.002839518039989365,-2.2984924158131896,6407.627710422811,1.0
0,28,0.5,0.5,0.5,-2.50814700447163,7826.679767696802,0.9384952929603866,1.0254122376003763,116440209.19525313,3691924.4169362825,353574.54678812233,544391.8663425555,2.28232890263646,1.0,-0.49489350458839665,-0.4556081336574445,-0.543534219472708,-0.002839518039989365,-2.2984924158131896,658.4614824804546,1.0
0,29,0.5,0.5,0.5,-1.1801431234813995,7879.536260523804,0.9735413069341418,1.0891785494981556,205288306.53916112,17254496.954594415,298953.98573833506,461008.8112744786,2.221518762946474,1.0,-0.5729228775166642,-0.5389911887255213,-0.5556962474107052,-0.002839518039989365,-2.2984924158131896,9177.682196822801,1.0
0,30,0.5,0.5,0.5,-2.594165457165536,7929.833396895604,0.9992427684060857,0.9268870626695572,127026679.59355734,4203826.35031684,329355.0497425941,506898.9742379903,2.418249379359033,1.0,-0.5294927860820083,-0.4931010257620097,-0.5163501241281934,-0.002839518039989365,-2.2984924158131896,714.8080504076795,1.0
0,31,0.5,0.5,0.5,-1.4154022974693168,7744.624421462718,1.0441796532071748,0.9879887520028013,165591512.36910123,1898290.1762248797,263968.7648829911,406803.6208584171,2.4530901634083766,1.0,-0.6229017644528698,-0.5931963791415829,-0.5093819673183246,-0.002839518039989365,-2.2984924158131896,6065.443597866137,1.0
0,32,0.5,0.5,0.5,-2.5992052745839986,7797.881759982821,0.9784699076923341,1.0028403841545857,98533341.06926571,3025431.3361306973,399731.19755989267,615937.6626222846,2.290742739462713,1.0,-0.4289554320572962,-0.3840623373777154,-0.5418514521074573,-0.002839518039989365,-2.2984924158131896,550.3573680017759,1.0
0,33,0.5,0.5,0.5,-3.1880682277007,7842.044533416776,1.0482955014454927,0.9519299129509257,78565554.22567518,2189930.777900821,495647.74719684094,763898.8420869386,3.539656507173373,1.0,-0.2919317897187987,-0.23610115791306144,-0.2920686985653254,-0.002839518039989365,-2.2984924158131896,410.57222090408993,1.0
0,34,0.5,0.5,0.5,-1.9143747239957272,7827.955451258171,1.0137934112117306,0.9496106724540067,174785377.07670695,18014875.6393227,269289.9477894846,415244.1444479163,2.491290358873136,1.0,-0.6153000745864506,-0.5847558555520836,-0.5017419282253728,-0.002839518039989365,-2.2984924158131896,2609.191762053885,1.0
0,35,0.5,0.5,0.5,-1.3238821189563796,7894.901077640392,1.0968459874003884,0.9800647723076474,169228665.4679527,2940480.241926573,265767.682196575,410218.87233472796,2.4863791826660853,1.0,-0.6203318825763214,-0.589781127665272,-0.502724163466783,-0.002839518039989365,-2.2984924158131896,6795.346605958229,1.0
0,36,0.5,0.5,0.5,-1.2679536796060202,7764.19279509506,1.006977017010074,1.0175457357831543,179924035.2156582,3439904.4018814913,259490.16144851025,400480.82723627734,2.3376419728468076,1.0,-0.6292997693592711,-0.5995191727637227,-0.5324716054306384,-0.002839518039989365,-2.2984924158131896,6527.975976767329,1.0
0,37,0.5,0.5,0.5,-0.5380913542277239,7832.238151674662,0.9586492889529026,0.9898949306693906,201099507.2927416,4212202.860802053,284690.8966823253,438582.5011370197,2.311294186263296,1.0,-0.5932987190252496,-0.5614174988629803,-0.5377411627473407,-0.002839518039989365,-2.2984924158131896,11910.521605396685,1.0
0,38,0.5,0.5,0.5,-2.3424432909031903,7777.664953764666,1.0318232212546066,0.8457425196583682,98309631.03544828,3213924.8209965657,369642.8992837868,569642.4790652423,2.7104623111206854,1.0,-0.47193871530887593,-0.43035752093475765,-0.4579075377758629,-0.002839518039989365,-2.2984924158131896,560.9322069704148,1.0
0,39,0.5,0.5,0.5,-2.4016722120818326,7784.548410854211,1.0882536113562458,1.0108681889515654,96827802.66752559,3229542.993487406,357756.4980777829,551251.7630062154,2.4982610065856816,1.0,-0.48891928846031013,-0.4487482369937846,-0.5003477986828637,-0.002839518039989365,-2.2984924158131896,573.3071717518684,1.0
0,40,0.5,0.5,0.5,-1.9334567918561298,7888.606463583548,1.0416217747030831,0.9926722819501282,164066659.41405824,1585831.945002285,314824.5960009894,485195.6975492284,2.498082133292496,1.0,-0.5502505771414438,-0.5148043024507716,-0.5003835733415009,-0.002839518039989365,-2.2984924158131896,5979.213124305407,1.0
0,41,0.5,0.5,0.5,-1.5268717695826153,7847.36570409143,1.0299755252342762,0.9974363344412872,170774215.547243,2531144.0329907453,250920.56737892976,386138.2167118627,2.3495865266238987,1.0,-0.6415420466015289,-0.6138617832881373,-0.5300826946752203,-0.002839518039989365,-2.2984924158131896,6549.1630720393705,1.0
0,42,0.5,0.5,0.5,-1.7944612850444681,7840.046470294924,0.9836193013477166,0.9086165139922515,169454679.34089833,1559956.0576814222,308343.03867478116,475244.43262545543,2.5588760942797437,1.0,-0.5595099447503127,-0.5247555673745445,-0.48822478114405127,-0.002839518039989365,-2.2984924158131896,5956.542237015552,1.0
0,43,0.5,0.5,0.5,-2.876160682139804,7759.535215483436,1.015247654706794,1.0076227438893504,80537468.95377968,2341107.871395903,472087.4747203816,727750.4707216175,3.3941753632150258,1.0,-0.3255893218280263,-0.27224952927838253,-0.32116492735699487,-0.002839518039989365,-2.2984924158131896,438.07031301517503,1.0
0,44,0.5,0.5,0.5,-1.9600217008240772,7920.022241469413,1.025335186366291,0.8967050995168053,162466775.3100556,1638636.708276533,323565.0001700526,498514.0888607454,2.665683564557669,1.0,-0.5377642854713535,-0.5014859111392546,-0.4668632870884662,-0.002839518039989365,-2.2984924158131896,6193.121764624747,1.0
0,45,0.5,0.5,0.5,-2.0256344985099632,7799.403491573221,0.8918803550486916,1.0396319896468964,162783443.22307578,6722433.016099572,280095.3589533074,432206.11901719094,2.1242701182723667,1.0,-0.5998637729238466,-0.567793880982809,-0.5751459763455267,-0.002839518039989365,-2.2984924158131896,1086.3743084116154,1.0
0,46,0.5,0.5,0.5,-2.1421587314137733,7978.685057363715,0.9915155076788469,1.101817326261727,173740435.5081716,1641769.5590880653,319954.46643304103,492593.0590755475,2.2065376980224745,1.0,-0.5429221908099414,-0.5074069409244525,-0.5586924603955051,-0.002839518039989365,-2.2984924158131896,6319.890977542235,1.0
0,47,0.5,0.5,0.5,-2.42616968171388,7843.429470164558,0.9948291501150404,0.9673868381189956,117969657.81293377,3911143.185495364,325509.4828353104,501075.8747117209,2.4363829371650247,1.0,-0.5349864530924138,-0.49892412528827906,-0.512723412566995,-0.002839518039989365,-2.2984924158131896,678.3138930991923,1.0
0,48,0.5,0.5,0.5,-2.1990924922508843,7790.88637220179,1.0018759733553713,0.9814901286637244,119848646.88575086,4191954.443025938,294330.6209254511,453187.4665938866,2.3961256461322864,1.0,-0.5795276843922127,-0.5468125334061134,-0.5207748707735427,-0.002839518039989365,-2.2984924158131896,719.0460816846014,1.0
0,49,0.5,0.5,0.5,-2.22761107554643,7836.304385167563,0.9446358365694124,0.9622858383034997,141400109.16523468,5135645.257374085,270265.61120838864,415906.5902578869,2.2900746756557036,1.0,-0.6139062697023019,-0.5840934097421131,-0.5419850648688593,-0.002839518039989365,-2.2984924158131896,854.9547115230813,1.0
0,50,0.5,0.5,0.5,-1.0124945956581437,7862.794974389018,0.9825843491283689,1.0430357734833346,199054372.10643923,7373028.968275811,331870.92406499246,511726.2201423361,2.2513923144615107,1.0,-0.5258986799071537,-0.4882737798576639,-0.5497215371076979,-0.002839518039989365,-2.2984924158131896,11012.179964370425,1.0
0,51,0.5,0.5,0.5,-2.0604489977312914,7789.458218768182,0.976340653065025,1.038482722525763,139771125.1995684,5343457.164388652,247577.2583351124,382239.3004980907,2.235076749137817,1.0,-0.6463182023784109,-0.6177606995019093,-0.5529846501724366,-0.002839518039989365,-2.2984924158131896,889.4112447488399,1.0
0,52,0.5,0.5,0.5,-2.948742527010138,7899.394375041036,0.9610532890307297,0.9381724543723113,100384413.57748504,2877135.717347918,436646.49151399254,672463.3175237534,2.4175778604642977,1.0,-0.3762192978371535,-0.3275366824762466,-0.5164844279071404,-0.002839518039989365,-2.2984924158131896,525.5651187073931,1.0
0,53,0.5,0.5,0.5,-2.0956393725696962,7857.783221884723,1.0214710264267637,1.0229783103371661,160626673.63553846,8197998.483240126,291196.7900203918,449203.03927635786,2.3492066101786317,1.0,-0.5840045856851546,-0.5507969607236421,-0.5301586779642736,-0.002839518039989365,-2.2984924158131896,1264.4740958117209,1.0
0,54,0.5,0.5,0.5,-2.3368540039181447,7809.585515403929,1.1106440459915552,0.9238922402190792,101812354.70933285,3489070.162386735,329653.78208430775,507825.51614616544,2.7456132849785417,1.0,-0.5290660255938461,-0.49217448385383455,-0.45087734300429166,-0.002839518039989365,-2.2984924158131896,602.7676512912209,1.0
0,55,0.5,0.5,0.5,-1.7785274515145275,7807.102628790817,0.9636406310428435,0.9569832917209924,172566919.74662814,2729675.474667796,319742.3901868772,492992.8925231448,2.4092492319869803,1.0,-0.5432251568758897,-0.5070071074768552,-0.518150153602604,-0.002839518039989365,-2.2984924158131896,5411.612660667769,1.0
0,56,0.5,0.5,0.5,-2.1585841443421834,7877.473085450335,1.017617266285769,1.0213794009777188,161701737.70109326,8337910.125632654,294379.9158024976,454108.0082312224,2.3413542751139516,1.0,-0.5794572631392891,-0.5458919917687776,-0.5317291449772097,-0.002839518039989365,-2.2984924158131896,1282.8784506554932,1.0
0,57,0.5,0.5,0.5,-1.8675222955781103,7794.053670456496,0.9156826833322094,0.9753052716776519,176389943.61294284,10357506.155241616,296873.8277725567,457892.76143023145,2.2929115361140893,1.0,-0.5758945317534905,-0.5421072385697686,-0.5414176927771821,-0.002839518039989365,-2.2984924158131896,1565.4111240628738,1.0
0,58,0.5,0.5,0.5,-1.8372814088242213,7778.617993524964,1.0683122415484134,1.0128522704657437,148239728.39177883,7063812.919786822,273484.3095516704,421945.30174798064,2.4403033194046984,1.0,-0.6093081292118995,-0.5780546982520194,-0.5119393361190603,-0.002839518039989365,-2.2984924158131896,1108.6895250061675,1.0
0,59,0.5,0.5,0.5,-1.610873595635946,7866.294787542555,1.0342197013559038,0.9606391495219309,166318501.03916112,2226040.3730139337,269691.57881848374,415061.859784946,2.41653799345924,1.0,-0.6147263159735946,-0.584938140215054,-0.516692401308152,-0.002839518039989365,-2.2984924158131896,6510.00352364142,1.0
1,0,0.35,0.5,0.5,-2.2608478279245143,7853.014085025692,1.010981445100528,1.061365077556289,140254766.53977954,4930131.281083392,280223.6146920412,419173.80549528665,2.391297256535782,1.0,-0.5996805504399412,-0.5808261945047134,-0.5217405486928436,-0.002991127266128344,-7.0576163298923404,817.5058550671446,1.0
1,1,0.35,0.5,0.5,-1.6959674404494893,7770.73630175272,0.9187952688024181,0.9653143373041384,182025680.088328,8317387.213194525,344676.55191378295,516695.34568900184,2.4831893439734793,1.0,-0.5076049258374529,-0.48330465431099817,-0.5033621312053042,-0.002991127266128344,-7.0576163298923404,4471.044882392561,1.0
1,2,0.35,0.5,0.5,-1.6074877696621768,7874.436257517294,0.9667838396610273,1.0529759800097251,187018492.46368676,2674236.4978566095,274787.2719586371,411035.339404113,2.3511675789317708,1.0,-0.6074467543448041,-0.588964660595887,-0.5297664842136458,-0.002991127266128344,-7.0576163298923404,6641.2906323192765,1.0
1,3,0.35,0.5,0.5,-1.817895547234295,7911.994786459223,0.9485528782998618,1.0297043132087698,184216819.18038902,2138809.5031844974,312108.58057204273,466938.42179232335,2.3432441732711915,1.0,-0.5541305991827961,-0.5330615782076766,-0.5313511653457617,-0.002991127266128344,-7.0576163298923404,6548.684068505567,1.0
1,4,0.35,0.5,0.5,-1.7230716656083058,7892.428466678374,0.9697315792529996,1.0673105806651373,183967687.89991242,2325750.678623538,294934.48898361553,441215.30956756603,2.31203676653273,1.0,-0.5786650157376921,-0.558784690432434,-0.537592646693454,-0.002991127266128344,-7.0576163298923404,6579.157083378148,1.0
1,5,0.35,0.5,0.5,-1.6497266865271472,7822.935159942529,1.0638163294045146,0.9994769214740039,166438255.69801778,1735254.8455207606,302968.1825341672,453801.2494209033,2.707876678108936,1.0,-0.5671883106654755,-0.5461987505790967,-0.45842466437821283,-0.002991127266128344,-7.0576163298923404,6143.10021875621,1.0
1,6,0.35,0.5,0.5,-2.282577825537979,7834.563892740656,0.985887760682283,0.9426014352016753,127978726.88533595,4185586.6198296123,311904.8420093892,466669.6425684895,2.639602347757298,1.0,-0.5544216542723012,-0.5333303574315105,-0.4720795304485404,-0.002991127266128344,-7.0576163298923404,704.3068801858008,1.0
1,7,0.35,0.5,0.5,-2.0202642097010854,7801.7439384205845,1.0099986147595286,0.9771553830224743,141959168.7865932,5307454.211587562,277247.9484297399,416104.4284025022,2.536467258866644,1.0,-0.6039315022432287,-0.5838955715974978,-0.49270654822667115,-0.002991127266128344,-7.0576163298923404,860.8240893035428,1.0
1,8,0.35,0.5,0.5,-1.480206380641981,7830.4478202155515,0.9341275736650453,1.001107344121397,193595800.77228242,3139632.149155553,285667.0279379791,428668.17992662353,2.4025195917064517,1.0,-0.591904245802887,-0.5713318200733765,-0.5194960816587096,-0.002991127266128344,-7.0576163298923404,6622.142573555091,1.0
1,9,0.35,0.5,0.5,-2.7857373230846263,7810.95451266615,0.8987448627677581,1.1238202899788543,104832243.9303142,2882589.723580033,455274.4609987727,681910.2606920643,2.24669576702137,1.0,-0.34960791285889614,-0.3180897393079357,-0.550660846595726,-0.002991127266128344,-7.0576163298923404,535.8277017431968,1.0
1,10,0.35,0.5,0.5,-2.717538269220693,7821.409676137033,1.0536726593315942,0.9846624290045021,92662395.89742103,2698252.9042310715,442015.42506185576,662155.3697751655,2.628680426778676,1.0,-0.3685493927687775,-0.3378446302248345,-0.47426391464426476,-0.002991127266128344,-7.0576163298923404,485.63461450930487,1.0
1,11,0.35,0.5,0.5,-1.4851005326445845,7721.6866387194395,0.9932622646711188,0.9720891187501443,176676012.51486897,6961346.383189756,318325.13678551995,477159.1966423737,2.6256950005392077,1.0,-0.5452498045921144,-0.5228408033576263,-0.47486099989215846,-0.002991127266128344,-7.0576163298923404,4658.019075330231,1.0
1,12,0.35,0.5,0.5,-2.290905575244519,7859.717385683056,0.956097141834271,1.075272417277323,149041946.66472632,5203330.326046844,285512.72819894797,427073.4962873944,2.3040843342788233,1.0,-0.5921246740015029,-0.5729265037126057,-0.5391831331442354,-0.002991127266128344,-7.0576163298923404,862.6445650523304,1.0
1,13,0.35,0.5,0.5,-2.1150204391671887,7749.526991211809,0.9894040475604723,1.0156144946392693,116615204.53034745,3851785.446236359,336670.49329124525,504260.80704176374,2.574705541369441,1.0,-0.5190421524410782,-0.49573919295823626,-0.4850588917261118,-0.002991127266128344,-7.0576163298923404,663.2752603503116,1.0
1,14,0.35,0.5,0.5,-2.3911911872269576,7869.040626804687,0.9255356239956005,1.051268078709079,144915185.3264886,4747200.036263265,315904.62388142396,472581.94180647423,2.267015989346248,1.0,-0.5487076801693943,-0.5274180581935257,-0.5465968021307505,-0.002991127266128344,-7.0576163298923404,801.0977913723766,1.0
1,15,0.35,0.5,0.5,-2.472990402789062,7806.088796741337,1.0817500464082297,0.947694485126038,98010167.38328363,3036048.5730474014,395641.62990412797,592646.5824558701,2.7502571632287225,1.0,-0.43479767156553145,-0.4073534175441299,-0.4499485673542555,-0.002991127266128344,-7.0576163298923404,531.9465939303421,1.0
1,16,0.35,0.5,0.5,-1.3998773652256398,7815.636376606374,0.9745871928052996,1.004917866163551,187807284.52017912,3140184.886468825,283117.1694919475,424839.107523157,2.4600094871191778,1.0,-0.5955469007257893,-0.575160892476843,-0.5079981025761644,-0.002991127266128344,-7.0576163298923404,6593.55094481686,1.0
1,17,0.35,0.5,0.5,-1.5577799629558093,7814.006254420121,1.037821150382398,1.0084982818237551,170759056.8805128,2047842.2546918034,277226.6892017598,415071.49281137437,2.591306991841193,1.0,-0.6039618725689145,-0.5849285071886257,-0.4817386016317614,-0.002991127266128344,-7.0576163298923404,6290.192233809929,1.0
1,18,0.35,0.5,0.5,-1.1298512797389793,7849.836666728625,1.050556407049035,0.9312533958522276,191116914.19082984,4571482.170133384,309974.0601031418,464889.3018544984,2.728179757516715,1.0,-0.5571799141383689,-0.5351106981455015,-0.454364048496657,-0.002991127266128344,-7.0576163298923404,6927.051292155106,1.0
1,19,0.35,0.5,0.5,-1.6847843293820166,7853.871015297021,0.9974357599395881,1.0265311896642708,176652232.07443076,2047136.7719717098,286467.37208314415,428750.08164908737,2.474236642947209,1.0,-0.5907608970240797,-0.5712499183509127,-0.5051526714105582,-0.002991127266128344,-7.0576163298923404,6371.090785917685,1.0
1,20,0.35,0.5,0.5,-2.0728866707993254,7824.748621343928,0.9531352398790898,0.9711252651135243,155129547.46449977,5886981.197235963,295162.74677787104,442866.28851002635,2.4810983177250017,1.0,-0.5783389331744699,-0.5571337114899736,-0.5037803364549996,-0.002991127266128344,-7.0576163298923404,944.6815971320422,1.0
1,21,0.35,0.5,0.5,-2.1899874315711076,7818.184158755908,1.0283895505761786,1.0344119805836738,130230348.13635664,4504997.580747505,284684.06751867675,425896.37908289384,2.4808789280005263,1.0,-0.593308474973319,-0.5741036209171062,-0.5038242143998948,-0.002991127266128344,-7.0576163298923404,754.3046636860842,1.0
1,22,0.35,0.5,0.5,-2.646199748827213,7846.193159821134,1.0027806010339728,1.0576583216707058,106879105.23220523,3159360.715426853,402746.39410789916,603042.2335703998,2.505443039625434,1.0,-0.4246480084172869,-0.3969577664296002,-0.4989113920749132,-0.002991127266128344,-7.0576163298923404,564.8864616876206,1.0
1,23,0.35,0.5,0.5,-2.5205443883300678,7870.256725350028,0.9430187308281237,1.0726822720932945,130851182.13335457,4044320.438105253,353813.21420821635,529399.9434242902,2.309532179204326,1.0,-0.4945525511311195,-0.47060005657570986,-0.5380935641591348,-0.002991127266128344,-7.0576163298923404,702.622595151534,1.0
1,24,0.35,0.5,0.5,-1.9405986830163289,7787.36895694096,1.0215522053366703,0.9945489070053791,144586009.82111827,5649028.008280839,281638.63056944346,422625.6064014565,2.540182884473561,1.0,-0.5976590991865094,-0.5773743935985435,-0.49196342310528773,-0.002991127266128344,-7.0576163298923404,908.2929897474439,1.0
1,25,0.35,0.5,0.5,-1.8859579288672168,7766.948883873104,1.0726690567268786,1.047859436285273,137124658.7857185,5414775.668831618,267360.44213297614,401238.7664923665,2.5196182089638346,1.0,-0.6180565112386055,-0.5987612335076334,-0.49607635820723306,-0.002991127266128344,-7.0576163298923404,877.0955308244264,1.0
1,26,0.35,0.5,0.5,-1.9917938905263177,7733.324000236789,1.0054344902407693,1.0334945168989687,119943615.06552982,4136102.4144959743,312390.851918538,467878.63600736053,2.550630772797574,1.0,-0.5537273544020886,-0.5321213639926394,-0.48987384544048523,-0.002991127266128344,-7.0576163298923404,704.3110325011182,1.0
1,27,0.35,0.5,0.5,-1.7478354773043494,7885.337981037891,1.0559197224528105,0.9865224045622689,165459578.63468027,1835360.7140138582,311161.3087700262,465779.1232649157,2.716954401290093,1.0,-0.5554838446142483,-0.5342208767350842,-0.4566091197419814,-0.002991127266128344,-7.0576163298923404,6373.453736152861,1.0
1,28,0.35,0.5,0.5,-2.50814700447163,7826.679767696802,0.9384952929603866,1.0254122376003763,116736616.01225737,3481076.3275303277,382760.14946299576,573067.3819544842,2.482541114070553,1.0,-0.4531997864814346,-0.42693261804551585,-0.5034917771858894,-0.002991127266128344,-7.0576163298923404,615.6467823575031,1.0
1,29,0.35,0.5,0.5,-1.1801431234813995,7879.536260523804,0.9735413069341418,1.0891785494981556,215202231.57714972,14434732.956926832,300118.1814651148,449887.93775187345,2.3990195988946867,1.0,-0.5712597407641217,-0.5501120622481266,-0.5201960802210627,-0.002991127266128344,-7.0576163298923404,8474.31928715963,1.0
1,30,0.35,0.5,0.5,-2.594165457165536,7929.833396895604,0.9992427684060857,0.9268870626695572,127080918.54118326,3925727.102581572,352181.70601586386,526923.9943697092,2.7152916189020795,1.0,-0.4968832771201945,-0.47307600563029084,-0.4569416762195841,-0.002991127266128344,-7.0576163298923404,664.5870538776138,1.0
1,31,0.35,0.5,0.5,-1.4154022974693168,7744.624421462718,1.0441796532071748,0.9879887520028013,170049623.75221342,1847807.2190544321,284060.5289706533,425571.0472800026,2.6696547497172127,1.0,-0.5941992443276382,-0.5744289527199974,-0.46606905005655747,-0.002991127266128344,-7.0576163298923404,6037.141915854174,1.0
1,32,0.35,0.5,0.5,-2.5992052745839986,7797.881759982821,0.9784699076923341,1.0028403841545857,100046790.03303033,2909734.2834338075,431386.470754389,646234.1411076273,2.4177680195158473,1.0,-0.3837336132080157,-0.3537658588923727,-0.5164463960968305,-0.002991127266128344,-7.0576163298923404,523.7869024654611,1.0
1,33,0.35,0.5,0.5,-3.1880682277007,7842.044533416776,1.0482955014454927,0.9519299129509257,80506490.70691177,2133155.958881437,529075.5155715088,792716.4631639216,3.7673233881768824,1.0,-0.2441778348978446,-0.2072835368360784,-0.24653532236462353,-0.002991127266128344,-7.0576163298923404,394.91508924991973,1.0
1,34,0.35,0.5,0.5,-1.9143747239957272,7827.955451258171,1.0137934112117306,0.9496106724540067,178680110.9030586,12944406.747734984,297390.59866686165,445829.9563672799,2.6918481579194133,1.0,-0.575156287618769,-0.5541700436327202,-0.4616303684161173,-0.002991127266128344,-7.0576163298923404,1892.4934601202679,1.0
1,35,0.35,0.5,0.5,-1.3238821189563796,7894.901077640392,1.0968459874003884,0.9800647723076474,171804412.56252784,2691324.6509417803,279656.20244281756,419705.2850086608,2.649701888620274,1.0,-0.6004911393674035,-0.5802947149913392,-0.47005962227594517,-0.002991127266128344,-7.0576163298923404,6739.397647786568,1.0
1,36,0.35,0.5,0.5,-1.2679536796060202,7764.19279509506,1.006977017010074,1.0175457357831543,182772133.28097916,3178727.2592908433,277000.5575373932,415656.0567239314,2.4877982356633908,1.0,-0.6042849178037241,-0.5843439432760686,-0.5024403528673218,-0.002991127266128344,-7.0576163298923404,6473.3376743475765,1.0
1,37,0.35,0.5,0.5,-0.5380913542277239,7832.238151674662,0.9586492889529026,0.9898949306693906,205994271.35722804,4280150.934344078,308468.2677670906,461998.76325642626,2.5346042288473303,1.0,-0.5593310460470134,-0.5380012367435738,-0.49307915423053394,-0.002991127266128344,-7.0576163298923404,11890.993828111501,1.0
1,38,0.35,0.5,0.5,-2.3424432909031903,7777.664953764666,1.0318232212546066,0.8457425196583682,100360528.5702379,3116154.6223979667,397185.54888797004,595046.1409602382,2.8774804357708033,1.0,-0.43259207301718566,-0.40495385903976183,-0.4245039128458393,-0.002991127266128344,-7.0576163298923404,538.857296109861,1.0
1,39,0.35,0.5,0.5,-2.4016722120818326,7784.548410854211,1.0882536113562458,1.0108681889515654,98462285.13893074,3113167.5160073335,386006.48111938,578236.1463218859,2.651755311569626,1.0,-0.4485621698294572,-0.42176385367811414,-0.46964893768607474,-0.002991127266128344,-7.0576163298923404,547.3866804235606,1.0
1,40,0.35,0.5,0.5,-1.9334567918561298,7888.606463583548,1.0416217747030831,0.9926722819501282,169389595.94812217,1615128.769394411,337564.57727400225,505758.22517884994,2.68501434964132,1.0,-0.5177648896085683,-0.49424177482115006,-0.462997130071736,-0.002991127266128344,-7.0576163298923404,5945.579030607943,1.0
1,41,0.35,0.5,0.5,-1.5268717695826153,7847.36570409143,1.0299755252342762,0.9974363344412872,173373937.18267298,2352321.8628705563,267153.98628551106,399645.65842366754,2.536769255145896,1.0,-0.6183514481635556,-0.6003543415763325,-0.4926461489708208,-0.002991127266128344,-7.0576163298923404,6502.301957544017,1.0
1,42,0.35,0.5,0.5,-1.7944612850444681,7840.046470294924,0.9836193013477166,0.9086165139922515,174905984.838477,1573019.525307581,330232.76933181775,494805.17191129696,2.757331392881068,1.0,-0.5282389009545461,-0.5051948280887031,-0.44853372142378645,-0.002991127266128344,-7.0576163298923404,5925.695782496069,1.0
1,43,0.35,0.5,0.5,-2.876160682139804,7759.535215483436,1.015247654706794,1.0076227438893504,82632063.1280554,2285681.3366355198,504189.5468129252,755584.2253441766,3.5874534621505854,1.0,-0.2797292188386783,-0.24441577465582337,-0.2825093075698829,-0.002991127266128344,-7.0576163298923404,422.43786876033664,1.0
1,44,0.35,0.5,0.5,-1.9600217008240772,7920.022241469413,1.025335186366291,0.8967050995168053,167152980.955449,1644688.6953306696,347900.57276141644,521104.3887154687,2.864916788642909,1.0,-0.5029991817694051,-0.4788956112845313,-0.42701664227141817,-0.002991127266128344,-7.0576163298923404,6165.830594005269,1.0
1,45,0.35,0.5,0.5,-2.0256344985099632,7799.403491573221,0.8918803550486916,1.0396319896468964,163470539.49459946,6158783.190195199,292695.2222888292,439127.9073802567,2.285581979265998,1.0,-0.5818639681588154,-0.5608720926197434,-0.5428836041468004,-0.002991127266128344,-7.0576163298923404,997.264209094998,1.0
1,46,0.35,0.5,0.5,-2.1421587314137733,7978.685057363715,0.9915155076788469,1.101817326261727,177346674.6276648,1636908.977953233,344264.575854467,515413.5072152691,2.4336288770654777,1.0,-0.5081934630650472,-0.4845864927847309,-0.5132742245869044,-0.002991127266128344,-7.0576163298923404,6271.650771121039,1.0
1,47,0.35,0.5,0.5,-2.42616968171388,7843.429470164558,0.9948291501150404,0.9673868381189956,118500112.78181027,3694932.4484497746,350233.99173946795,524219.64224074787,2.6807253999288854,1.0,-0.49966572608647436,-0.47578035775925215,-0.4638549200142229,-0.002991127266128344,-7.0576163298923404,636.2672688107963,1.0
1,48,0.35,0.5,0.5,-2.1990924922508843,7790.88637220179,1.0018759733553713,0.9814901286637244,120609661.52582929,3972833.6938454243,321081.1325107126,480718.9849653419,2.6422044666240114,1.0,-0.5413126678418392,-0.5192810150346581,-0.47155910667519774,-0.002991127266128344,-7.0576163298923404,676.642168387321,1.0
1,49,0.35,0.5,0.5,-2.22761107554643,7836.304385167563,0.9446358365694124,0.9622858383034997,141277062.6784833,4768508.75106584,289896.71881647996,433670.3586771183,2.4442087727216886,1.0,-0.5858618302621715,-0.5663296413228817,-0.5111582454556622,-0.002991127266128344,-7.0576163298923404,791.828611625179,1.0
1,50,0.35,0.5,0.5,-1.0124945956581437,7862.794974389018,0.9825843491283689,1.0430357734833346,207814568.2653362,7553610.228799266,348091.3945877908,521766.7786873046,2.436803122675197,1.0,-0.5027265791602988,-0.4782332213126954,-0.5126393754649606,-0.002991127266128344,-7.0576163298923404,10963.21969278088,1.0
1,51,0.35,0.5,0.5,-2.0604489977312914,7789.458218768182,0.976340653065025,1.038482722525763,139713015.36898175,4972642.201215768,263912.52791832475,394791.7634698481,2.3762711162556354,1.0,-0.6229821029738218,-0.6052082365301519,-0.5247457767488729,-0.002991127266128344,-7.0576163298923404,825.2291780915173,1.0
1,52,0.35,0.5,0.5,-2.948742527010138,7899.394375041036,0.9610532890307297,0.9381724543723113,101476308.63417202,2747328.6207721327,468131.5108445053,700974.1868355421,2.535563194580119,1.0,-0.3312406987935639,-0.2990258131644579,-0.49288736108397624,-0.002991127266128344,-7.0576163298923404,496.83859849916956,1.0
1,53,0.35,0.5,0.5,-2.0956393725696962,7857.783221884723,1.0214710264267637,1.0229783103371661,162348865.51791552,7235973.784702553,305995.6239329989,458930.3732155192,2.516521912239813,1.0,-0.5628633943814301,-0.5410696267844809,-0.4966956175520374,-0.002991127266128344,-7.0576163298923404,1123.8502975660342,1.0
1,54,0.35,0.5,0.5,-2.3368540039181447,7809.585515403929,1.1106440459915552,0.9238922402190792,103380910.08269984,3356096.0941099795,356287.576990842,533604.3485358256,2.9341715359710143,1.0,-0.49101774715594,-0.4663956514641744,-0.4131656928057971,-0.002991127266128344,-7.0576163298923404,574.978444970729,1.0
1,55,0.35,0.5,0.5,-1.7785274515145275,7807.102628790817,0.9636406310428435,0.9569832917209924,179726264.07536665,3093085.491212431,337392.54968425183,505705.1275503029,2.5957904284960662,1.0,-0.5180106433082117,-0.4942948724496971,-0.48084191430078677,-0.002991127266128344,-7.0576163298923404,5323.8256941527725,1.0
1,56,0.35,0.5,0.5,-2.1585841443421834,7877.473085450335,1.017617266285769,1.0213794009777188,163607723.03423247,7286592.221861435,308736.8882582474,463037.7992702868,2.5084207781231678,1.0,-0.558947302488218,-0.5369622007297132,-0.49831584437536647,-0.002991127266128344,-7.0576163298923404,1130.3575430867743,1.0
1,57,0.35,0.5,0.5,-1.8675222955781103,7794.053670456496,0.9156826833322094,0.9753052716776519,178808295.89710307,8890490.116553491,316001.8236773293,473853.93008777534,2.461441279073286,1.0,-0.548568823318101,-0.5261460699122247,-0.5077117441853428,-0.002991127266128344,-7.0576163298923404,1354.9471630023543,1.0
1,58,0.35,0.5,0.5,-1.8372814088242213,7778.617993524964,1.0683122415484134,1.0128522704657437,149347060.16492894,6521636.740544197,290272.0614582038,435426.4459241918,2.6064545265316097,1.0,-0.5853256264882802,-0.5645735540758082,-0.47870909469367806,-0.002991127266128344,-7.0576163298923404,1024.106035576568,1.0
1,59,0.35,0.5,0.5,-1.610873595635946,7866.294787542555,1.0342197013559038,0.9606391495219309,169202978.09611112,2102365.3319088263,287430.3590344108,430032.8553679422,2.664392782431315,1.0,-0.5893852013794132,-0.5699671446320578,-0.46712144351373697,-0.002991127266128344,-7.0576163298923404,6469.957923863464,1.0
2,0,0.65,0.5,0.5,-2.2608478279245143,7853.014085025692,1.010981445100528,1.061365077556289,141881583.39771697,5772036.548115833,248160.4422173845,392500.87883989216,2.1181476163303734,0.0,-0.6454850825465936,-0.6074991211601078,-0.5763704767339253,-0.0026853624388898266,1.622987663037545,955.950640798129,1.0
2,1,0.65,0.5,0.5,-1.6959674404494893,7770.73630175272,0.9187952688024181,0.9653143373041384,170938941.4916492,4945560.024726873,314803.54122220626,497451.2060626899,2.1546349281478214,0.0,-0.5502806553968482,-0.5025487939373101,-0.5690730143704357,-0.0026853624388898266,1.622987663037545,5009.773963816152,1.0
2,2,0.65,0.5,0.5,-1.6074877696621768,7874.436257517294,0.9667838396610273,1.0529759800097251,184899670.98151597,3277252.74136052,251613.0335320365,397947.926793929,2.072557405508978,0.0,-0.640552809239948,-0.602052073206071,-0.5854885188982044,-0.0026853624388898266,1.622987663037545,6771.965533426355,1.0
2,3,0.65,0.5,0.5,-1.817895547234295,7911.994786459223,0.9485528782998618,1.0297043132087698,182456640.59798813,2547842.526354226,278152.075122668,438676.346160634,2.0641105200250034,0.0,-0.6026398926819029,-0.561323653839366,-0.5871778959949994,-0.0026853624388898266,1.622987663037545,6663.949780092168,1.0
2,4,0.65,0.5,0.5,-1.7230716656083058,7892.428466678374,0.9697315792529996,1.0673105806651373,182367952.1653543,2817344.2887622826,262767.51180967013,414389.1858297162,2.0523625150980824,0.0,-0.6246178402718998,-0.5856108141702837,-0.5895274969803835,-0.0026853624388898266,1.622987663037545,6701.405893191425,1.0
2,5,0.65,0.5,0.5,-1.6497266865271472,7822.935159942529,1.0638163294045146,0.9994769214740039,160790625.29752266,1840976.9054363852,261320.3886930234,412531.978764463,2.294382513071273,0.0,-0.6266851590099667,-0.587468021235537,-0.5411234973857454,-0.0026853624388898266,1.622987663037545,6210.561324855794,1.0
2,6,0.65,0.5,0.5,-2.282577825537979,7834.563892740656,0.985887760682283,0.9426014352016753,128913511.73202944,4739749.806697662,275368.7783490609,434303.54736833123,2.220549587098039,0.0,-0.606616030929913,-0.5656964526316688,-0.5558900825803922,-0.0026853624388898266,1.622987663037545,803.9698220269046,1.0
2,7,0.65,0.5,0.5,-2.0202642097010854,7801.7439384205845,1.0099986147595286,0.9771553830224743,142581051.65712273,6112129.152505409,254918.9523928276,403145.8991852121,2.2567449334573526,0.0,-0.6358300680102463,-0.596854100814788,-0.5486510133085295,-0.0026853624388898266,1.622987663037545,993.0015681150777,1.0
2,8,0.65,0.5,0.5,-1.480206380641981,7830.4478202155515,0.9341275736650453,1.001107344121397,190569313.03570408,3835585.27417913,262749.5893794966,415488.8379114335,2.1113266076306907,0.0,-0.6246434437435763,-0.5845111620885665,-0.5777346784738618,-0.0026853624388898266,1.622987663037545,6758.915566335735,1.0
2,9,0.65,0.5,0.5,-2.7857373230846263,7810.95451266615,0.8987448627677581,1.1238202899788543,105181782.76918678,3211348.448325609,395513.6875847712,624237.0141681692,1.9179457220440617,0.0,-0.43498044630746974,-0.37576298583183076,-0.6164108555911877,-0.0026853624388898266,1.622987663037545,609.3333878938632,1.0
2,10,0.65,0.5,0.5,-2.717538269220693,7821.409676137033,1.0536726593315942,0.9846624290045021,90653702.57621956,2893463.707656715,388729.8605652306,613763.046606567,2.270262650873047,0.0,-0.4446716277639563,-0.386236953393433,-0.5459474698253907,-0.0026853624388898266,1.622987663037545,530.9603779704742,1.0
2,11,0.65,0.5,0.5,-1.4851005326445845,7721.6866387194395,0.9932622646711188,0.9720891187501443,165691223.98079723,4504387.930256734,292205.2314307991,461719.5734991637,2.2846571133066673,0.0,-0.5825639550988584,-0.5382804265008364,-0.5430685773386665,-0.0026853624388898266,1.622987663037545,5057.901852321042,1.0
2,12,0.65,0.5,0.5,-2.290905575244519,7859.717385683056,0.956097141834271,1.075272417277323,150344463.37842828,6166933.918907069,259633.06206188476,410599.3626700293,2.0160232507033125,0.0,-0.6290956256258788,-0.5894006373299707,-0.5967953498593375,-0.0026853624388898266,1.622987663037545,1016.8442352075335,1.0
2,13,0.65,0.5,0.5,-2.1150204391671887,7749.526991211809,0.9894040475604723,1.0156144946392693,116201290.2059893,4245776.77025874,286903.4230644781,452859.35305677383,2.1749260168849465,0.0,-0.5901379670507456,-0.5471406469432262,-0.5650147966230107,-0.0026853624388898266,1.622987663037545,742.0136624888041,1.0
2,14,0.65,0.5,0.5,-2.3911911872269576,7869.040626804687,0.9255356239956005,1.051268078709079,147486438.58793575,5609724.173225718,279035.18828384933,440039.1533275981,2.000121705865448,0.0,-0.6013783024516438,-0.5599608466724019,-0.5999756588269104,-0.0026853624388898266,1.622987663037545,944.009944184438,1.0
2,15,0.65,0.5,0.5,-2.472990402789062,7806.088796741337,1.0817500464082297,0.947694485126038,96084245.04338196,3264179.7810657136,346214.26065673365,546596.0555928792,2.4672424392320065,0.0,-0.5054081990618091,-0.45340394440712084,-0.5065515121535987,-0.0026853624388898266,1.622987663037545,581.7986868592214,1.0
2,16,0.65,0.5,0.5,-1.3998773652256398,7815.636376606374,0.9745871928052996,1.004917866163551,184763483.65464053,3804275.023118238,258521.1285531644,408798.33568064275,2.1695110811532587,0.0,-0.630684102066908,-0.5912016643193573,-0.5660977837693483,-0.0026853624388898266,1.622987663037545,6724.447729423493,1.0
2,17,0.65,0.5,0.5,-1.5577799629558093,7814.006254420121,1.037821150382398,1.0084982818237551,166705362.22826934,2306363.0747544793,235894.2723375354,372134.1782975349,2.1964815251872847,0.0,-0.6630081823749494,-0.6278658217024652,-0.560703694962543,-0.0026853624388898266,1.622987663037545,6372.584703673248,1.0
2,18,0.65,0.5,0.5,-1.1298512797389793,7849.836666728625,1.050556407049035,0.9312533958522276,185701997.8025661,6050826.732922498,279939.2945012909,442489.0715806052,2.411675264071351,0.0,-0.600086722141013,-0.5575109284193949,-0.5176649471857299,-0.0026853624388898266,1.622987663037545,7163.540743073639,1.0
2,19,0.65,0.5,0.5,-1.6847843293820166,7853.871015297021,0.9974357599395881,1.0265311896642708,173462148.8921854,2355263.7225504154,251942.62724205834,397352.8471638978,2.121021902661161,0.0,-0.6400819610827738,-0.6026471528361022,-0.5757956194677678,-0.0026853624388898266,1.622987663037545,6466.549403564371,1.0
2,20,0.65,0.5,0.5,-2.0728866707993254,7824.748621343928,0.9531352398790898,0.9711252651135243,155041794.310242,6959679.176365231,273979.6782044935,433198.84316556534,2.178959002206231,0.0,-0.6086004597078665,-0.5668011568344348,-0.5642081995587538,-0.0026853624388898266,1.622987663037545,1111.5721012907072,1.0
2,21,0.65,0.5,0.5,-2.1899874315711076,7818.184158755908,1.0283895505761786,1.0344119805836738,131696467.79511411,5159169.326524639,251173.15497259467,396113.05571938434,2.172498887237377,0.0,-0.6411812071820076,-0.6038869442806156,-0.5655002225525246,-0.0026853624388898266,1.622987663037545,868.5738678923024,1.0
2,22,0.65,0.5,0.5,-2.646199748827213,7846.193159821134,1.0027806010339728,1.0576583216707058,107299477.43889385,3524801.8745298004,353073.63925562607,557058.2922869979,2.1891302727751722,0.0,-0.49560908677767707,-0.4429417077130021,-0.5621739454449656,-0.0026853624388898266,1.622987663037545,640.5609465425096,1.0
2,23,0.65,0.5,0.5,-2.5205443883300678,7870.256725350028,0.9430187308281237,1.0726822720932945,134248449.11781588,4736136.034437432,312780.26972881414,493326.5934004826,1.9793895659997707,0.0,-0.5531710432445512,-0.5066734065995174,-0.6041220868000459,-0.0026853624388898266,1.622987663037545,826.1536220767485,1.0
2,24,0.65,0.5,0.5,-1.9405986830163289,7787.36895694096,1.0215522053366703,0.9945489070053791,144826027.1342743,6522790.7709862,257398.03406448665,407012.84410078335,2.2533349806385203,0.0,-0.6322885227650191,-0.5929871558992167,-0.5493330038722959,-0.0026853624388898266,1.622987663037545,1049.361090122588,1.0
2,25,0.65,0.5,0.5,-1.8859579288672168,7766.948883873104,1.0726690567268786,1.047859436285273,137557092.5438779,6186791.256978603,243647.98039276776,385304.3696101272,2.243431368347718,0.0,-0.6519314565817603,-0.6146956303898728,-0.5513137263304564,-0.0026853624388898266,1.622987663037545,1005.4374779867637,1.0
2,26,0.65,0.5,0.5,-1.9917938905263177,7733.324000236789,1.0054344902407693,1.0334945168989687,119663799.93525703,4571112.780212284,264242.017372553,417066.93228171626,2.127986268132547,0.0,-0.6225114037534957,-0.5829330677182838,-0.5744027463734905,-0.0026853624388898266,1.622987663037545,788.9321591843159,1.0
2,27,0.65,0.5,0.5,-1.7478354773043494,7885.337981037891,1.0559197224528105,0.9865224045622689,161479787.41748852,1999771.2686007142,273686.23993917805,431686.96075003105,2.2595061464643305,0.0,-0.6090196572297456,-0.5683130392499689,-0.5480987707071339,-0.0026853624388898266,1.622987663037545,6449.8577436635505,1.0
2,28,0.65,0.5,0.5,-2.50814700447163,7826.679767696802,0.9384952929603866,1.0254122376003763,117967639.67036673,3926947.424479811,334656.1556208988,527954.1820828574,2.0789211027189465,0.0,-0.5219197776844302,-0.4720458179171426,-0.5842157794562107,-0.0026853624388898266,1.622987663037545,704.4651571628223,1.0
2,29,0.65,0.5,0.5,-1.1801431234813995,7879.536260523804,0.9735413069341418,1.0891785494981556,189868203.0862378,14156105.459447589,335380.9344789004,530032.0874913926,2.183717794585274,0.0,-0.5208843793158566,-0.46996791250860737,-0.5632564410829451,-0.0026853624388898266,1.622987663037545,9900.162961292534,1.0
2,30,0.65,0.5,0.5,-2.594165457165536,7929.833396895604,0.9992427684060857,0.9268870626695572,128714368.69638498,4509771.765287029,313102.2412494767,493810.46824242285,2.253818328123403,0.0,-0.552711083929319,-0.5061895317575772,-0.5492363343753194,-0.0026853624388898266,1.622987663037545,767.99213113969,1.0
2,31,0.65,0.5,0.5,-1.4154022974693168,7744.624421462718,1.0441796532071748,0.9879887520028013,163771523.61791128,1987265.7540443768,247174.59839061854,390329.1347799015,2.2721062864214527,0.0,-0.6468934308705448,-0.6096708652200985,-0.5455787427157095,-0.0026853624388898266,1.622987663037545,6102.068821103206,1.0
2,32,0.65,0.5,0.5,-2.5992052745839986,7797.881759982821,0.9784699076923341,1.0028403841545857,98564091.03183243,3151357.0406958153,376302.75250039727,594124.6623886152,2.1875213338349484,0.0,-0.46242463928514677,-0.4058753376113848,-0.5624957332330103,-0.0026853624388898266,1.622987663037545,578.259100014477,1.0
2,33,0.65,0.5,0.5,-3.1880682277007,7842.044533416776,1.0482955014454927,0.9519299129509257,77834253.99359334,2250056.9522320707,471647.05272650835,744856.5397624818,3.3256144400459466,0.0,-0.32621849610498804,-0.25514346023751816,-0.33487711199081066,-0.0026853624388898266,1.622987663037545,426.48783574815377,1.0
2,34,0.65,0.5,0.5,-1.9143747239957272,7827.955451258171,1.0137934112117306,0.9496106724540067,165548154.5683597,15080223.630289191,287309.55430599593,454018.6515195466,2.357370135085598,0.0,-0.5895577795628629,-0.5459813484804534,-0.5285259729828804,-0.0026853624388898266,1.622987663037545,3523.15460931373,1.0
2,35,0.65,0.5,0.5,-1.3238821189563796,7894.901077640392,1.0968459874003884,0.9800647723076474,169086670.06108654,3280770.6436583325,258700.8825090034,409120.45183913363,2.348846815096461,0.0,-0.6304273107014238,-0.5908795481608664,-0.5302306369807078,-0.0026853624388898266,1.622987663037545,6863.091512831733,1.0
2,36,0.65,0.5,0.5,-1.2679536796060202,7764.19279509506,1.006977017010074,1.0175457357831543,179582551.46629688,3770632.1048713056,248821.68147844117,393459.7643283132,2.205037467919796,0.0,-0.6445404550307984,-0.6065402356716868,-0.5589925064160408,-0.0026853624388898266,1.622987663037545,6592.026043294404,1.0
2,37,0.65,0.5,0.5,-0.5380913542277239,7832.238151674662,0.9586492889529026,0.9898949306693906,199235864.99602687,4102410.59173042,264353.87261140643,417257.7331823821,2.119917581989242,0.0,-0.6223516105551337,-0.582742266817618,-0.5760164836021515,-0.0026853624388898266,1.622987663037545,11952.940013268215,1.0
2,38,0.65,0.5,0.5,-2.3424432909031903,7777.664953764666,1.0318232212546066,0.8457425196583682,97761267.23152035,3317946.120605292,349174.46747910115,551384.9214724249,2.5754199505767352,0.0,-0.5011793321727126,-0.44861507852757515,-0.48491600988465294,-0.0026853624388898266,1.622987663037545,583.5407186689131,1.0
2,39,0.65,0.5,0.5,-2.4016722120818326,7784.548410854211,1.0882536113562458,1.0108681889515654,96692066.95919266,3355148.7323844,336671.8064089056,531554.7499654323,2.370324936420856,0.0,-0.5190402765587063,-0.46844525003456766,-0.5259350127158288,-0.0026853624388898266,1.622987663037545,600.3115554009759,1.0
2,40,0.65,0.5,0.5,-1.9334567918561298,7888.606463583548,1.0416217747030831,0.9926722819501282,161538352.87627864,1558771.6543605614,296493.29732042155,468217.6135417481,2.341159500941071,0.0,-0.5764381466851121,-0.5317823864582518,-0.5317680998117857,-0.0026853624388898266,1.622987663037545,6021.669081570276,1.0
2,41,0.65,0.5,0.5,-1.5268717695826153,7847.36570409143,1.0299755252342762,0.9974363344412872,170837536.89138836,2770440.07109531,238276.71965724847,375759.11996799684,2.235182742921453,0.0,-0.6596046862039308,-0.6242408800320032,-0.5529634514157095,-0.0026853624388898266,1.622987663037545,6604.93609405375,1.0
2,42,0.65,0.5,0.5,-1.7944612850444681,7840.046470294924,0.9836193013477166,0.9086165139922515,166819287.4961042,1558491.0716580488,290607.52267226914,458969.0948298494,2.3919171824362895,0.0,-0.5848463961824727,-0.5410309051701506,-0.5216165635127421,-0.0026853624388898266,1.622987663037545,5996.19004297203,1.0
2,43,0.65,0.5,0.5,-2.876160682139804,7759.535215483436,1.015247654706794,1.0076227438893504,79678566.30728498,2399382.9864027733,448866.5352485683,709057.8559296436,3.2118242643039427,0.0,-0.3587620925020453,-0.2909421440703564,-0.35763514713921146,-0.0026853624388898266,1.622987663037545,453.8632190483157,1.0
2,44,0.65,0.5,0.5,-1.9600217008240772,7920.022241469413,1.025335186366291,0.8967050995168053,160445081.5181839,1645364.1286189272,304339.86661216407,480437.54449192615,2.492074725372587,0.0,-0.5652287619826227,-0.5195624555080739,-0.5015850549254826,-0.0026853624388898266,1.622987663037545,6228.664749269946,1.0
2,45,0.65,0.5,0.5,-2.0256344985099632,7799.403491573221,0.8918803550486916,1.0396319896468964,163048393.81510967,7322805.6391076865,274917.78956721356,434662.3653638421,1.9865077183156479,0.0,-0.6072603006182663,-0.5653376346361579,-0.6026984563368705,-0.0026853624388898266,1.622987663037545,1178.0206773680322,1.0
2,46,0.65,0.5,0.5,-2.1421587314137733,7978.685057363715,0.9915155076788469,1.101817326261727,173150247.89483064,1685084.2000412217,305092.0038226358,481262.29501975916,1.9935760378355665,0.0,-0.5641542802533774,-0.5187377049802409,-0.6012847924328867,-0.0026853624388898266,1.622987663037545,6378.5145467995035,1.0
2,47,0.65,0.5,0.5,-2.42616968171388,7843.429470164558,0.9948291501150404,0.9673868381189956,119183403.0613606,4148166.736457163,308679.693108014,486911.5862687822,2.2120121391733387,0.0,-0.5590290098456943,-0.5130884137312178,-0.5575975721653322,-0.0026853624388898266,1.622987663037545,722.7648243916972,1.0
2,48,0.65,0.5,0.5,-2.1990924922508843,7790.88637220179,1.0018759733553713,0.9814901286637244,120843766.4664279,4430581.257876787,276451.3560376783,436070.77657181566,2.189350365913086,0.0,-0.6050694913747453,-0.5639292234281844,-0.5621299268173827,-0.0026853624388898266,1.622987663037545,763.5900079251373,1.0
2,49,0.65,0.5,0.5,-2.22761107554643,7836.304385167563,0.9446358365694124,0.9622858383034997,142971924.94652796,5521450.876784861,256274.89245351066,404138.61792224937,2.167091762351307,0.0,-0.633893010780699,-0.5958613820777506,-0.5665816475297386,-0.0026853624388898266,1.622987663037545,918.9003705439408,1.0
2,50,0.65,0.5,0.5,-1.0124945956581437,7862.794974389018,0.9825843491283689,1.0430357734833346,193959599.51405728,6831454.8296180535,318011.61180439946,502477.4934447104,2.1164819939750874,0.0,-0.5456976974222865,-0.4975225065552896,-0.5767036012049825,-0.0026853624388898266,1.622987663037545,11135.992557978489,1.0
2,51,0.65,0.5,0.5,-2.0604489977312914,7789.458218768182,0.976340653065025,1.038482722525763,141295722.5522344,5731856.34797669,240729.07553245663,380778.0462100503,2.113855660829724,0.0,-0.6561013206679192,-0.6192219537899496,-0.5772288678340552,-0.0026853624388898266,1.622987663037545,954.4229226927312,1.0
2,52,0.65,0.5,0.5,-2.948742527010138,7899.394375041036,0.9610532890307297,0.9381724543723113,100896960.47655964,3020661.2291315664,414901.17073676974,654744.1201547231,2.3132265435307335,0.0,-0.40728404180461464,-0.34525587984527695,-0.5373546912938533,-0.0026853624388898266,1.622987663037545,556.2139988296647,1.0
2,53,0.65,0.5,0.5,-2.0956393725696962,7857.783221884723,1.0214710264267637,1.0229783103371661,159759754.85998762,9487602.600648379,282374.03984522395,446326.1563974884,2.211803875290708,0.0,-0.596608514506823,-0.5536738436025116,-0.5576392249418584,-0.0026853624388898266,1.622987663037545,1448.2063112189103,1.0
2,54,0.65,0.5,0.5,-2.3368540039181447,7809.585515403929,1.1106440459915552,0.9238922402190792,101792599.28790082,3632354.0144621353,309851.63013337826,489069.07238057227,2.5792156635263606,0.0,-0.557354814095174,-0.5109309276194277,-0.4841568672947279,-0.0026853624388898266,1.622987663037545,631.7336014555052,1.0
2,55,0.65,0.5,0.5,-1.7785274515145275,7807.102628790817,0.9636406310428435,0.9569832917209924,168500743.34533536,2393568.003706944,305694.77311373816,482987.57198676415,2.2631466853612165,0.0,-0.5632931812660883,-0.5170124280132359,-0.5473706629277567,-0.0026853624388898266,1.622987663037545,5497.475871916158,1.0
2,56,0.65,0.5,0.5,-2.1585841443421834,7877.473085450335,1.017617266285769,1.0213794009777188,160394197.437324,9795764.070671393,285900.3701494153,451894.1748713332,2.2041528316763745,0.0,-0.5915708997865496,-0.5481058251286668,-0.559169433664725,-0.0026853624388898266,1.622987663037545,1489.2830566108976,1.0
2,57,0.65,0.5,0.5,-1.8675222955781103,7794.053670456496,0.9156826833322094,0.9753052716776519,174838184.61161235,12561319.32229558,283225.48443449545,447615.63923921686,2.154353576982013,0.0,-0.595392165093578,-0.5523843607607831,-0.5691292846035975,-0.0026853624388898266,1.622987663037545,1875.873922209544,1.0
2,58,0.65,0.5,0.5,-1.8372814088242213,7778.617993524964,1.0683122415484134,1.0128522704657437,148544340.74633193,7672022.674541145,263712.1518342994,416895.9288327405,2.299855726793254,0.0,-0.6232683545224295,-0.5831040711672595,-0.5400288546413492,-0.0026853624388898266,1.622987663037545,1200.712424230333,1.0
2,59,0.65,0.5,0.5,-1.610873595635946,7866.294787542555,1.0342197013559038,0.9606391495219309,166127988.3431357,2403835.429207143,256132.1657710187,403949.9361564115,2.2668097142494616,0.0,-0.6340969060414018,-0.5960500638435886,-0.5466380571501077,-0.0026853624388898266,1.622987663037545,6558.500917186887,1.0
3,0,0.5,0.4,0.65,-2.2608478279245143,7853.014085025692,1.010981445100528,1.061365077556289,118741806.99302232,4839053.436917914,245554.92263365412,374912.99042180186,2.2791826992545,1.0,-0.6492072533804941,-0.6250870095781982,-0.5441634601491,-0.0033401451274560606,-3.742413995017987,812.5231536052457,1.0
3,1,0.5,0.4,0.65,-1.6959674404494893,7770.73630175272,0.9187952688024181,0.9653143373041384,165718156.55316117,19194092.217087742,240834.41569049572,368430.7360235954,2.3373271110851466,1.0,-0.6559508347278632,-0.6315692639764047,-0.5325345777829706,-0.0033401451274560606,-3.742413995017987,2860.6520948012494,1.0
3,2,0.5,0.4,0.65,-1.6074877696621768,7874.436257517294,0.9667838396610273,1.0529759800097251,152596914.4702813,2005239.2085023473,267594.2770170131,408633.8925181735,2.2083136789472446,1.0,-0.617722461404267,-0.5913661074818266,-0.5583372642105511,-0.0033401451274560606,-3.742413995017987,6491.600981895457,1.0
3,3,0.5,0.4,0.65,-1.817895547234295,7911.994786459223,0.9485528782998618,1.0297043132087698,152355104.5106828,1744399.04640284,292588.1369867572,446868.66547595896,2.2825939935940194,1.0,-0.5820169471617754,-0.5531313345240411,-0.5434812012811961,-0.0033401451274560606,-3.742413995017987,6405.935535858743,1.0
3,4,0.5,0.4,0.65,-1.7230716656083058,7892.428466678374,0.9697315792529996,1.0673105806651373,151375090.2290765,1828079.7388866001,280446.2507835516,428293.18790662737,2.2199547316869426,1.0,-0.5993624988806405,-0.5717068120933727,-0.5560090536626114,-0.0033401451274560606,-3.742413995017987,6436.442192239733,1.0
3,5,0.5,0.4,0.65,-1.6497266865271472,7822.935159942529,1.0638163294045146,0.9994769214740039,139257619.68321082,1582442.5596444423,287547.8808649652,439690.5167839361,2.5517931313856024,1.0,-0.5892173130500497,-0.5603094832160638,-0.4896413737228795,-0.0033401451274560606,-3.742413995017987,5976.097073024331,1.0
3,6,0.5,0.4,0.65,-2.282577825537979,7834.563892740656,0.985887760682283,0.9426014352016753,108211346.86507054,4104885.6061845133,271490.3715042509,414602.87600200635,2.466234202288443,1.0,-0.6121566121367844,-0.5853971239979936,-0.5067531595423114,-0.0033401451274560606,-3.742413995017987,699.6706989247724,1.0
3,7,0.5,0.4,0.65,-2.0202642097010854,7801.7439384205845,1.0099986147595286,0.9771553830224743,119699397.45607331,5151804.300980559,228091.99469022773,349378.61366148834,2.410651433125501,1.0,-0.6741542932996747,-0.6506213863385117,-0.5178697133748998,-0.0033401451274560606,-3.742413995017987,846.6186431046945,1.0
3,8,0.5,0.4,0.65,-1.480206380641981,7830.4478202155515,0.9341275736650453,1.001107344121397,157246304.20035937,2246093.522765398,242944.40161595077,370970.2837049443,2.243873920725356,1.0,-0.6529365691200704,-0.6290297162950557,-0.5512252158549288,-0.0033401451274560606,-3.742413995017987,6452.99678055249,1.0
3,9,0.5,0.4,0.65,-2.7857373230846263,7810.95451266615,0.8987448627677581,1.1238202899788543,89266613.74781065,2861355.848820002,387412.29510260065,592175.8812969042,2.1987652275596408,1.0,-0.44655386413914194,-0.4078241187030958,-0.5602469544880718,-0.0033401451274560606,-3.742413995017987,538.9002455214063,1.0
3,10,0.5,0.4,0.65,-2.717538269220693,7821.409676137033,1.0536726593315942,0.9846624290045021,78416302.79986311,2652913.190123268,377971.93377965264,577861.0473710899,2.6292781483644894,1.0,-0.4600400946004962,-0.4221389526289101,-0.4741443703271021,-0.0033401451274560606,-3.742413995017987,483.70128525691484,1.0
3,11,0.5,0.4,0.65,-1.4851005326445845,7721.6866387194395,0.9932622646711188,0.9720891187501443,160410517.82473063,19031740.187997654,227202.1455647013,347691.3026057203,2.4290975116429747,1.0,-0.675425506336141,-0.6523086973942798,-0.5141804976714051,-0.0033401451274560606,-3.742413995017987,2933.4232787417573,1.0
3,12,0.5,0.4,0.65,-2.290905575244519,7859.717385683056,0.956097141834271,1.075272417277323,126325507.44725317,5120029.9350093575,250061.80924978573,381782.518542875,2.1987926580521675,1.0,-0.6427688439288776,-0.618217481457125,-0.5602414683895665,-0.0033401451274560606,-3.742413995017987,859.0560992392604,1.0
3,13,0.5,0.4,0.65,-2.1150204391671887,7749.526991211809,0.9894040475604723,1.0156144946392693,98657113.26486391,3782487.6603612336,289339.8410251639,442288.55412745674,2.4247934672816127,1.0,-0.5866573699640516,-0.5577114458725433,-0.5150413065436774,-0.0033401451274560606,-3.742413995017987,659.6150493313783,1.0
3,14,0.5,0.4,0.65,-2.3911911872269576,7869.040626804687,0.9255356239956005,1.051268078709079,123165241.84365305,4700340.40728038,275183.194273639,420180.39126376796,2.168420115698531,1.0,-0.6068811510376586,-0.5798196087362321,-0.5663159768602938,-0.0033401451274560606,-3.742413995017987,802.569336516149,1.0
3,15,0.5,0.4,0.65,-2.472990402789062,7806.088796741337,1.0817500464082297,0.947694485126038,82797219.50034674,2977121.717296577,339441.03937212366,518924.0806440617,2.603407707722019,1.0,-0.5150842294683947,-0.48107591935593835,-0.4793184584555962,-0.0033401451274560606,-3.742413995017987,528.3687763109356,1.0
3,16,0.5,0.4,0.65,-1.3998773652256398,7815.636376606374,0.9745871928052996,1.004917866163551,151893286.82668746,2208956.101446092,234721.19192795834,358416.2605769933,2.3001083760697796,1.0,-0.664684011531488,-0.6415837394230067,-0.5399783247860441,-0.0033401451274560606,-3.742413995017987,6420.000265551634,1.0
3,17,0.5,0.4,0.65,-1.5577799629558093,7814.006254420121,1.037821150382398,1.0084982818237551,141415006.37747958,1646203.212758036,273126.349507372,417531.6622802616,2.5015984140212937,1.0,-0.6098195007037542,-0.5824683377197385,-0.49968031719574124,-0.0033401451274560606,-3.742413995017987,6140.382091094647,1.0
3,18,0.5,0.4,0.65,-1.1298512797389793,7849.836666728625,1.050556407049035,0.9312533958522276,146135224.67987016,2345743.561287136,229208.1717964799,351113.8247745765,2.531232406133322,1.0,-0.6725597545764573,-0.6488861752254235,-0.4937535187733356,-0.0033401451274560606,-3.742413995017987,6566.277402772783,1.0
3,19,0.5,0.4,0.65,-1.6847843293820166,7853.871015297021,0.9974357599395881,1.0265311896642708,146274714.91723615,1661532.7883768778,278796.8589592037,426105.25311144145,2.4043807063717226,1.0,-0.6017187729154233,-0.5738947468885586,-0.5191238587256555,-0.0033401451274560606,-3.742413995017987,6220.855750531784,1.0
3,20,0.5,0.4,0.65,-2.0728866707993254,7824.748621343928,0.9531352398790898,0.9711252651135243,130548955.86527796,5678664.41024719,243658.60329479325,373120.1135109941,2.3633424958836264,1.0,-0.6519162810074381,-0.6268798864890058,-0.5273315008232747,-0.0033401451274560606,-3.742413995017987,923.6777709413733,1.0
3,21,0.5,0.4,0.65,-2.1899874315711076,7818.184158755908,1.0283895505761786,1.0344119805836738,110236817.5485906,4422176.827191565,248311.83044734906,379166.82179383095,2.3295901511350094,1.0,-0.6452688136466442,-0.620833178206169,-0.5340819697729982,-0.0033401451274560606,-3.742413995017987,749.8827963738885,1.0
3,22,0.5,0.4,0.65,-2.646199748827213,7846.193159821134,1.0027806010339728,1.0576583216707058,90699682.61363867,3121852.2683489216,345181.10548576905,527456.591688362,2.375298225232769,1.0,-0.5068841350203299,-0.47254340831163805,-0.5249403549534463,-0.0033401451274560606,-3.742413995017987,565.482289075232,1.0
3,23,0.5,0.4,0.65,-2.5205443883300678,7870.256725350028,0.9430187308281237,1.0726822720932945,111356676.37565427,4017039.88837,306596.60701534175,468215.20826123527,2.148717942883393,1.0,-0.5620048471209403,-0.5317847917387647,-0.5702564114233214,-0.0033401451274560606,-3.742413995017987,706.4449296426262,1.0
3,24,0.5,0.4,0.65,-1.9405986830163289,7787.36895694096,1.0215522053366703,0.9945489070053791,121790559.27672209,5460187.335682997,231908.05215098275,355167.8254208947,2.4162364931382565,1.0,-0.6687027826414532,-0.6448321745791054,-0.5167527013723487,-0.0033401451274560606,-3.742413995017987,889.7157299988656,1.0
3,25,0.5,0.4,0.65,-1.8859579288672168,7766.948883873104,1.0726690567268786,1.047859436285273,115714514.60559645,5257907.506524789,219849.24453483577,336730.16368692036,2.3897814883924644,1.0,-0.6859296506645203,-0.6632698363130796,-0.5220437023215071,-0.0033401451274560606,-3.742413995017987,862.7790810161182,1.0
3,26,0.5,0.4,0.65,-1.9917938905263177,7733.324000236789,1.0054344902407693,1.0334945168989687,101468990.4385283,4058167.150426713,269149.32574695034,411414.0792203617,2.3968546837383005,1.0,-0.6155009632186423,-0.5885859207796382,-0.5206290632523399,-0.0033401451274560606,-3.742413995017987,699.7642542550201,1.0
3,27,0.5,0.4,0.65,-1.7478354773043494,7885.337981037891,1.0559197224528105,0.9865224045622689,137536488.163601,1641525.5618414802,297797.91213681706,455166.2240573987,2.5811514859156155,1.0,-0.5745744112331185,-0.5448337759426013,-0.4837697028168769,-0.0033401451274560606,-3.742413995017987,6233.296911934072,1.0
3,28,0.5,0.4,0.65,-2.50814700447163,7826.679767696802,0.9384952929603866,1.0254122376003763,99108373.90045393,3441853.4175505335,328466.3114510378,501869.9326493067,2.342004294843216,1.0,-0.5307624122128031,-0.49813006735069326,-0.5315991410313569,-0.0033401451274560606,-3.742413995017987,616.5489699138922,1.0
3,29,0.5,0.4,0.65,-1.1801431234813995,7879.536260523804,0.9735413069341418,1.0891785494981556,167531622.66393065,3489984.7806418077,250673.85033549904,383761.12423585326,2.2141714561625165,1.0,-0.6418944995207156,-0.6162388757641467,-0.5571657087674967,-0.0033401451274560606,-3.742413995017987,6871.968074918869,1.0
3,30,0.5,0.4,0.65,-2.594165457165536,7929.833396895604,0.9992427684060857,0.9268870626695572,107426050.78248987,3855823.377339772,307385.8116728665,469405.75325139525,2.5240824789744516,1.0,-0.560877411895905,-0.5305942467486048,-0.4951835042051097,-0.0033401451274560606,-3.742413995017987,661.3684978143308,1.0
3,31,0.5,0.4,0.65,-1.4154022974693168,7744.624421462718,1.0441796532071748,0.9879887520028013,142419789.14040947,1533548.0508228736,270957.84265288874,414387.3524887723,2.542718727494222,1.0,-0.6129173676387304,-0.5856126475112278,-0.4914562545011556,-0.0033401451274560606,-3.742413995017987,5855.783015113711,1.0
3,32,0.5,0.4,0.65,-2.5992052745839986,7797.881759982821,0.9784699076923341,1.0028403841545857,84756959.39353023,2865399.231737003,368455.6382834674,563310.9247224282,2.335953420313385,1.0,-0.4736348024521895,-0.4366890752775718,-0.5328093159373231,-0.0033401451274560606,-3.742413995017987,522.4967994639604,1.0
3,33,0.5,0.4,0.65,-3.1880682277007,7842.044533416776,1.0482955014454927,0.9519299129509257,68220082.18055205,2100474.5882761427,451727.1149622475,690744.6969389875,3.7598536173267494,1.0,-0.35467555005393214,-0.3092553030610125,-0.24802927653465012,-0.0033401451274560606,-3.742413995017987,394.0564757457212,1.0
3,34,0.5,0.4,0.65,-1.9143747239957272,7827.955451258171,1.0137934112117306,0.9496106724540067,145538550.2527723,9332169.065271197,262485.99924986414,401676.80591582065,2.5315813522133443,1.0,-0.6250200010716227,-0.5983231940841793,-0.49368372955733114,-0.0033401451274560606,-3.742413995017987,1407.6884394698159,1.0
3,35,0.5,0.4,0.65,-1.3238821189563796,7894.901077640392,1.0968459874003884,0.9800647723076474,135805033.44951183,1901899.1417240326,262180.0288119381,400344.2706053303,2.5474405069081785,1.0,-0.6254571016972313,-0.5996557293946696,-0.4905118986183643,-0.0033401451274560606,-3.742413995017987,6562.6790574589695,1.0
3,36,0.5,0.4,0.65,-1.2679536796060202,7764.19279509506,1.006977017010074,1.0175457357831543,148285291.27881563,2210711.1756522227,222316.7119345312,339713.32674583787,2.338420942161204,1.0,-0.682404697236384,-0.6602866732541621,-0.5323158115677592,-0.0033401451274560606,-3.742413995017987,6297.179984145912,1.0
3,37,0.5,0.4,0.65,-0.5380913542277239,7832.238151674662,0.9586492889529026,0.9898949306693906,179719075.3864746,6902658.368613451,302001.15288339666,461986.8384117976,2.3631187016525006,1.0,-0.5685697815951476,-0.5380131615882024,-0.5273762596694999,-0.0033401451274560606,-3.742413995017987,11035.385054827719,1.0
3,38,0.5,0.4,0.65,-2.3424432909031903,7777.664953764666,1.0318232212546066,0.8457425196583682,84679557.6073941,3048881.339291884,341264.24237334117,521792.7820913125,2.721567938441873,1.0,-0.5124796537523697,-0.4782072179086875,-0.45568641231162543,-0.0033401451274560606,-3.742413995017987,533.9144898198019,1.0
3,39,0.5,0.4,0.65,-2.4016722120818326,7784.548410854211,1.0882536113562458,1.0108681889515654,83231046.94904226,3055161.184205626,330780.5208283738,505703.6057361198,2.5102051825124363,1.0,-0.5274563988166089,-0.4942963942638802,-0.49795896349751273,-0.0033401451274560606,-3.742413995017987,544.1097730596099,1.0
3,40,0.5,0.4,0.65,-1.9334567918561298,7888.606463583548,1.0416217747030831,0.9926722819501282,143212934.39304408,2059401.7122588968,308210.139047803,471389.06699602527,2.4748004356421736,1.0,-0.5596998013602814,-0.5286109330039748,-0.5050399128715652,-0.0033401451274560606,-3.742413995017987,5716.489419593842,1.0
3,41,0.5,0.4,0.65,-1.5268717695826153,7847.36570409143,1.0299755252342762,0.9974363344412872,141641762.8540196,1819594.5315068024,265251.9627473968,405243.12840831006,2.4668147526921214,1.0,-0.621068624646576,-0.59475687159169,-0.5066370494615757,-0.0033401451274560606,-3.742413995017987,6361.169660122546,1.0
3,42,0.5,0.4,0.65,-1.7944612850444681,7840.046470294924,0.9836193013477166,0.9086165139922515,147846247.50840873,1916001.882442748,303507.38116610685,464218.9148335718,2.565294527652239,1.0,-0.5664180269055616,-0.5357810851664282,-0.4869410944695522,-0.0033401451274560606,-3.742413995017987,5696.211977075101,1.0
3,43,0.5,0.4,0.65,-2.876160682139804,7759.535215483436,1.015247654706794,1.0076227438893504,70018939.40654358,2249066.0594237307,429963.31205585063,657606.7403517768,3.5879082594705025,1.0,-0.38576669706307054,-0.34239325964822315,-0.2824183481058995,-0.0033401451274560606,-3.742413995017987,421.04086499809523,1.0
3,44,0.5,0.4,0.65,-1.9600217008240772,7920.022241469413,1.025335186366291,0.8967050995168053,141148892.28489962,1743199.2811662685,320318.30165033747,489800.806120035,2.646583920418538,1.0,-0.5424024262138036,-0.510199193879965,-0.4706832159162924,-0.0033401451274560606,-3.742413995017987,5986.122570171517,1.0
3,45,0.5,0.4,0.65,-2.0256344985099632,7799.403491573221,0.8918803550486916,1.0396319896468964,138207483.87877172,6001393.691493594,242446.7484798934,371229.1239935308,2.17865368258434,1.0,-0.6536475021715809,-0.6287708760064691,-0.564269263483132,-0.0033401451274560606,-3.742413995017987,983.900983313331,1.0
3,46,0.5,0.4,0.65,-2.1421587314137733,7978.685057363715,0.9915155076788469,1.101817326261727,148645907.61107707,1720499.6357136855,315252.06146951544,481906.431733099,2.290007080456147,1.0,-0.5496399121864065,-0.518093568266901,-0.5419985839087705,-0.0033401451274560606,-3.742413995017987,6084.114085540106,1.0
3,47,0.5,0.4,0.65,-2.42616968171388,7843.429470164558,0.9948291501150404,0.9673868381189956,100311080.71946734,3635334.2495887103,302980.42333973554,462805.6910333137,2.51429287558231,1.0,-0.5671708238003778,-0.5371943089666863,-0.497141424883538,-0.0033401451274560606,-3.742413995017987,634.1359488382062,1.0
3,48,0.5,0.4,0.65,-2.1990924922508843,7790.88637220179,1.0018759733553713,0.9814901286637244,102024645.03140464,3900027.291178457,277509.8377257631,424033.5083476892,2.4778996290547686,1.0,-0.6035573746774813,-0.5759664916523108,-0.5044200741890463,-0.0033401451274560606,-3.742413995017987,672.7739517848945,1.0
3,49,0.5,0.4,0.65,-2.22761107554643,7836.304385167563,0.9446358365694124,0.9622858383034997,119553618.9070419,4676427.892010971,253756.46569236723,387460.88811028487,2.318669193812103,1.0,-0.6374907632966182,-0.6125391118897151,-0.5362661612375794,-0.0033401451274560606,-3.742413995017987,786.394383048197,1.0
3,50,0.5,0.4,0.65,-1.0124945956581437,7862.794974389018,0.9825843491283689,1.0430357734833346,170819845.11712465,4286706.882947182,260695.1752695361,399024.6226615418,2.3049040233374503,1.0,-0.6275783210435198,-0.6009753773384582,-0.53901919533251,-0.0033401451274560606,-3.742413995017987,6947.860060847281,1.0
3,51,0.5,0.4,0.65,-2.0604489977312914,7789.458218768182,0.976340653065025,1.038482722525763,118365382.76838595,4880716.666103896,230810.86950949917,352417.20443391125,2.2573030585194354,1.0,-0.6702701864150011,-0.6475827955660888,-0.5485393882961129,-0.0033401451274560606,-3.742413995017987,820.0843367252119,1.0
3,52,0.5,0.4,0.65,-2.948742527010138,7899.394375041036,0.9610532890307297,0.9381724543723113,86049018.41927545,2712173.564082668,401548.7770929952,613614.3014603857,2.4256112464710022,1.0,-0.42635888986714976,-0.38638569853961435,-0.5148777507057996,-0.0033401451274560606,-3.742413995017987,497.0320954228855,1.0
3,53,0.5,0.4,0.65,-2.0956393725696962,7857.783221884723,1.0214710264267637,1.0229783103371661,135208024.67942506,6697741.008567866,254277.32576042664,389241.8801504416,2.383868129730206,1.0,-0.6367466774851048,-0.6107581198495584,-0.5232263740539589,-0.0033401451274560606,-3.742413995017987,1057.975779377671,1.0
3,54,0.5,0.4,0.65,-2.3368540039181447,7809.585515403929,1.1106440459915552,0.9238922402190792,87223451.02187349,3283497.7553732265,307190.08061473205,469542.8801949378,2.764261855709829,1.0,-0.5611570276932399,-0.5304571198050622,-0.44714762885803416,-0.0033401451274560606,-3.742413995017987,569.8257665706908,1.0
3,55,0.5,0.4,0.65,-1.7785274515145275,7807.102628790817,0.9636406310428435,0.9569832917209924,150739484.1954844,7137902.935423789,302413.16774413834,462673.2691329315,2.4057688565042907,1.0,-0.5679811889369453,-0.5373267308670685,-0.5188462286991419,-0.0033401451274560606,-3.742413995017987,4658.613335368032,1.0
3,56,0.5,0.4,0.65,-2.1585841443421834,7877.473085450335,1.017617266285769,1.0213794009777188,136163095.30354857,6720857.4383162465,256856.85167793828,393188.95777036273,2.3753692900546857,1.0,-0.6330616404600882,-0.6068110422296372,-0.5249261419890628,-0.0033401451274560606,-3.742413995017987,1060.6974698386882,1.0
3,57,0.5,0.4,0.65,-1.8675222955781103,7794.053670456496,0.9156826833322094,0.9753052716776519,148414429.4288631,7950890.343878381,265229.2102856261,405940.6072332785,2.3293072684841416,1.0,-0.6211011281633912,-0.5940593927667216,-0.5341385463031717,-0.0033401451274560606,-3.742413995017987,1234.8706833024198,1.0
3,58,0.5,0.4,0.65,-1.8372814088242213,7778.617993524964,1.0683122415484134,1.0128522704657437,125033183.80967426,6175225.158159634,239621.10078477443,366859.9234312527,2.471013504733819,1.0,-0.6576841417360366,-0.6331400765687473,-0.5057972990532362,-0.0033401451274560606,-3.742413995017987,984.1253809725954,1.0
3,59,0.5,0.4,0.65,-1.610873595635946,7866.294787542555,1.0342197013559038,0.9606391495219309,139097883.83354452,1726182.9688352086,282243.1559956314,431261.7659955309,2.581590836410296,1.0,-0.5967954914348123,-0.5687382340044691,-0.4836818327179408,-0.0033401451274560606,-3.742413995017987,6336.716911929837,1.0
4,0,0.45,0.45,0.25,-2.2608478279245143,7853.014085025692,1.010981445100528,1.061365077556289,193357174.79412517,6977118.158025017,334129.9887563217,535380.7689190629,2.0054560801549353,0.0,-0.5226714446338261,-0.46461923108093706,-0.5989087839690129,-0.0019248968618179045,0.14239320427056157,1122.9662982847226,1.0
4,1,0.45,0.45,0.25,-1.6959674404494893,7770.73630175272,0.9187952688024181,0.9653143373041384,231726618.80074245,1502578.2510292993,326554.8663801622,522617.803585996,2.0395539893090975,0.0,-0.5334930480283397,-0.47738219641400403,-0.5920892021381805,-0.0019248968618179045,0.14239320427056157,5855.543175364496,1.0
4,2,0.45,0.45,0.25,-1.6074877696621768,7874.436257517294,0.9667838396610273,1.0529759800097251,253995626.94580925,13544469.862612825,359426.58631378284,575533.5903279781,2.0065635835556117,0.0,-0.48653344812316734,-0.42446640967202187,-0.5986872832888777,-0.0019248968618179045,0.14239320427056157,8302.935976183977,1.0
4,3,0.45,0.45,0.25,-1.817895547234295,7911.994786459223,0.9485528782998618,1.0297043132087698,253067250.49046364,5348748.332047406,361476.6821367784,579068.2986534173,1.944590352231105,0.0,-0.4836047398046022,-0.42093170134658275,-0.611081929553779,-0.0019248968618179045,0.14239320427056157,7155.811303313036,1.0
4,4,0.45,0.45,0.25,-1.7230716656083058,7892.428466678374,0.9697315792529996,1.0673105806651373,252591484.4068702,6830142.881559068,363982.16640378727,582971.128140452,1.9379754524244799,0.0,-0.4800254765660182,-0.417028871859548,-0.6124049095151041,-0.0019248968618179045,0.14239320427056157,7344.697292833672,1.0
4,5,0.45,0.45,0.25,-1.6497266865271472,7822.935159942529,1.0638163294045146,0.9994769214740039,224139268.68206984,3452406.674353922,303554.77889168204,486554.2381821983,2.207481595170105,0.0,-0.5663503158690256,-0.5134457618178017,-0.558503680965979,-0.0019248968618179045,0.14239320427056157,6583.323509163092,1.0
4,6,0.45,0.45,0.25,-2.282577825537979,7834.563892740656,0.985887760682283,0.9426014352016753,176968430.60412303,5494242.287679093,320813.92789927416,512422.5010710827,2.1456996260102104,0.0,-0.5416943887153226,-0.4875774989289173,-0.570860074797958,-0.0019248968618179045,0.14239320427056157,913.871630519189,1.0
4,7,0.45,0.45,0.25,-2.0202642097010854,7801.7439384205845,1.0099986147595286,0.9771553830224743,195371451.17757648,7514229.363678205,337159.62933242106,540159.3357360405,2.1593396096640127,0.0,-0.51834338666797,-0.45984066426395953,-0.5681320780671975,-0.0019248968618179045,0.14239320427056157,1187.203519005103,1.0
4,8,0.45,0.45,0.25,-1.480206380641981,7830.4478202155515,0.9341275736650453,1.001107344121397,248313962.22882292,12582304.812603695,412057.2313049506,659821.4199233573,1.9498580617368086,0.0,-0.4113468124214991,-0.3401785800766427,-0.6100283876526383,-0.0019248968618179045,0.14239320427056157,9985.701136038384,1.0
4,9,0.45,0.45,0.25,-2.7857373230846263,7810.95451266615,0.8987448627677581,1.1238202899788543,143072349.96919116,3585229.6078230077,475032.04465733015,759279.0044396981,1.8418837160331796,0.0,-0.32138279334667125,-0.24072099556030194,-0.6316232567933641,-0.0019248968618179045,0.14239320427056157,675.0720216400698,1.0
4,10,0.45,0.45,0.25,-2.717538269220693,7821.409676137033,1.0536726593315942,0.9846624290045021,121804996.46763533,3170433.9950723057,465478.9095114002,744421.2946425456,2.2314183493449975,0.0,-0.33503012926942827,-0.25557870535745436,-0.5537163301310005,-0.0019248968618179045,0.14239320427056157,577.218033165261,1.0
4,11,0.45,0.45,0.25,-1.4851005326445845,7721.6866387194395,0.9932622646711188,0.9720891187501443,221880602.15024167,1651005.1267749271,306612.8063863249,490704.9517613284,2.1362619022454368,0.0,-0.561981705162393,-0.5092950482386717,-0.5727476195509127,-0.0019248968618179045,0.14239320427056157,5872.206069623607,1.0
4,12,0.45,0.45,0.25,-2.290905575244519,7859.717385683056,0.956097141834271,1.075272417277323,203348187.49956593,7586598.237268374,351165.69777560275,562609.0805593091,1.8930268172455715,0.0,-0.49833471746342467,-0.4373909194406909,-0.6213946365508857,-0.0019248968618179045,0.14239320427056157,1211.5895826617384,1.0
4,13,0.45,0.45,0.25,-2.1150204391671887,7749.526991211809,0.9894040475604723,1.0156144946392693,158547068.64544064,4783933.371982506,330216.4003707535,527743.684570851,2.0207293082381073,0.0,-0.5282622851846379,-0.472256315429149,-0.5958541383523785,-0.0019248968618179045,0.14239320427056157,825.6030271344657,1.0
4,14,0.45,0.45,0.25,-2.3911911872269576,7869.040626804687,0.9255356239956005,1.051268078709079,200137867.8029359,6656460.64618437,340125.7477038114,545078.7740077934,1.8766646606858464,0.0,-0.5141060747088408,-0.4549212259922066,-0.6246670678628308,-0.0019248968618179045,0.14239320427056157,1089.5581558463678,1.0
4,15,0.45,0.45,0.25,-2.472990402789062,7806.088796741337,1.0817500464082297,0.947694485126038,129764419.40131202,3604896.267098725,409617.5404368543,654995.1876714759,2.4148594012843447,0.0,-0.41483208509020814,-0.3450048123285241,-0.517028119743131,-0.0019248968618179045,0.14239320427056157,636.5326205649039,1.0
4,16,0.45,0.45,0.25,-1.3998773652256398,7815.636376606374,0.9745871928052996,1.004917866163551,245599221.13732272,10187512.869355923,393970.9355708623,630815.9128714426,2.040487408877395,0.0,-0.43718437775591096,-0.3691840871285574,-0.591902518224521,-0.0019248968618179045,0.14239320427056157,10339.578147151804,1.0
4,17,0.45,0.45,0.25,-1.5577799629558093,7814.006254420121,1.037821150382398,1.0084982818237551,235638623.3792287,4692091.429404151,325694.692510045,521796.6530550477,2.164207460581195,0.0,-0.5347218678427929,-0.4782033469449523,-0.567158507883761,-0.0019248968618179045,0.14239320427056157,6807.088950332432,1.0
4,18,0.45,0.45,0.25,-1.1298512797389793,7849.836666728625,1.050556407049035,0.9312533958522276,241491735.36242282,3947979.170830156,318440.9727197412,509376.7998205357,2.318128589472973,0.0,-0.5450843246860839,-0.4906232001794643,-0.5363742821054054,-0.0019248968618179045,0.14239320427056157,11941.654952718027,1.0
4,19,0.45,0.45,0.25,-1.6847843293820166,7853.871015297021,0.9974357599395881,1.0265311896642708,243621171.0921517,4757857.303766951,335531.81919317937,537556.0675347832,2.059637221288266,0.0,-0.5206688297240295,-0.46244393246521687,-0.5880725557423468,-0.0019248968618179045,0.14239320427056157,6909.239554016243,1.0
4,20,0.45,0.45,0.25,-2.0728866707993254,7824.748621343928,0.9531352398790898,0.9711252651135243,211760819.593871,9475830.45564075,359545.265014976,575871.8540304753,2.0811026081124573,0.0,-0.4863639071214629,-0.42412814596952475,-0.5837794783775085,-0.0019248968618179045,0.14239320427056157,1455.7129711861232,1.0
4,21,0.45,0.45,0.25,-2.1899874315711076,7818.184158755908,1.0283895505761786,1.0344119805836738,180333277.99746978,6023644.551726081,307678.8650634277,493187.92376878334,2.086318298990268,0.0,-0.5604587641951032,-0.5068120762312167,-0.5827363402019464,-0.0019248968618179045,0.14239320427056157,992.4903466122348,1.0
4,22,0.45,0.45,0.25,-2.646199748827213,7846.193159821134,1.0027806010339728,1.0576583216707058,146726041.97225308,3970835.5191642693,421250.6006722929,673129.1786749659,2.054212959818328,0.0,-0.3982134276110102,-0.32687082132503414,-0.5891574080363344,-0.0019248968618179045,0.14239320427056157,713.1903946407095,1.0
4,23,0.45,0.45,0.25,-2.5205443883300678,7870.256725350028,0.9430187308281237,1.0726822720932945,183821954.80492574,5471818.234961642,367940.4221478271,587751.737164255,1.8794322188438861,0.0,-0.4743708255031041,-0.412248262835745,-0.6241135562312228,-0.0019248968618179045,0.14239320427056157,933.734731844651,1.0
4,24,0.45,0.45,0.25,-1.9405986830163289,7787.36895694096,1.0215522053366703,0.9945489070053791,198509098.91669887,8236586.181370676,338503.5818385463,542226.2700316367,2.159758584010712,0.0,-0.5164234545163624,-0.4577737299683633,-0.5680482831978576,-0.0019248968618179045,0.14239320427056157,1285.4584320018184,1.0
4,25,0.45,0.45,0.25,-1.8859579288672168,7766.948883873104,1.0726690567268786,1.047859436285273,188149116.23916468,7491319.625210788,320182.08192696725,512941.902795157,2.158084494029591,0.0,-0.5425970258186182,-0.487058097204843,-0.5683831011940818,-0.0019248968618179045,0.14239320427056157,1187.1519822074192,1.0
4,26,0.45,0.45,0.25,-1.9917938905263177,7733.324000236789,1.0054344902407693,1.0334945168989687,163301960.10916322,5169705.038707724,300420.80883842387,480032.0810048124,2.0142932792316435,0.0,-0.5708274159451088,-0.5199679189951876,-0.5971413441536713,-0.0019248968618179045,0.14239320427056157,880.1624525875809,1.0
4,27,0.45,0.45,0.25,-1.7478354773043494,7885.337981037891,1.0559197224528105,0.9865224045622689,227886089.69540802,3746271.4079363416,321967.35121206543,515993.1675267799,2.195272131972564,0.0,-0.5400466411256208,-0.4840068324732201,-0.5609455736054871,-0.0019248968618179045,0.14239320427056157,6823.940007484135,1.0
4,28,0.45,0.45,0.25,-2.50814700447163,7826.679767696802,0.9384952929603866,1.0254122376003763,161854003.4853871,4459206.597237177,397421.12997352704,634984.6879172288,1.9040081511753002,0.0,-0.4322555286092471,-0.3650153120827712,-0.61919836976494,-0.0019248968618179045,0.14239320427056157,788.5464872330989,1.0
4,29,0.45,0.45,0.25,-1.1801431234813995,7879.536260523804,0.9735413069341418,1.0891785494981556,266531123.56745476,3640464.635824126,292999.72705261456,468029.8398191469,1.9275871755094132,0.0,-0.5814289613534078,-0.5319701601808531,-0.6144825648981174,-0.0019248968618179045,0.14239320427056157,12302.34657578663,1.0
4,30,0.45,0.45,0.25,-2.594165457165536,7929.833396895604,0.9992427684060857,0.9268870626695572,177306228.50201565,5287924.126475468,365039.8671493316,583067.9241268872,2.1549050259737195,0.0,-0.47851447550095483,-0.41693207587311276,-0.5690189948052561,-0.0019248968618179045,0.14239320427056157,879.8972612744371,1.0
4,31,0.45,0.45,0.25,-1.4154022974693168,7744.624421462718,1.0441796532071748,0.9879887520028013,227219610.24776226,3955808.1612927765,305119.6284485114,488948.96682945284,2.2141739549901036,0.0,-0.5641148165021266,-0.5110510331705471,-0.5571652090019793,-0.0019248968618179045,0.14239320427056157,6497.791944059928,1.0
4,32,0.45,0.45,0.25,-2.5992052745839986,7797.881759982821,0.9784699076923341,1.0028403841545857,133050297.01673347,3476459.3401891165,448151.5675883308,716657.5528842768,2.1307068964602545,0.0,-0.3597834748738131,-0.28334244711572315,-0.5738586207079491,-0.0019248968618179045,0.14239320427056157,632.8857523485476,1.0
4,33,0.45,0.45,0.25,-3.1880682277007,7842.044533416776,1.0482955014454927,0.9519299129509257,103067668.75517647,2416398.247978359,573843.6507140481,918058.672853622,2.9952705260690564,0.0,-0.18022335612278848,-0.081941327146378,-0.4009458947861887,-0.0019248968618179045,0.14239320427056157,455.3847381021515,1.0
4,34,0.45,0.45,0.25,-1.9143747239957272,7827.955451258171,1.0137934112117306,0.9496106724540067,210455221.57919264,2573294.0620124773,367073.9395559024,587609.8512414871,2.2650362730413667,0.0,-0.4756086577772823,-0.41239014875851293,-0.5469927453917267,-0.0019248968618179045,0.14239320427056157,5448.21059177204,1.0
4,35,0.45,0.45,0.25,-1.3238821189563796,7894.901077640392,1.0968459874003884,0.9800647723076474,232698751.8650399,6005219.18240168,372989.09510409157,597065.7642670022,2.3181990767870078,0.0,-0.46715843556558345,-0.40293423573299775,-0.5363601846425985,-0.0019248968618179045,0.14239320427056157,11385.316260753283,1.0
4,36,0.45,0.45,0.25,-1.2679536796060202,7764.19279509506,1.006977017010074,1.0175457357831543,243684932.04401737,12362679.059391618,371647.70554661844,595062.1723412739,2.1113599004512893,0.0,-0.4690747063619737,-0.40493782765872616,-0.5777280199097421,-0.0019248968618179045,0.14239320427056157,9855.1663180857,1.0
4,37,0.45,0.45,0.25,-0.5380913542277239,7832.238151674662,0.9586492889529026,0.9898949306693906,276703283.45584464,4247235.118002379,352800.74758102867,565114.3834418815,2.0572347215119797,0.0,-0.4959989320271019,-0.43488561655811847,-0.5885530556976041,-0.0019248968618179045,0.14239320427056157,12801.984277695079,1.0
4,38,0.45,0.45,0.25,-2.3424432909031903,7777.664953764666,1.0318232212546066,0.8457425196583682,131542493.53229237,3645699.762971307,413379.2414276278,661217.8099468459,2.524687326806887,0.0,-0.4094582265319603,-0.33878219005315413,-0.4950625346386226,-0.0019248968618179045,0.14239320427056157,635.3952480004034,1.0
4,39,0.45,0.45,0.25,-2.4016722120818326,7784.548410854211,1.0882536113562458,1.0108681889515654,130642942.36293739,3708246.310904995,397889.987179739,636284.7670588891,2.3108151254910028,0.0,-0.43158573260037286,-0.36371523294111086,-0.5378369749017995,-0.0019248968618179045,0.14239320427056157,657.5559387741561,1.0
4,40,0.45,0.45,0.25,-1.9334567918561298,7888.606463583548,1.0416217747030831,0.9926722819501282,220932100.87352365,2372798.3759907866,296316.39820945525,473338.3709966942,2.1368366932412672,0.0,-0.5766908597007783,-0.5266616290033058,-0.5726326613517465,-0.0019248968618179045,0.14239320427056157,6416.583489819098,1.0
4,41,0.45,0.45,0.25,-1.5268717695826153,7847.36570409143,1.0299755252342762,0.9974363344412872,246033442.78830338,7971192.315141578,348350.49971134996,557869.2044852065,2.1803943784211355,0.0,-0.5023564289837857,-0.4421307955147935,-0.5639211243157729,-0.0019248968618179045,0.14239320427056157,7407.121168056555,1.0
4,42,0.45,0.45,0.25,-1.7944612850444681,7840.046470294924,0.9836193013477166,0.9086165139922515,227884799.4997737,2668617.799989884,296199.57231654524,475021.72250848816,2.1988917623311774,0.0,-0.5768577538335068,-0.5249782774915118,-0.5602216475337645,-0.0019248968618179045,0.14239320427056157,6388.225266842285,1.0
4,43,0.45,0.45,0.25,-2.876160682139804,7759.535215483436,1.015247654706794,1.0076227438893504,105233566.13825814,2567666.31518677,546679.6180549032,874883.024531526,2.935064726534788,0.0,-0.21902911706442396,-0.12511697546847397,-0.4129870546930424,-0.0019248968618179045,0.14239320427056157,483.0655920130929,1.0
4,44,0.45,0.45,0.25,-1.9600217008240772,7920.022241469413,1.025335186366291,0.8967050995168053,219894793.58847713,2519020.7513674665,318253.5489404366,508364.49784373306,2.26522615256358,0.0,-0.5453520729422334,-0.49163550215626695,-0.5469547694872839,-0.0019248968618179045,0.14239320427056157,6573.288788381158,1.0
4,45,0.45,0.45,0.25,-2.0256344985099632,7799.403491573221,0.8918803550486916,1.0396319896468964,219746180.86361206,9642037.534625717,363024.6080711444,581447.6035935192,1.875668058654658,0.0,-0.4813934170412223,-0.4185523964064808,-0.6248663882690684,-0.0019248968618179045,0.14239320427056157,1495.578398310258,1.0
4,46,0.45,0.45,0.25,-2.1421587314137733,7978.685057363715,0.9915155076788469,1.101817326261727,239434544.63105786,2870825.8987783985,340411.100541187,543735.5210796491,1.9210821407270902,0.0,-0.5136984277983043,-0.4562644789203509,-0.615783571854582,-0.0019248968618179045,0.14239320427056157,6773.36662449456,1.0
4,47,0.45,0.45,0.25,-2.42616968171388,7843.429470164558,0.9948291501150404,0.9673868381189956,163500087.96716768,4736140.360701197,363265.42365497025,580334.8903779469,2.0846246733581486,0.0,-0.4810493947786139,-0.4196651096220531,-0.5830750653283703,-0.0019248968618179045,0.14239320427056157,811.9309611101036,1.0
4,48,0.45,0.45,0.25,-2.1990924922508843,7790.88637220179,1.0018759733553713,0.9814901286637244,165414673.04003012,5048738.381563311,324075.33207767905,517690.0368582816,2.0896782590526586,0.0,-0.5370352398890299,-0.4823099631417184,-0.5820643481894683,-0.0019248968618179045,0.14239320427056157,856.6547971346657,1.0
4,49,0.45,0.45,0.25,-2.22761107554643,7836.304385167563,0.9446358365694124,0.9622858383034997,195485278.1883125,6564060.630419494,335484.2685661077,537651.5063374842,2.0581377281129885,0.0,-0.5207367591912747,-0.4623484936625158,-0.5883724543774023,-0.0019248968618179045,0.14239320427056157,1065.2260303486905,1.0
4,50,0.45,0.45,0.25,-1.0124945956581437,7862.794974389018,0.9825843491283689,1.0430357734833346,264802242.83537382,3552047.9716266585,296640.21202143957,475566.57409617346,2.0162818133396385,0.0,-0.5762282685408007,-0.5244334259038265,-0.5967436373320723,-0.0019248968618179045,0.14239320427056157,12427.5799868052,1.0
4,51,0.45,0.45,0.25,-2.0604489977312914,7789.458218768182,0.976340653065025,1.038482722525763,192671452.1323942,6747733.281905095,320163.6218791746,513057.56071733934,2.015468658771167,0.0,-0.5426233973154648,-0.4869424392826607,-0.5969062682457665,-0.0019248968618179045,0.14239320427056157,1097.9790849921842,1.0
4,52,0.45,0.45,0.25,-2.948742527010138,7899.394375041036,0.9610532890307297,0.9381724543723113,137084604.06681406,3363937.165179722,498211.4216892985,796296.2293250475,2.2517778756356432,0.0,-0.2882693975867164,-0.20370377067495254,-0.5496444248728714,-0.0019248968618179045,0.14239320427056157,613.3949357199608,1.0
4,53,0.45,0.45,0.25,-2.0956393725696962,7857.783221884723,1.0214710264267637,1.0229783103371661,202590407.7076912,14026488.086976126,386923.7468607603,619558.1628908247,2.0820226871897938,0.0,-0.4472517901989138,-0.3804418371091753,-0.5835954625620412,-0.0019248968618179045,0.14239320427056157,3679.8710455718046,1.0
4,54,0.45,0.45,0.25,-2.3368540039181447,7809.585515403929,1.1106440459915552,0.9238922402190792,138209697.85427564,4053742.1213196237,361436.1448471988,577683.5730828764,2.4789609537250055,0.0,-0.4836626502182874,-0.4223164269171236,-0.5042078092549989,-0.0019248968618179045,0.14239320427056157,696.9671627485403,1.0
4,55,0.45,0.45,0.25,-1.7785274515145275,7807.102628790817,0.9636406310428435,0.9569832917209924,227478389.02246338,1867086.5410173698,307312.17431063147,491653.6293435818,2.091849533977321,0.0,-0.5609826081276693,-0.5083463706564182,-0.5816300932045358,-0.0019248968618179045,0.14239320427056157,6061.106537100043,1.0
4,56,0.45,0.45,0.25,-2.1585841443421834,7877.473085450335,1.017617266285769,1.0213794009777188,198438504.338934,12589352.429926757,410754.9217351966,657743.82303046,2.1199394493607424,0.0,-0.4132072546640048,-0.34225617696953997,-0.5760121101278515,-0.0019248968618179045,0.14239320427056157,3882.4473378890234,1.0
4,57,0.45,0.45,0.25,-1.8675222955781103,7794.053670456496,0.9156826833322094,0.9753052716776519,213204829.78832063,7547654.656427951,407478.14793647855,652460.8602834044,1.9811910169702447,0.0,-0.4178883600907449,-0.34753913971659567,-0.6037617966059511,-0.0019248968618179045,0.14239320427056157,4614.554623032526,1.0
4,58,0.45,0.45,0.25,-1.8372814088242213,7778.617993524964,1.0683122415484134,1.0128522704657437,205995852.99812227,11804777.567272495,330591.0375515071,529380.4554929244,2.237052752582813,0.0,-0.5277270892121327,-0.47061954450707555,-0.5525894494834374,-0.0019248968618179045,0.14239320427056157,1766.269837250349,1.0
4,59,0.45,0.45,0.25,-1.610873595635946,7866.294787542555,1.0342197013559038,0.9606391495219309,238619051.0299187,5432028.417556735,347484.5544585335,556624.4784776246,2.2154635494392485,0.0,-0.5035934936306665,-0.4433755215223754,-0.5569072901121503,-0.0019248968618179045,0.14239320427056157,7072.956585229987,1.0
