design,quantity,mc,mc_se,surrogate,diff_pct,diff_in_se
det_knee,E[Qs],117.42150065228692,1.3797947790750646,117.35170770590311,0.05947331125229364,0.05058212093728808
det_knee,sd[Qs],23.898746613762867,,24.836762989365173,-3.776725558012347,
det_knee,E[sg],4437.955620021505,181.26810124811382,5886.795046892837,-24.611684547027963,-7.992798605465658
det_knee,Pexc_q_stag_max,0.0,,4.0051679178182654e-05,,
det_knee,Pexc_q_shldr_max,0.0,,0.00012377757233697856,,
det_knee,Pexc_n_max,0.0,,0.0006179102192703903,,
rob_knee,E[Qs],166.42665954129743,2.09062122869271,164.1459555748635,1.3894365891907325,1.0909216529194383
rob_knee,sd[Qs],36.210621874778475,,37.25788883019031,-2.8108596281043927,
rob_knee,E[sg],5093.719425271231,179.9743079720571,5585.622920743614,-8.806600489366652,-2.7331873144291023
rob_knee,Pexc_q_stag_max,0.0,,0.000954573359726548,,
rob_knee,Pexc_q_shldr_max,0.0,,0.00317934540552729,,
rob_knee,Pexc_n_max,0.0,,0.0006164126980620938,,
rob_matched,E[Qs],109.87793382930089,1.3090280958270208,110.5634454637229,-0.6200165267524497,-0.5236798481310819
rob_matched,sd[Qs],22.673031705075413,,23.91551998712618,-5.195322044929839,
rob_matched,E[sg],4144.053041434551,160.69403793206024,5765.928372693167,-28.128606989633234,-10.092940299031678
rob_matched,Pexc_q_stag_max,0.0,,1.3647330668141513e-05,,
rob_matched,Pexc_q_shldr_max,0.0,,3.95502973272388e-05,,
rob_matched,Pexc_n_max,0.0,,0.0010776466115693666,,
det_fragile,E[Qs],268.3158378741448,3.8115882698895134,277.2470980183651,-3.221407981564761,-2.3431859665365113
det_fragile,sd[Qs],65.90852248843575,,66.72200722963444,-1.219215031105037,
det_fragile,E[sg],4886.71352146914,172.94374295829485,6113.522966873379,-20.06714380647306,-7.09369084084229
det_fragile,Pexc_q_stag_max,0.07357859531772576,,0.06795500838174222,,
det_fragile,Pexc_q_shldr_max,0.09698996655518395,,0.09969914035080572,,
det_fragile,Pexc_n_max,0.0033444816053511705,,0.002465730463916904,,
rob_floor,E[Qs],79.98298187027925,0.8906995503208883,82.31384307398044,-2.8316758356262186,-2.616888268172428
rob_floor,sd[Qs],15.427368754345306,,16.360116608603363,-5.7013521148593105,
rob_floor,E[sg],4456.021269375005,173.3097086570042,5099.0196016801865,-12.610234565352634,-3.7101114374252036
rob_floor,Pexc_q_stag_max,0.0,,7.504321135347453e-07,,
rob_floor,Pexc_q_shldr_max,0.0,,2.004305653614579e-06,,
rob_floor,Pexc_n_max,0.0,,0.00035264689807409987,,
